Record_ID,Date,Units_Sold,Price,Revenue,Cost,Profit,Price_Zscore,Is_Outlier,Is_Loss,Is_Zero_Units,Profit_Margin_Pct,Price_Tier,Unit_Tier,Model_ID,Region_ID
509,2023-10-02,8.0,52100.0,416800.0,294901.44,121898.56,-0.15323748916546223,0,0,0,0.2924629558541267,45K-60K,4-8,1,1
1435,2024-12-27,7.0,52300.0,366100.0,260809.37,105290.63,-0.14252766701506392,0,0,0,0.28760073750341436,45K-60K,4-8,1,1
915,2024-04-13,3.0,74400.0,223200.0,161471.44,61728.56,0.21362798777171255,0,0,0,0.2765616487455197,60K-80K,0-4,2,2
1550,2025-02-17,5.0,75000.0,375000.0,271360.26,103639.74,0.23733996029757615,0,0,0,0.27637264,60K-80K,4-8,2,1
1592,2025-03-07,3.0,70200.0,210600.0,151545.61,59054.39,0.0476441800906673,0,0,0,0.28041020892687557,60K-80K,0-4,2,3
1418,2024-12-21,9.0,57900.0,521100.0,372545.11,148554.89,0.1573473531960892,0,0,0,0.285079428132796,45K-60K,8-12,1,3
1900,2025-07-29,5.0,73500.0,367500.0,256191.48,111308.52,0.5526824884374427,0,0,0,0.30288032653061225,60K-80K,4-8,3,2
707,2024-01-02,4.0,138300.0,553200.0,387139.06,166060.94,1.5700830717402425,0,0,0,0.30018246565437456,110K-145K,0-4,4,4
73,2023-02-07,5.0,68300.0,341500.0,236347.24,105152.76,-0.027443732907900788,0,0,0,0.30791437774524155,60K-80K,4-8,2,1
569,2023-10-28,6.0,46600.0,279600.0,199385.97,80214.03,-1.2414653504662685,0,0,0,0.2868885193133047,45K-60K,4-8,5,2
1172,2024-08-24,6.0,38900.0,233400.0,177110.88,56289.12,-0.03991622401074496,0,0,0,0.24117017994858614,30K-45K,4-8,6,4
272,2023-06-05,9.0,52300.0,470700.0,339144.83,131555.17,-0.14252766701506392,0,0,0,0.27948835776503084,45K-60K,8-12,1,2
2079,2025-10-28,6.0,63600.0,381600.0,275629.59,105970.41,-1.1059998792165693,0,0,0,0.2777002358490566,60K-80K,4-8,3,4
1712,2025-05-01,5.0,57900.0,289500.0,211847.41,77652.59,0.1573473531960892,0,0,0,0.26823001727115714,45K-60K,4-8,1,1
1116,2024-07-29,6.0,47300.0,283800.0,203619.75,80180.25,-1.02264591818984,0,0,0,0.2825237843551797,45K-60K,4-8,5,4
1555,2025-02-20,3.0,66000.0,198000.0,143467.5,54532.5,-0.11833962759037794,0,0,0,0.27541666666666664,60K-80K,0-4,2,4
650,2023-12-06,5.0,52900.0,264500.0,188257.27,76242.73,0.7279095400215886,0,0,0,0.28825228733459357,45K-60K,4-8,5,3
1031,2024-06-16,2.0,87600.0,175200.0,120619.32,54580.68,-0.522848642748541,0,0,0,0.3115335616438356,80K-110K,0-4,7,2
2087,2025-11-04,8.0,72100.0,576800.0,416741.29,160058.71,0.3181213455368754,0,0,0,0.27749429611650483,60K-80K,4-8,3,1
503,2023-09-29,5.0,120100.0,600500.0,397207.99,203292.01,-0.992353591280766,0,0,0,0.33853790174854287,110K-145K,4-8,4,3
783,2024-02-10,2.0,75200.0,150400.0,107654.43,42745.57,0.8375067333881316,0,0,0,0.2842125664893617,60K-80K,0-4,3,2
2190,2025-12-27,1.0,161500.0,161500.0,103372.63,58127.37,0.4430146626089168,0,0,0,0.3599217956656347,145K+,0-4,8,3
1591,2025-03-06,6.0,78000.0,468000.0,323311.94,144688.06,1.3066290191892664,0,0,0,0.30916252136752137,60K-80K,4-8,3,1
872,2024-03-27,7.0,65900.0,461300.0,329355.74,131944.26,-0.12229162301135521,0,0,0,0.2860270106221548,60K-80K,4-8,2,4
394,2023-08-09,3.0,62500.0,187500.0,132893.12,54606.88,-1.290297920067015,0,0,0,0.2912366933333333,60K-80K,0-4,3,2
363,2023-07-27,3.0,60800.0,182400.0,128356.28,54043.72,-0.32384338948119584,0,0,0,0.29629232456140353,60K-80K,0-4,2,4
877,2024-03-29,9.0,56900.0,512100.0,370433.31,141666.69,0.10379824244409756,0,0,0,0.2766387229056825,45K-60K,8-12,1,3
226,2023-05-11,3.0,70300.0,210900.0,150453.71,60446.29,0.01654273323614592,0,0,0,0.28661114272166904,60K-80K,0-4,3,3
1171,2024-08-23,4.0,49400.0,197600.0,145413.26,52186.74,-0.2978200881958396,0,0,0,0.26410293522267203,45K-60K,0-4,1,3
910,2024-04-11,6.0,55000.0,330000.0,239680.75,90319.25,1.3843678368508743,0,0,0,0.27369469696969695,45K-60K,4-8,5,2
966,2024-05-12,5.0,71200.0,356000.0,247617.08,108382.92,0.16733203938651064,0,0,0,0.30444640449438204,60K-80K,4-8,3,3
819,2024-02-26,4.0,38000.0,152000.0,115003.81,36996.19,-0.07214918711144623,0,0,0,0.24339598684210528,30K-45K,0-4,6,2
847,2024-03-11,3.0,73600.0,220800.0,161172.77,59627.23,0.1820120244038944,0,0,0,0.2700508605072464,60K-80K,0-4,2,1
1070,2024-07-09,7.0,54800.0,383600.0,284339.27,99260.73,1.321847999057609,0,0,0,0.25876102711157456,45K-60K,4-8,5,3
78,2023-02-10,5.0,58300.0,291500.0,204118.75,87381.25,0.17876699749688585,0,0,0,0.2997641509433962,45K-60K,4-8,1,1
258,2023-05-26,4.0,54800.0,219200.0,154555.22,64644.78,-0.008654890135084846,0,0,0,0.29491231751824815,45K-60K,0-4,1,3
471,2023-09-15,3.0,66900.0,200700.0,143587.19,57112.81,-0.553105756665232,0,0,0,0.2845680617837568,60K-80K,0-4,3,2
259,2023-05-26,5.0,69200.0,346000.0,246072.04,99927.96,0.008124225880894623,0,0,0,0.2888091329479769,60K-80K,4-8,2,1
441,2023-08-31,3.0,36300.0,108900.0,79145.56,29754.44,-0.1330336729683264,0,0,0,0.27322718089990816,30K-45K,0-4,6,4
1721,2025-05-07,2.0,154200.0,308400.0,209647.28,98752.72,-0.28823419332396133,0,0,0,0.3202098573281453,145K+,0-4,8,2
1910,2025-08-04,2.0,37300.0,74600.0,54271.75,20328.25,-0.09721926952310278,0,0,0,0.27249664879356567,30K-45K,0-4,6,1
1164,2024-08-20,6.0,49600.0,297600.0,220571.23,77028.77,-0.30366778356728896,0,0,0,0.25883323252688173,45K-60K,4-8,5,4
1531,2025-02-07,5.0,71600.0,358000.0,261213.47,96786.53,0.10297211598434905,0,0,0,0.27035343575418996,60K-80K,4-8,2,2
931,2024-04-25,2.0,171100.0,342200.0,220864.97,121335.03,1.4046569936987292,0,0,0,0.35457343658679136,145K+,0-4,8,2
1320,2024-11-01,5.0,98700.0,493500.0,349815.08,143684.92,1.3984649016012634,0,0,0,0.29115485309017225,80K-110K,4-8,7,2
1785,2025-06-09,6.0,54300.0,325800.0,236394.33,89405.67,-0.03542944551108066,0,0,0,0.27441887661141806,45K-60K,4-8,1,1
103,2023-02-24,6.0,69000.0,414000.0,290057.18,123942.82,0.0002202350389400877,0,0,0,0.29937879227053144,60K-80K,4-8,2,1
1868,2025-07-14,7.0,58000.0,406000.0,289114.69,116885.31,0.16270226427128837,0,0,0,0.28789485221674876,45K-60K,4-8,1,2
1206,2024-09-12,4.0,55500.0,222000.0,157756.16,64243.84,1.5406674313340376,0,0,0,0.2893866666666666,45K-60K,0-4,5,1
624,2023-11-21,4.0,71100.0,284400.0,203895.22,80504.78,0.15057767203647013,0,0,0,0.28306884669479604,60K-80K,0-4,3,4
399,2023-08-11,1.0,95300.0,95300.0,65616.78,29683.22,0.8099544465751971,0,0,0,0.31147135362014694,80K-110K,0-4,7,2
1260,2024-10-09,5.0,46700.0,233500.0,166422.79,67077.21,-1.210205431569636,0,0,0,0.28726856531049255,45K-60K,4-8,5,1
318,2023-07-01,7.0,55500.0,388500.0,275884.69,112615.31,1.5406674313340376,0,0,0,0.28987209781209783,45K-60K,4-8,5,2
1383,2024-12-03,9.0,60000.0,540000.0,392365.69,147634.31,0.2698004857752716,0,0,0,0.27339687037037036,45K-60K,8-12,1,4
1198,2024-09-08,3.0,67400.0,202200.0,144149.81,58050.19,-0.0630116916966962,0,0,0,0.2870929277942631,60K-80K,0-4,2,1
2112,2025-11-15,6.0,53200.0,319200.0,227904.7,91295.3,0.8216892967114866,0,0,0,0.2860128446115288,45K-60K,4-8,5,4
710,2024-01-03,2.0,98000.0,196000.0,140420.93,55579.07,1.2773009843900145,0,0,0,0.2835666836734694,80K-110K,0-4,7,4
1925,2025-08-15,5.0,64000.0,320000.0,228965.46,91034.54,-0.1973795360099233,0,0,0,0.2844829375,60K-80K,4-8,2,1
717,2024-01-07,5.0,35500.0,177500.0,133869.59,43630.41,-0.16168519572450532,0,0,0,0.2458051267605634,30K-45K,4-8,6,3
688,2023-12-26,6.0,46300.0,277800.0,199058.51,78741.49,-1.3352451071561664,0,0,0,0.28344668826493885,45K-60K,4-8,5,1
2101,2025-11-08,5.0,52500.0,262500.0,189198.37,73301.63,-0.13181784486466558,0,0,0,0.27924430476190476,45K-60K,4-8,1,1
2005,2025-09-19,4.0,68400.0,273600.0,193467.12,80132.88,-0.30179024641462404,0,0,0,0.29288333333333333,60K-80K,0-4,3,2
2160,2025-12-11,3.0,127100.0,381300.0,259039.94,122260.06,-0.006801028580378083,0,0,0,0.3206400734329924,110K-145K,0-4,4,3
413,2023-08-17,1.0,146600.0,146600.0,97590.49,49009.51,-1.049534372103396,0,0,0,0.33430770804911325,145K+,0-4,8,4
2144,2025-12-03,7.0,52000.0,364000.0,262422.09,101577.91,0.4465702699518947,0,0,0,0.2790601923076923,45K-60K,4-8,5,3
1725,2025-05-08,6.0,50400.0,302400.0,221102.48,81297.52,-0.244270977443848,0,0,0,0.2688410052910053,45K-60K,4-8,1,3
806,2024-02-18,7.0,77200.0,540400.0,384867.48,155532.52,1.172594080388942,0,0,0,0.2878099925980755,60K-80K,4-8,3,4
508,2023-09-30,6.0,56700.0,340200.0,240738.65,99461.35,0.09308842029369924,0,0,0,0.2923614050558495,45K-60K,4-8,1,3
1669,2025-04-07,6.0,66700.0,400200.0,288757.77,111442.23,-0.09067565964353708,0,0,0,0.2784663418290855,60K-80K,4-8,2,1
1220,2024-09-18,7.0,56300.0,394100.0,288602.58,105497.42,0.0716687759929026,0,0,0,0.26769200710479574,45K-60K,4-8,1,3
2067,2025-10-20,8.0,69000.0,552000.0,386221.99,165778.01,0.0002202350389400877,0,0,0,0.30032248188405797,60K-80K,4-8,2,2
1738,2025-05-17,4.0,135700.0,542800.0,361088.36,181711.64,1.20402069130867,0,0,0,0.3347672070744289,110K-145K,0-4,4,2
1989,2025-09-14,3.0,65600.0,196800.0,138274.96,58525.04,-0.134147609274287,0,0,0,0.29738333333333333,60K-80K,0-4,2,2
122,2023-03-08,2.0,67700.0,135400.0,97084.65,38315.35,-0.41907081786490774,0,0,0,0.2829789512555391,60K-80K,0-4,3,2
1061,2024-07-04,1.0,72000.0,72000.0,50760.5,21239.5,0.30136697818683483,0,0,0,0.29499305555555555,60K-80K,0-4,3,4
1872,2025-07-16,7.0,46900.0,328300.0,237385.52,90914.48,-1.1476855937763706,0,0,0,0.2769250076149863,45K-60K,4-8,5,2
1923,2025-08-14,9.0,58400.0,525600.0,381505.28,144094.72,0.18412190857208502,0,0,0,0.27415281582952816,45K-60K,8-12,1,4
1599,2025-03-09,7.0,57900.0,405300.0,293847.74,111452.26,0.1573473531960892,0,0,0,0.274987071305206,45K-60K,4-8,1,2
1532,2025-02-07,1.0,76700.0,76700.0,53327.05,23372.95,1.0888222436387396,0,0,0,0.30473207301173405,60K-80K,0-4,3,1
1315,2024-10-30,3.0,65600.0,196800.0,136947.22,59852.78,-0.134147609274287,0,0,0,0.30412997967479677,60K-80K,0-4,2,2
635,2023-11-28,1.0,63600.0,63600.0,45921.37,17678.63,-1.1059998792165693,0,0,0,0.2779658805031447,60K-80K,0-4,3,4
1060,2024-07-03,9.0,51900.0,467100.0,331556.83,135543.17,-0.16394731131586057,0,0,0,0.2901801969599658,45K-60K,8-12,1,4
1318,2024-10-31,3.0,66800.0,200400.0,138495.24,61904.76,-0.0867236642225598,0,0,0,0.3089059880239521,60K-80K,0-4,2,1
1537,2025-02-09,7.0,53100.0,371700.0,272360.74,99339.26,-0.09968837841347061,0,0,0,0.2672565509819747,45K-60K,4-8,1,2
237,2023-05-16,2.0,48400.0,96800.0,69652.0,27148.0,-0.6787868103268808,0,0,0,0.28045454545454546,45K-60K,0-4,5,3
304,2023-06-23,4.0,39900.0,159600.0,118449.76,41150.24,-0.004101820565521324,0,0,0,0.25783358395989975,30K-45K,0-4,6,3
1855,2025-07-10,3.0,41600.0,124800.0,92721.02,32078.98,0.056782665291358864,0,0,0,0.25704310897435895,30K-45K,0-4,6,2
949,2024-05-02,10.0,49600.0,496000.0,366067.19,129932.81,-0.2871102660454413,0,0,0,0.26196131048387095,45K-60K,8-12,1,1
573,2023-10-30,4.0,72300.0,289200.0,202349.73,86850.27,0.13063608393118992,0,0,0,0.30031213692946057,60K-80K,0-4,2,1
618,2023-11-18,3.0,94600.0,283800.0,201023.07,82776.93,0.6887905293639482,0,0,0,0.29167346723044396,80K-110K,0-4,7,1
2159,2025-12-11,8.0,51100.0,408800.0,290550.75,118249.25,-0.20678659991745385,0,0,0,0.2892594178082192,45K-60K,4-8,1,3
1687,2025-04-18,6.0,68200.0,409200.0,283097.98,126102.02,-0.33529898111470513,0,0,0,0.3081672043010753,60K-80K,4-8,3,2
1178,2024-08-27,8.0,59500.0,476000.0,350605.78,125394.22,0.2430259303992758,0,0,0,0.26343323529411766,45K-60K,4-8,1,1
1797,2025-06-14,2.0,92700.0,185400.0,132790.03,52609.97,0.3599170397905583,0,0,0,0.2837646709816613,80K-110K,0-4,7,3
35,2023-01-18,5.0,61000.0,305000.0,218506.55,86493.45,-0.3159393986392413,0,0,0,0.2835850819672131,60K-80K,4-8,2,2
581,2023-11-02,7.0,38400.0,268800.0,195128.3,73671.7,-0.05782342573335678,0,0,0,0.2740762648809524,30K-45K,4-8,6,2
871,2024-03-26,8.0,56800.0,454400.0,321818.9,132581.1,0.0984433313688984,0,0,0,0.291771786971831,45K-60K,4-8,1,4
1854,2025-07-09,4.0,74800.0,299200.0,216933.08,82266.92,0.2294359694556216,0,0,0,0.27495628342245987,60K-80K,0-4,2,1
313,2023-06-29,3.0,85600.0,256800.0,183711.15,73088.85,-0.8690312633521093,0,0,0,0.2846139018691589,80K-110K,0-4,7,4
867,2024-03-24,6.0,60500.0,363000.0,260321.82,102678.18,-0.33569937574412767,0,0,0,0.28286,60K-80K,4-8,2,2
457,2023-09-06,4.0,72700.0,290800.0,206146.13,84653.87,0.14644406561509898,0,0,0,0.2911068431911967,60K-80K,0-4,2,3
1714,2025-05-01,4.0,74100.0,296400.0,211117.78,85282.22,0.20177200150878075,0,0,0,0.28772678812415653,60K-80K,0-4,2,2
728,2024-01-11,1.0,73600.0,73600.0,52283.6,21316.4,0.5694368557874833,0,0,0,0.289625,60K-80K,0-4,3,3
1662,2025-04-05,5.0,45400.0,227000.0,168908.81,58091.19,-1.6165843772258603,0,0,0,0.25590832599118946,45K-60K,4-8,5,4
1086,2024-07-16,6.0,127300.0,763800.0,512670.71,251129.29,0.021357616068204428,0,0,0,0.3287893296674522,110K-145K,4-8,4,1
541,2023-10-14,8.0,51300.0,410400.0,302794.79,107605.21,0.22775083767546614,0,0,0,0.26219593079922027,45K-60K,4-8,5,3
357,2023-07-25,2.0,96500.0,193000.0,133956.33,59043.67,1.0176640189373383,0,0,0,0.3059257512953368,80K-110K,0-4,7,3
530,2023-10-12,2.0,91600.0,183200.0,125516.52,57683.48,0.1695165984585957,0,0,0,0.3148661572052402,80K-110K,0-4,7,2
419,2023-08-23,4.0,38500.0,154000.0,112222.66,41777.34,-0.054241985388834416,0,0,0,0.27128142857142856,30K-45K,0-4,6,2
970,2024-05-14,10.0,55100.0,551000.0,409293.5,141706.5,1.415627755747507,0,0,0,0.2571805807622505,45K-60K,8-12,5,1
914,2024-04-11,8.0,50100.0,400800.0,289906.85,110893.15,-0.1473681890841257,0,0,0,0.27667951596806384,45K-60K,4-8,5,4
1551,2025-02-18,2.0,56600.0,113200.0,81829.72,31370.28,0.08773350921850008,0,0,0,0.2771226148409894,45K-60K,0-4,1,1
646,2023-12-04,5.0,48500.0,242500.0,181822.28,60677.72,-0.6475268914302481,0,0,0,0.25021740206185566,45K-60K,4-8,5,4
1727,2025-05-10,3.0,153100.0,459300.0,310327.58,148972.42,-0.398422377094669,0,0,0,0.32434665795776185,145K+,0-4,8,3
1286,2024-10-20,0.0,67500.0,202500.0,139853.58,62646.42,-0.4525795525649888,0,0,1,0.30936503703703705,60K-80K,0-4,3,2
2146,2025-12-06,7.0,40300.0,282100.0,209505.45,72594.55,0.010223940812568132,0,0,0,0.2573362282878412,30K-45K,4-8,6,3
516,2023-10-05,4.0,119100.0,476400.0,328050.59,148349.41,-1.1331468145236785,0,0,0,0.3113967464315701,110K-145K,0-4,4,3
1642,2025-03-30,6.0,59100.0,354600.0,251767.32,102832.68,0.22160628609847915,0,0,0,0.28999627749576984,45K-60K,4-8,1,4
1762,2025-05-28,8.0,54300.0,434400.0,325357.72,109042.28,1.1655484045744458,0,0,0,0.2510181399631676,45K-60K,4-8,5,2
676,2023-12-20,7.0,36800.0,257600.0,190067.7,67532.3,-0.1151264712457146,0,0,0,0.262159549689441,30K-45K,4-8,6,3
311,2023-06-28,1.0,99500.0,99500.0,70060.62,29439.38,1.5369379498426907,0,0,0,0.29587316582914575,80K-110K,0-4,7,3
1084,2024-07-16,6.0,440800.0,330600.0,237526.08,93073.92,20.661301860133683,1,0,0,0.28153030852994554,145K+,4-8,1,4
529,2023-10-12,5.0,47100.0,235500.0,170827.89,64672.11,-1.0851657559831054,0,0,0,0.274616178343949,45K-60K,4-8,5,2
1316,2024-10-30,7.0,56300.0,394100.0,290217.54,103882.46,0.0716687759929026,0,0,0,0.2635941639177874,45K-60K,4-8,1,2
1125,2024-08-02,5.0,65800.0,329000.0,227699.13,101300.87,-0.12624361843233248,0,0,0,0.3079053799392097,60K-80K,4-8,2,4
1035,2024-06-18,5.0,69800.0,349000.0,254102.54,94897.46,0.03183619840675823,0,0,0,0.27191249283667623,60K-80K,4-8,2,1
552,2023-10-19,6.0,49500.0,297000.0,220703.57,76296.43,-0.3349277024639216,0,0,0,0.2568903367003367,45K-60K,4-8,5,2
748,2024-01-21,2.0,36600.0,73200.0,54096.64,19103.36,-0.12228935193475933,0,0,0,0.26097486338797815,30K-45K,0-4,6,1
640,2023-11-30,7.0,54400.0,380800.0,273739.62,107060.38,1.1968083234710785,0,0,0,0.28114595588235297,45K-60K,4-8,5,4
808,2024-02-20,2.0,64800.0,129600.0,89627.89,39972.11,-0.904947471016083,0,0,0,0.30842677469135804,60K-80K,0-4,3,4
1622,2025-03-19,5.0,59600.0,298000.0,216241.3,81758.7,0.24838084147447495,0,0,0,0.27435805369127514,45K-60K,4-8,1,4
1244,2024-10-01,6.0,50700.0,304200.0,225193.74,79006.26,0.04019132429567023,0,0,0,0.25971814595660747,45K-60K,4-8,5,2
758,2024-01-26,3.0,60300.0,180900.0,129817.46,51082.54,-0.3436033665860822,0,0,0,0.28237998894416805,60K-80K,0-4,2,3
1931,2025-08-18,3.0,54900.0,164700.0,118215.18,46484.82,1.3531079179542416,0,0,0,0.2822393442622951,45K-60K,0-4,5,1
338,2023-07-15,6.0,54800.0,328800.0,245301.54,83498.46,1.321847999057609,0,0,0,0.2539490875912409,45K-60K,4-8,5,1
1789,2025-06-10,2.0,72400.0,144800.0,100943.05,43856.95,0.36838444758699695,0,0,0,0.3028794889502762,60K-80K,0-4,3,3
217,2023-05-07,1.0,161400.0,161400.0,104035.04,57364.96,0.4329975549933979,0,0,0,0.35542106567534076,145K+,0-4,8,1
2062,2025-10-16,6.0,53900.0,323400.0,229764.9,93635.1,-0.05684908981187731,0,0,0,0.2895333951762523,45K-60K,4-8,1,4
638,2023-11-29,7.0,61600.0,431200.0,312639.07,118560.93,-0.2922274261133777,0,0,0,0.27495577458256026,60K-80K,4-8,2,4
334,2023-07-10,3.0,88000.0,264000.0,185376.06,78623.94,-0.45361211862782735,0,0,0,0.29781795454545457,80K-110K,0-4,7,2
690,2023-12-29,2.0,54700.0,109400.0,77782.47,31617.53,1.2905880801609764,0,0,0,0.28900850091407676,45K-60K,0-4,5,1
423,2023-08-26,4.0,63500.0,254000.0,183916.31,70083.69,-1.1227542465666098,0,0,0,0.27592003937007875,60K-80K,0-4,3,4
971,2024-05-16,4.0,55800.0,223200.0,162537.96,60662.04,1.6344471880239355,0,0,0,0.2717833333333333,45K-60K,0-4,5,2
2115,2025-11-17,8.0,50400.0,403200.0,288694.5,114505.5,-0.244270977443848,0,0,0,0.28399181547619046,45K-60K,4-8,1,4
784,2024-02-10,5.0,69800.0,349000.0,249915.39,99084.61,-0.06722910351405671,0,0,0,0.28391005730659025,60K-80K,4-8,3,4
1081,2024-07-13,6.0,45400.0,272400.0,196399.87,76000.13,-1.6165843772258603,0,0,0,0.27900194566813513,45K-60K,4-8,5,1
1264,2024-10-11,7.0,77200.0,540400.0,388423.83,151976.17,1.172594080388942,0,0,0,0.28122903404885274,60K-80K,4-8,3,1
208,2023-05-01,5.0,95300.0,476500.0,328823.57,147676.43,0.8099544465751971,0,0,0,0.30991905561385097,80K-110K,4-8,7,1
2148,2025-12-06,8.0,52100.0,416800.0,307871.99,108928.01,0.47783018884852735,0,0,0,0.26134359404990404,45K-60K,4-8,5,3
1681,2025-04-16,9.0,36100.0,324900.0,234020.45,90879.55,-0.14019655365737116,0,0,0,0.2797154509079717,30K-45K,8-12,6,3
1105,2024-07-24,2.0,35200.0,70400.0,51597.72,18802.28,-0.17242951675807242,0,0,0,0.26707784090909087,30K-45K,0-4,6,3
1780,2025-06-06,6.0,57100.0,342600.0,251051.85,91548.15,0.11450806459449589,0,0,0,0.26721584938704024,45K-60K,4-8,1,4
750,2024-01-22,1.0,68600.0,68600.0,48872.16,19727.84,-0.268281511714543,0,0,0,0.28757784256559765,60K-80K,0-4,3,3
1324,2024-11-04,9.0,47400.0,426600.0,312569.3,114030.7,-0.9913859992932074,0,0,0,0.26730121894045944,45K-60K,8-12,5,2
1933,2025-08-18,4.0,38600.0,154400.0,117206.65,37193.35,-0.050660545044312055,0,0,0,0.2408895725388601,30K-45K,0-4,6,4
832,2024-03-05,5.0,52700.0,263500.0,194776.34,68723.66,0.6653897022283233,0,0,0,0.2608108538899431,45K-60K,4-8,5,4
1052,2024-06-28,3.0,46300.0,138900.0,102406.73,36493.27,-1.3352451071561664,0,0,0,0.26273052555795534,45K-60K,0-4,5,4
1148,2024-08-12,3.0,73700.0,221100.0,156280.24,64819.76,0.5861912231375238,0,0,0,0.29316942559927633,60K-80K,0-4,3,2
1275,2024-10-14,5.0,75800.0,379000.0,263458.45,115541.55,0.9380329374883748,0,0,0,0.3048589709762533,60K-80K,4-8,3,1
230,2023-05-13,8.0,54800.0,438400.0,314894.08,123505.92,1.321847999057609,0,0,0,0.2817197080291971,45K-60K,4-8,5,2
1325,2024-11-04,8.0,61500.0,492000.0,353827.85,138172.15,-0.296179421534355,0,0,0,0.2808377032520325,60K-80K,4-8,2,2
2042,2025-10-02,6.0,35500.0,213000.0,156804.51,56195.49,-0.16168519572450532,0,0,0,0.2638285915492958,30K-45K,4-8,6,1
56,2023-01-27,7.0,53200.0,372400.0,267429.19,104970.81,0.8216892967114866,0,0,0,0.2818765037593985,45K-60K,4-8,5,3
369,2023-07-30,6.0,34200.0,205200.0,148136.62,57063.38,-0.20824392020329607,0,0,0,0.27808664717348924,30K-45K,4-8,6,4
2001,2025-09-19,5.0,52100.0,260500.0,185167.94,75332.06,-0.15323748916546223,0,0,0,0.28918257197696734,45K-60K,4-8,1,3
1265,2024-10-11,7.0,54700.0,382900.0,272377.93,110522.07,1.2905880801609764,0,0,0,0.2886447375293811,45K-60K,4-8,5,4
771,2024-02-03,4.0,71400.0,285600.0,204317.47,81282.53,0.2008407740865917,0,0,0,0.28460269607843136,60K-80K,0-4,3,4
1346,2024-11-13,6.0,49800.0,298800.0,220328.34,78471.66,-0.276400443895043,0,0,0,0.2626226907630522,45K-60K,4-8,1,1
2045,2025-10-03,2.0,89400.0,178800.0,124537.5,54262.5,-0.2112842842053295,0,0,0,0.3034815436241611,80K-110K,0-4,7,1
1135,2024-08-05,6.0,64800.0,388800.0,268709.74,120090.26,-0.16576357264210514,0,0,0,0.3088741255144033,60K-80K,4-8,2,4
110,2023-02-28,6.0,41100.0,246600.0,177889.57,68710.43,0.03887546356874704,0,0,0,0.278631103000811,30K-45K,4-8,6,2
1155,2024-08-15,7.0,46600.0,326200.0,238370.82,87829.18,-1.2414653504662685,0,0,0,0.2692494788473329,45K-60K,4-8,5,4
346,2023-07-18,5.0,45300.0,226500.0,168037.82,58462.18,-1.647844296122493,0,0,0,0.25811116997792494,45K-60K,4-8,5,2
267,2023-06-03,4.0,51300.0,205200.0,150996.59,54203.41,0.22775083767546614,0,0,0,0.26414917153996104,45K-60K,0-4,5,3
2139,2025-12-01,8.0,52700.0,421600.0,313403.47,108196.53,0.6653897022283233,0,0,0,0.2566331356736243,45K-60K,4-8,5,2
1201,2024-09-09,1.0,130200.0,130200.0,87918.4,42281.6,0.42965796347265084,0,0,0,0.32474347158218125,110K-145K,0-4,4,2
335,2023-07-10,6.0,59600.0,357600.0,257567.88,100032.12,0.24838084147447495,0,0,0,0.2797318791946309,45K-60K,4-8,1,1
1272,2024-10-13,5.0,49200.0,246000.0,174412.28,71587.72,-0.30852991034623795,0,0,0,0.2910069918699187,45K-60K,4-8,1,1
1891,2025-07-26,6.0,52900.0,317400.0,233378.14,84021.86,0.7279095400215886,0,0,0,0.26471915563957155,45K-60K,4-8,5,4
1676,2025-04-12,4.0,47900.0,191600.0,141571.6,50028.4,-0.835086404810044,0,0,0,0.26110855949895617,45K-60K,0-4,5,1
1350,2024-11-14,4.0,69500.0,278000.0,199986.9,78013.1,0.019980212143826427,0,0,0,0.2806226618705036,60K-80K,0-4,2,2
1528,2025-02-06,5.0,54500.0,272500.0,203892.26,68607.74,1.228068242367711,0,0,0,0.2517715229357798,45K-60K,4-8,5,4
135,2023-03-17,2.0,41700.0,83400.0,60774.72,22625.28,0.060364105635881224,0,0,0,0.2712863309352518,30K-45K,0-4,6,2
947,2024-04-30,2.0,135300.0,270600.0,188235.39,82364.61,1.147703402011505,0,0,0,0.30437771618625276,110K-145K,0-4,4,3
715,2024-01-05,5.0,51500.0,257500.0,184814.54,72685.46,0.2902706754687315,0,0,0,0.2822736310679612,45K-60K,4-8,5,4
1280,2024-10-16,6.0,41300.0,247800.0,182262.84,65537.16,0.04603834425779177,0,0,0,0.26447602905569007,30K-45K,4-8,6,3
2052,2025-10-08,4.0,53300.0,213200.0,155504.11,57695.89,-0.08897855626307229,0,0,0,0.2706186210131332,45K-60K,0-4,1,2
373,2023-08-01,2.0,64100.0,128200.0,89818.98,38381.02,-0.19342754058894604,0,0,0,0.2993839313572543,60K-80K,0-4,2,4
1802,2025-06-16,2.0,63700.0,127400.0,89234.62,38165.38,-0.2092355222728551,0,0,0,0.2995712715855573,60K-80K,0-4,2,3
2182,2025-12-24,5.0,67500.0,337500.0,234461.47,103038.53,-0.05905969627571893,0,0,0,0.30529934814814813,60K-80K,4-8,2,1
1293,2024-10-23,2.0,96600.0,193200.0,133986.17,59213.83,1.0349731499675165,0,0,0,0.3064898033126294,80K-110K,0-4,7,4
1386,2024-12-05,8.0,53100.0,424800.0,310034.93,114765.07,-0.09968837841347061,0,0,0,0.2701625941619586,45K-60K,4-8,1,3
2106,2025-11-12,8.0,47100.0,376800.0,267779.99,109020.01,-1.0851657559831054,0,0,0,0.28933123673036093,45K-60K,4-8,5,1
1250,2024-10-03,5.0,74300.0,371500.0,264907.98,106592.02,0.20967599235073528,0,0,0,0.28692333781965007,60K-80K,4-8,2,2
1718,2025-05-06,5.0,47000.0,235000.0,174299.16,60700.84,-1.1164256748797379,0,0,0,0.25830144680851064,45K-60K,4-8,5,3
660,2023-12-09,5.0,80900.0,404500.0,283352.25,121147.75,-1.682560421770495,0,0,0,0.2995,80K-110K,4-8,7,3
99,2023-02-22,4.0,55200.0,220800.0,161853.44,58946.56,1.4468876746441397,0,0,0,0.26696811594202896,45K-60K,0-4,5,4
1269,2024-10-12,6.0,119800.0,718800.0,490456.51,228343.49,-1.0345915582536398,0,0,0,0.3176731914301614,110K-145K,4-8,4,1
1898,2025-07-28,8.0,48600.0,388800.0,276998.35,111801.65,-0.6162669725336155,0,0,0,0.2875556841563786,45K-60K,4-8,5,3
2189,2025-12-27,8.0,41200.0,329600.0,243270.88,86329.12,0.0424569039132694,0,0,0,0.26192087378640777,30K-45K,4-8,6,3
1998,2025-09-17,1.0,124400.0,124400.0,84970.37,39429.63,-0.38694273133624196,0,0,0,0.3169584405144694,110K-145K,0-4,4,2
1066,2024-07-06,3.0,58300.0,174900.0,122965.38,51934.62,0.17876699749688585,0,0,0,0.29693893653516296,45K-60K,0-4,1,1
852,2024-03-15,5.0,66800.0,334000.0,240412.67,93587.33,-0.0867236642225598,0,0,0,0.2802015868263473,60K-80K,4-8,2,4
1248,2024-10-03,4.0,148600.0,594400.0,385683.0,208717.0,-0.8491922197930185,0,0,0,0.35113896366083447,145K+,0-4,8,2
1569,2025-02-25,4.0,157300.0,629200.0,424402.27,204797.73,0.02229614275712389,0,0,0,0.3254890813731723,145K+,0-4,8,2
63,2023-02-01,1.0,119200.0,119200.0,82063.87,37136.13,-1.1190674921993873,0,0,0,0.31154471476510065,110K-145K,0-4,4,1
1263,2024-10-10,9.0,60200.0,541800.0,384665.99,157134.01,-0.3475553620070595,0,0,0,0.29002216685123666,60K-80K,8-12,2,4
2103,2025-11-12,8.0,63800.0,510400.0,368984.14,141415.86,-1.0724911445164882,0,0,0,0.2770686912225705,60K-80K,4-8,3,1
132,2023-03-15,7.0,53600.0,375200.0,275143.09,100056.91,-0.0729138230374748,0,0,0,0.26667619936034115,45K-60K,4-8,1,2
1981,2025-09-10,5.0,49100.0,245500.0,179665.9,65834.1,-0.45996737805045224,0,0,0,0.2681633401221996,45K-60K,4-8,5,4
108,2023-02-27,2.0,73300.0,146600.0,101987.29,44612.71,0.5191737537373616,0,0,0,0.30431589358799455,60K-80K,0-4,3,1
1646,2025-04-01,5.0,64500.0,322500.0,235047.88,87452.12,-0.17761955890503697,0,0,0,0.27116936434108524,60K-80K,4-8,2,4
1112,2024-07-26,4.0,89300.0,357200.0,244013.82,113186.18,-0.2285934152355079,0,0,0,0.31687060470324746,80K-110K,0-4,7,1
1436,2024-12-28,4.0,35300.0,141200.0,105124.4,36075.6,-0.16884807641355007,0,0,0,0.2554929178470255,30K-45K,0-4,6,2
430,2023-08-29,2.0,131200.0,262400.0,174800.08,87599.92,0.5704511867155634,0,0,0,0.33384115853658536,110K-145K,0-4,4,4
1388,2024-12-05,5.0,47300.0,236500.0,176482.24,60017.76,-1.02264591818984,0,0,0,0.25377488372093027,45K-60K,4-8,5,1
1726,2025-05-09,6.0,57900.0,347400.0,255708.75,91691.25,0.1573473531960892,0,0,0,0.26393566493955095,45K-60K,4-8,1,1
3,2023-01-02,4.0,59200.0,236800.0,172390.92,64409.08,0.2269611971736783,0,0,0,0.27199780405405405,45K-60K,0-4,1,3
1659,2025-04-04,5.0,48400.0,242000.0,174563.96,67436.04,-0.35136919894783125,0,0,0,0.27866132231404955,45K-60K,4-8,1,2
1271,2024-10-13,5.0,69000.0,345000.0,251532.35,93467.65,0.0002202350389400877,0,0,0,0.27092072463768113,60K-80K,4-8,2,3
432,2023-08-29,3.0,95500.0,286500.0,197535.4,88964.6,0.844572708635554,0,0,0,0.3105221640488656,80K-110K,0-4,7,4
1458,2025-01-07,8.0,73000.0,584000.0,418130.24,165869.76,0.15830005187803078,0,0,0,0.28402356164383563,60K-80K,4-8,2,1
1958,2025-08-31,8.0,52600.0,420800.0,302954.49,117845.51,0.6341297833316907,0,0,0,0.28005111692015205,45K-60K,4-8,5,1
2061,2025-10-16,7.0,47200.0,330400.0,241497.9,88902.1,-1.0539058370864727,0,0,0,0.2690741525423729,45K-60K,4-8,5,1
20,2023-01-11,2.0,76900.0,153800.0,111462.03,42337.97,1.1223309783388207,0,0,0,0.275279388816645,60K-80K,0-4,3,1
1658,2025-04-04,4.0,49200.0,196800.0,144120.52,52679.48,-0.30852991034623795,0,0,0,0.26768028455284554,45K-60K,0-4,1,3
227,2023-05-11,3.0,76800.0,230400.0,160265.42,70134.58,1.1055766109887801,0,0,0,0.30440355902777777,60K-80K,0-4,3,2
1949,2025-08-27,9.0,56500.0,508500.0,358221.41,150278.59,0.08237859814330092,0,0,0,0.29553311701081614,45K-60K,8-12,1,4
1800,2025-06-15,5.0,58700.0,293500.0,214311.01,79188.99,0.2001866417976825,0,0,0,0.26980916524701876,45K-60K,4-8,1,4
702,2024-01-01,5.0,54100.0,270500.0,191670.82,78829.18,-0.04613926766147899,0,0,0,0.29142025878003697,45K-60K,4-8,1,4
596,2023-11-08,8.0,71700.0,573600.0,398233.76,175366.24,0.10692411140532632,0,0,0,0.3057291492329149,60K-80K,4-8,2,3
161,2023-04-02,4.0,61500.0,246000.0,177971.0,68029.0,-0.296179421534355,0,0,0,0.27654065040650405,60K-80K,0-4,2,2
1777,2025-06-03,1.0,81300.0,81300.0,57487.44,23812.56,-1.6133238976497812,0,0,0,0.29289741697416977,80K-110K,0-4,7,2
1836,2025-06-30,7.0,42000.0,294000.0,223282.12,70717.88,0.07110842666944832,0,0,0,0.2405370068027211,30K-45K,4-8,6,2
2083,2025-11-01,4.0,52200.0,208800.0,151665.09,57134.91,0.5090901077451601,0,0,0,0.2736346264367816,45K-60K,0-4,5,4
2020,2025-09-24,6.0,46500.0,279000.0,207846.24,71153.76,-1.2727252693629012,0,0,0,0.2550313978494623,45K-60K,4-8,5,1
1332,2024-11-08,9.0,55800.0,502200.0,376390.57,125809.43,1.6344471880239355,0,0,0,0.25051658701712465,45K-60K,8-12,5,1
1189,2024-09-03,8.0,51200.0,409600.0,292574.01,117025.99,0.19649091877883348,0,0,0,0.2857079833984375,45K-60K,4-8,5,2
733,2024-01-13,4.0,50200.0,200800.0,146482.7,54317.3,-0.2549807995942463,0,0,0,0.2705044820717132,45K-60K,0-4,1,1
205,2023-04-29,5.0,74700.0,373500.0,272356.9,101143.1,0.22548397403464435,0,0,0,0.27079812583668006,60K-80K,4-8,2,3
786,2024-02-11,1.0,116900.0,116900.0,77630.49,39269.51,-1.442891905658086,0,0,0,0.3359239520958084,110K-145K,0-4,4,4
1928,2025-08-16,5.0,49600.0,248000.0,175006.61,72993.39,-0.2871102660454413,0,0,0,0.29432818548387096,45K-60K,4-8,1,1
1943,2025-08-25,7.0,56000.0,392000.0,287435.52,104564.48,0.05560404276730511,0,0,0,0.2667461224489796,45K-60K,4-8,1,2
634,2023-11-27,5.0,62200.0,311000.0,225996.02,85003.98,-1.3405610221171367,0,0,0,0.27332469453376207,60K-80K,4-8,3,2
1754,2025-05-23,4.0,56800.0,227200.0,161720.43,65479.57,0.0984433313688984,0,0,0,0.2882023327464789,45K-60K,0-4,1,2
892,2024-04-06,7.0,62400.0,436800.0,302679.85,134120.15,-0.2606114627455596,0,0,0,0.30705162545787545,60K-80K,4-8,2,1
521,2023-10-09,5.0,40700.0,203500.0,148403.87,55096.13,0.024549702190657587,0,0,0,0.27074265356265353,30K-45K,4-8,6,2
2181,2025-12-22,6.0,53700.0,322200.0,228250.24,93949.76,-0.06755891196227563,0,0,0,0.291588330229671,45K-60K,4-8,1,4
1539,2025-02-11,5.0,53500.0,267500.0,194713.23,72786.77,-0.07826873411267396,0,0,0,0.27210007476635517,45K-60K,4-8,1,4
735,2024-01-14,1.0,97900.0,97900.0,69296.18,28603.82,1.259991853359836,0,0,0,0.2921738508682329,80K-110K,0-4,7,2
561,2023-10-24,3.0,86100.0,258300.0,178902.16,79397.84,-0.7824856082012173,0,0,0,0.30738614014711574,80K-110K,0-4,7,4
1722,2025-05-08,5.0,54500.0,272500.0,198757.51,73742.49,-0.024719623360682334,0,0,0,0.2706146422018349,45K-60K,4-8,1,1
622,2023-11-20,7.0,48900.0,342300.0,252552.17,89747.83,-0.32459464357183543,0,0,0,0.26219056383289513,45K-60K,4-8,1,4
1908,2025-08-03,5.0,77100.0,385500.0,278813.37,106686.63,1.1558397130389015,0,0,0,0.2767487159533074,60K-80K,4-8,3,3
1446,2025-01-02,5.0,35500.0,177500.0,133539.74,43960.26,-0.16168519572450532,0,0,0,0.24766343661971832,30K-45K,4-8,6,2
1590,2025-03-06,6.0,58500.0,351000.0,252277.58,98722.42,0.18947681964728416,0,0,0,0.28126045584045584,45K-60K,4-8,1,2
273,2023-06-07,5.0,38000.0,190000.0,140681.94,49318.06,-0.07214918711144623,0,0,0,0.25956873684210524,30K-45K,4-8,6,3
214,2023-05-04,7.0,69100.0,483700.0,348072.25,135627.75,0.004172230459917356,0,0,0,0.2803964234029357,60K-80K,4-8,2,4
855,2024-03-16,5.0,41100.0,205500.0,154304.18,51195.82,0.03887546356874704,0,0,0,0.24912807785888078,30K-45K,4-8,6,2
479,2023-09-18,1.0,141100.0,141100.0,90931.1,50168.9,-1.6004752909569344,0,0,0,0.35555563430191356,110K-145K,0-4,8,2
60,2023-01-31,2.0,99400.0,198800.0,142550.47,56249.53,1.5196288188125122,0,0,0,0.28294532193158956,80K-110K,0-4,7,2
734,2024-01-13,3.0,64800.0,194400.0,140976.07,53423.93,-0.16576357264210514,0,0,0,0.2748144547325103,60K-80K,0-4,2,3
1338,2024-11-09,1.0,41000.0,41000.0,31010.56,9989.44,0.035294023224224674,0,0,0,0.2436448780487805,30K-45K,0-4,6,3
1055,2024-06-30,4.0,74300.0,297200.0,209112.01,88087.99,0.686717427237767,0,0,0,0.2963929676985195,60K-80K,0-4,3,3
1281,2024-10-16,3.0,151300.0,453900.0,304221.27,149678.73,-0.5787303141740088,0,0,0,0.32976146728354266,145K+,0-4,8,2
1231,2024-09-24,4.0,34100.0,136400.0,100153.88,36246.12,-0.21182536054781842,0,0,0,0.26573401759530796,30K-45K,0-4,6,4
1440,2024-12-31,1.0,147800.0,147800.0,98073.87,49726.13,-0.9293290807171696,0,0,0,0.33644201623815967,145K+,0-4,8,3
115,2023-03-02,4.0,41200.0,164800.0,123788.12,41011.88,0.0424569039132694,0,0,0,0.24885849514563105,30K-45K,0-4,6,3
1838,2025-06-30,5.0,82700.0,413500.0,290952.34,122547.66,-1.3709960632272835,0,0,0,0.29636677146311974,80K-110K,4-8,7,1
996,2024-05-26,7.0,40700.0,284900.0,208433.58,76466.42,0.024549702190657587,0,0,0,0.2683974025974026,30K-45K,4-8,6,1
2172,2025-12-17,2.0,72900.0,145800.0,100849.02,44950.98,0.45215628433719957,0,0,0,0.30830576131687243,60K-80K,0-4,3,1
515,2023-10-05,8.0,48900.0,391200.0,287708.0,103492.0,-0.5224872158437175,0,0,0,0.26455010224948877,45K-60K,4-8,5,1
347,2023-07-18,5.0,63200.0,316000.0,224613.74,91386.26,-0.22899549937774144,0,0,0,0.2891970253164557,60K-80K,4-8,2,1
576,2023-10-30,7.0,53400.0,373800.0,267371.95,106428.05,-0.08362364518787312,0,0,0,0.28471923488496526,45K-60K,4-8,1,1
250,2023-05-23,5.0,73500.0,367500.0,258246.45,109253.55,0.17806002898291715,0,0,0,0.29728857142857146,60K-80K,4-8,2,2
1192,2024-09-03,3.0,56400.0,169200.0,124985.69,44214.31,0.07702368706810175,0,0,0,0.2613138888888889,45K-60K,0-4,1,2
481,2023-09-19,7.0,38000.0,266000.0,201876.67,64123.33,-0.07214918711144623,0,0,0,0.24106515037593987,30K-45K,4-8,6,2
1664,2025-04-06,1.0,115500.0,115500.0,77266.36,38233.64,-1.6400024181981636,0,0,0,0.3310271861471861,110K-145K,0-4,4,1
1791,2025-06-11,4.0,70200.0,280800.0,201427.06,79372.94,0.0476441800906673,0,0,0,0.28266716524216523,60K-80K,0-4,2,2
2192,2025-12-28,6.0,54000.0,324000.0,241927.68,82072.32,1.0717686478845478,0,0,0,0.25330962962962966,45K-60K,4-8,5,2
1438,2024-12-29,7.0,35800.0,250600.0,190107.44,60492.56,-0.15094087469093825,0,0,0,0.24139090183559456,30K-45K,4-8,6,1
1633,2025-03-25,7.0,50300.0,352100.0,251714.55,100385.45,-0.08484835129086038,0,0,0,0.285104941777904,45K-60K,4-8,5,4
136,2023-03-20,7.0,67800.0,474600.0,336047.36,138552.64,-0.04720371001278713,0,0,0,0.2919356089338391,60K-80K,4-8,2,3
480,2023-09-19,8.0,72800.0,582400.0,424404.19,157995.81,0.15039606103607625,0,0,0,0.2712840144230769,60K-80K,4-8,2,4
948,2024-05-01,7.0,67600.0,473200.0,334496.77,138703.23,-0.05510770085474166,0,0,0,0.293117561284869,60K-80K,4-8,2,2
2014,2025-09-22,1.0,156600.0,156600.0,102335.16,54264.84,-0.047823610551508265,0,0,0,0.3465187739463601,145K+,0-4,8,2
829,2024-03-03,5.0,52600.0,263000.0,186263.25,76736.75,-0.12646293378946644,0,0,0,0.29177471482889733,45K-60K,4-8,1,1
1372,2024-11-26,4.0,48900.0,195600.0,140295.32,55304.68,-0.5224872158437175,0,0,0,0.28274376278118607,45K-60K,0-4,5,1
142,2023-03-23,4.0,87300.0,349200.0,247465.81,101734.19,-0.5747760358390762,0,0,0,0.29133502290950747,80K-110K,0-4,7,1
1176,2024-08-26,5.0,54200.0,271000.0,192666.68,78333.32,1.134288485677813,0,0,0,0.2890528413284133,45K-60K,4-8,5,3
1235,2024-09-27,8.0,50700.0,405600.0,292085.76,113514.24,0.04019132429567023,0,0,0,0.2798674556213018,45K-60K,4-8,5,2
627,2023-11-24,8.0,59400.0,475200.0,546480.0,-71280.0,0.23767101932407664,0,1,0,-0.15,45K-60K,4-8,1,1
1491,2025-01-21,5.0,58700.0,293500.0,208383.32,85116.68,0.2001866417976825,0,0,0,0.2900057240204429,45K-60K,4-8,1,2
1746,2025-05-18,5.0,40900.0,204500.0,155001.99,49498.01,0.031712582879702314,0,0,0,0.2420440586797066,30K-45K,4-8,6,1
2173,2025-12-17,1.0,157400.0,157400.0,105976.81,51423.19,0.032313250372642766,0,0,0,0.32670387547649304,145K+,0-4,8,3
2059,2025-10-15,9.0,52400.0,471600.0,345160.1,126439.9,-0.13717275593986475,0,0,0,0.26810835453774384,45K-60K,8-12,1,2
131,2023-03-14,5.0,70100.0,350500.0,241966.53,108533.47,0.043692184669690035,0,0,0,0.3096532667617689,60K-80K,4-8,2,3
327,2023-07-05,3.0,66900.0,200700.0,144631.03,56068.97,-0.553105756665232,0,0,0,0.2793670652715496,60K-80K,0-4,3,2
125,2023-03-09,2.0,119500.0,239000.0,274850.0,-35850.0,-1.0768295252265134,0,1,0,-0.15,110K-145K,0-4,4,1
875,2024-03-28,3.0,120500.0,361500.0,249402.25,112097.75,-0.9360363019836009,0,0,0,0.3100905947441217,110K-145K,0-4,4,4
149,2023-03-26,3.0,63600.0,190800.0,138095.23,52704.77,-1.1059998792165693,0,0,0,0.27623045073375263,60K-80K,0-4,3,1
196,2023-04-24,2.0,71200.0,142400.0,98783.17,43616.83,0.08716413430043998,0,0,0,0.3062979634831461,60K-80K,0-4,2,4
924,2024-04-19,3.0,54900.0,164700.0,119390.98,45309.02,1.3531079179542416,0,0,0,0.2751003035822708,45K-60K,0-4,5,2
778,2024-02-08,4.0,52400.0,209600.0,147306.66,62293.34,-0.13717275593986475,0,0,0,0.2972010496183206,45K-60K,0-4,1,3
1850,2025-07-06,4.0,74200.0,296800.0,207715.15,89084.85,0.205723996929758,0,0,0,0.3001511118598383,60K-80K,0-4,2,4
2026,2025-09-26,8.0,49800.0,398400.0,289973.97,108426.03,-0.24114794577402365,0,0,0,0.27215368975903614,45K-60K,4-8,5,2
973,2024-05-16,2.0,119300.0,238600.0,160447.79,78152.21,-1.104988169875096,0,0,0,0.32754488683989946,110K-145K,0-4,4,1
1520,2025-02-03,6.0,77300.0,463800.0,320228.86,143571.14,1.1893484477389826,0,0,0,0.30955398878827084,60K-80K,4-8,3,3
743,2024-01-18,5.0,63700.0,318500.0,229533.11,88966.89,-0.2092355222728551,0,0,0,0.27933089481946627,60K-80K,4-8,2,3
1534,2025-02-09,4.0,40800.0,163200.0,120962.63,42237.37,0.02813114253517995,0,0,0,0.2588074142156863,30K-45K,0-4,6,4
109,2023-02-27,4.0,58200.0,232800.0,163072.37,69727.63,0.17341208642168668,0,0,0,0.2995173109965636,45K-60K,0-4,1,3
1529,2025-02-07,4.0,49800.0,199200.0,142114.81,57085.19,-0.24114794577402365,0,0,0,0.2865722389558233,45K-60K,0-4,5,3
976,2024-05-16,7.0,47500.0,332500.0,245616.16,86883.84,-0.9601260803965747,0,0,0,0.2613047819548872,45K-60K,4-8,5,3
1159,2024-08-17,1.0,76300.0,76300.0,55245.36,21054.64,1.0218047742385774,0,0,0,0.2759454783748362,60K-80K,0-4,3,3
1457,2025-01-06,3.0,64100.0,192300.0,136247.23,56052.77,-1.0222280424663666,0,0,0,0.2914860634425377,60K-80K,0-4,3,4
1313,2024-10-30,6.0,48500.0,291000.0,209775.57,81224.43,-0.6475268914302481,0,0,0,0.2791217525773196,45K-60K,4-8,5,1
814,2024-02-23,2.0,128700.0,257400.0,177439.95,79960.05,0.218468128608282,0,0,0,0.3106451048951049,110K-145K,0-4,4,2
405,2023-08-13,8.0,48500.0,388000.0,276111.02,111888.98,-0.3460142878726321,0,0,0,0.2883736597938144,45K-60K,4-8,1,2
954,2024-05-05,4.0,67400.0,269600.0,187239.83,82360.17,-0.0630116916966962,0,0,0,0.30549024480712167,60K-80K,0-4,2,1
757,2024-01-25,3.0,127500.0,382500.0,265802.96,116697.04,0.049516260716786935,0,0,0,0.30509030065359477,110K-145K,0-4,4,3
1737,2025-05-15,5.0,72200.0,361000.0,257954.25,103045.75,0.12668408851021265,0,0,0,0.2854452908587258,60K-80K,4-8,2,4
26,2023-01-14,4.0,67300.0,269200.0,194603.58,74596.42,-0.06696368711767346,0,0,0,0.27710408618127785,60K-80K,0-4,2,1
1889,2025-07-25,7.0,72500.0,507500.0,352738.87,154761.13,0.13854007477314445,0,0,0,0.304948039408867,60K-80K,4-8,2,2
1984,2025-09-11,6.0,34300.0,205800.0,156066.48,49733.52,-0.2046624798587737,0,0,0,0.24165947521865888,30K-45K,4-8,6,4
1608,2025-03-12,5.0,37700.0,188500.0,140786.05,47713.95,-0.08289350814501333,0,0,0,0.25312440318302387,30K-45K,4-8,6,3
1711,2025-05-01,4.0,41400.0,165600.0,119800.7,45799.3,0.049619784602314136,0,0,0,0.2765658212560387,30K-45K,0-4,6,2
2066,2025-10-19,5.0,93000.0,465000.0,324681.55,140318.45,0.41184443288109357,0,0,0,0.30176010752688176,80K-110K,4-8,7,2
2055,2025-10-11,9.0,52500.0,472500.0,337805.06,134694.94,-0.13181784486466558,0,0,0,0.2850686560846561,45K-60K,8-12,1,2
1377,2024-11-29,7.0,65500.0,458500.0,324699.8,133800.2,-0.13809960469526428,0,0,0,0.2918215921483097,60K-80K,4-8,2,4
1214,2024-09-15,3.0,96500.0,289500.0,206540.01,82959.99,1.0176640189373383,0,0,0,0.28656300518134714,80K-110K,0-4,7,2
512,2023-10-03,5.0,57000.0,285000.0,202863.55,82136.45,0.10915315351929673,0,0,0,0.2881980701754386,45K-60K,4-8,1,3
1921,2025-08-09,5.0,59800.0,299000.0,210912.84,88087.16,0.25909066362487326,0,0,0,0.2946058862876254,45K-60K,4-8,1,3
486,2023-09-21,7.0,51900.0,363300.0,254556.41,108743.59,-0.16394731131586057,0,0,0,0.29932174511423065,45K-60K,4-8,1,2
975,2024-05-16,4.0,133900.0,535600.0,360832.5,174767.5,0.9505928894714273,0,0,0,0.3263022778192681,110K-145K,0-4,4,4
151,2023-03-26,5.0,53600.0,268000.0,192612.15,75387.85,-0.0729138230374748,0,0,0,0.28129794776119404,45K-60K,4-8,1,2
290,2023-06-15,5.0,58700.0,293500.0,213941.89,79558.11,0.2001866417976825,0,0,0,0.2710668143100511,45K-60K,4-8,1,3
2080,2025-10-29,1.0,141200.0,141200.0,94875.2,46324.8,-1.5904581833414155,0,0,0,0.3280793201133145,110K-145K,0-4,8,3
1582,2025-03-03,4.0,71200.0,284800.0,205664.63,79135.37,0.08716413430043998,0,0,0,0.27786295646067416,60K-80K,0-4,2,3
188,2023-04-17,4.0,39400.0,157600.0,115628.86,41971.14,-0.022009022288133142,0,0,0,0.26631434010152283,30K-45K,0-4,6,3
579,2023-10-31,9.0,40000.0,360000.0,265151.43,94848.57,-0.0005203802209989603,0,0,0,0.26346825,30K-45K,8-12,6,4
1144,2024-08-10,8.0,52800.0,422400.0,297859.32,124540.68,-0.1157531116390681,0,0,0,0.29484062499999997,45K-60K,4-8,1,4
611,2023-11-14,8.0,34300.0,274400.0,206059.7,68340.3,-0.2046624798587737,0,0,0,0.24905357142857143,30K-45K,4-8,6,4
1469,2025-01-10,5.0,54900.0,274500.0,194652.32,79847.68,-0.0032999790598856834,0,0,0,0.2908840801457195,45K-60K,4-8,1,3
455,2023-09-06,8.0,48300.0,386400.0,280217.62,106182.38,-0.3567241100230304,0,0,0,0.27479912008281576,45K-60K,4-8,1,3
19,2023-01-11,5.0,91100.0,455500.0,324325.35,131174.65,0.08297094330770362,0,0,0,0.28797947310647637,80K-110K,4-8,7,3
494,2023-09-24,8.0,49900.0,399200.0,292949.15,106250.85,-0.27104553281984384,0,0,0,0.26615944388777557,45K-60K,4-8,1,3
2003,2025-09-19,1.0,70200.0,70200.0,48851.83,21348.17,-0.00021163411389460714,0,0,0,0.30410498575498573,60K-80K,0-4,3,1
1956,2025-08-30,5.0,46700.0,233500.0,171156.35,62343.65,-1.210205431569636,0,0,0,0.2669963597430407,45K-60K,4-8,5,1
1706,2025-04-29,6.0,36700.0,220200.0,158566.59,61633.41,-0.11870791159023697,0,0,0,0.2798974114441417,30K-45K,4-8,6,1
412,2023-08-17,8.0,48900.0,391200.0,281642.51,109557.49,-0.5224872158437175,0,0,0,0.28005493353783234,45K-60K,4-8,5,2
1954,2025-08-30,4.0,57800.0,231200.0,170902.1,60297.9,0.15199244212089003,0,0,0,0.26080406574394466,45K-60K,0-4,1,3
1096,2024-07-20,5.0,41200.0,206000.0,152863.93,53136.07,0.0424569039132694,0,0,0,0.25794208737864077,30K-45K,4-8,6,1
1568,2025-02-25,3.0,51200.0,153600.0,110327.34,43272.66,0.19649091877883348,0,0,0,0.28172304687500005,45K-60K,0-4,5,1
223,2023-05-11,6.0,72300.0,433800.0,313189.29,120610.71,0.13063608393118992,0,0,0,0.27803298755186723,60K-80K,4-8,2,1
762,2024-01-26,6.0,65100.0,390600.0,276478.71,114121.29,-0.8546843689659613,0,0,0,0.29216920122887863,60K-80K,4-8,3,2
897,2024-04-07,2.0,71600.0,143200.0,100511.24,42688.76,0.10297211598434905,0,0,0,0.2981058659217877,60K-80K,0-4,2,4
673,2023-12-17,6.0,48300.0,289800.0,208058.64,81741.36,-0.3567241100230304,0,0,0,0.2820612836438923,45K-60K,4-8,1,4
1587,2025-03-05,6.0,53600.0,321600.0,237734.31,83865.69,-0.0729138230374748,0,0,0,0.26077639925373136,45K-60K,4-8,1,1
1101,2024-07-23,3.0,98400.0,295200.0,207022.7,88177.3,1.346537508510728,0,0,0,0.29870359078590786,80K-110K,0-4,7,2
2074,2025-10-27,2.0,147400.0,294800.0,199314.88,95485.12,-0.9693975111792451,0,0,0,0.3238979647218453,145K+,0-4,8,4
133,2023-03-16,4.0,50500.0,202000.0,148630.67,53369.33,-0.23891606636864884,0,0,0,0.264204603960396,45K-60K,0-4,1,1
1443,2025-01-01,4.0,75800.0,303200.0,209787.77,93412.23,0.9380329374883748,0,0,0,0.3080878298153034,60K-80K,0-4,3,2
1362,2024-11-21,2.0,74700.0,149400.0,104134.76,45265.24,0.753734896637929,0,0,0,0.302980187416332,60K-80K,0-4,3,2
2200,2025-12-29,1.0,94300.0,94300.0,64349.51,29950.49,0.636863136273413,0,0,0,0.3176085896076352,80K-110K,0-4,7,3
1899,2025-07-29,7.0,50900.0,356300.0,266841.85,89458.15,0.10271116208893553,0,0,0,0.251075357844513,45K-60K,4-8,5,2
1102,2024-07-23,5.0,71200.0,356000.0,254404.4,101595.6,0.16733203938651064,0,0,0,0.2853808988764045,60K-80K,4-8,3,4
1732,2025-05-12,4.0,84800.0,339200.0,232525.69,106674.31,-1.0075043115935367,0,0,0,0.3144879422169811,80K-110K,0-4,7,1
1444,2025-01-01,4.0,52900.0,211600.0,148597.79,63002.21,-0.11039820056386894,0,0,0,0.29774201323251415,45K-60K,0-4,1,4
1538,2025-02-10,3.0,150200.0,450600.0,290061.36,160538.64,-0.6889184979447165,0,0,0,0.3562774966711052,145K+,0-4,8,3
610,2023-11-13,5.0,49700.0,248500.0,181763.88,66736.12,-0.2724078646706563,0,0,0,0.268555814889336,45K-60K,4-8,5,4
75,2023-02-08,4.0,63900.0,255600.0,176557.99,79042.01,-1.0557367771664476,0,0,0,0.3092410406885759,60K-80K,0-4,3,4
555,2023-10-20,2.0,174900.0,349800.0,226624.61,123175.39,1.7853070830884465,0,0,0,0.3521309033733562,145K+,0-4,8,3
798,2024-02-14,1.0,54100.0,54100.0,39808.6,14291.4,1.1030285667811803,0,0,0,0.26416635859519405,45K-60K,0-4,5,1
633,2023-11-27,3.0,39400.0,118200.0,87917.01,30282.99,-0.022009022288133142,0,0,0,0.25620126903553303,30K-45K,0-4,6,1
22,2023-01-13,1.0,45700.0,45700.0,32542.25,13157.75,-1.5228046205359624,0,0,0,0.2879157549234136,45K-60K,0-4,5,4
380,2023-08-04,5.0,36000.0,180000.0,131767.98,48232.02,-0.1437779940018935,0,0,0,0.26795566666666665,30K-45K,4-8,6,4
1955,2025-08-30,5.0,68600.0,343000.0,242086.72,100913.28,-0.015587746644968984,0,0,0,0.2942078134110787,60K-80K,4-8,2,1
146,2023-03-24,6.0,38200.0,229200.0,168457.05,60742.95,-0.06498630642240151,0,0,0,0.26502159685863874,30K-45K,4-8,6,3
249,2023-05-23,5.0,35100.0,175500.0,131597.7,43902.3,-0.1760109571025948,0,0,0,0.2501555555555556,30K-45K,4-8,6,3
1974,2025-09-06,8.0,53800.0,430400.0,316754.54,113645.46,1.0092488100912824,0,0,0,0.2640461431226766,45K-60K,4-8,5,4
1401,2024-12-12,1.0,168200.0,168200.0,110599.7,57600.3,1.1141608728486816,0,0,0,0.3424512485136742,145K+,0-4,8,1
268,2023-06-04,1.0,169400.0,169400.0,112046.81,57353.19,1.2343661642349082,0,0,0,0.3385666469893743,145K+,0-4,8,2
991,2024-05-24,7.0,48300.0,338100.0,247846.53,90253.47,-0.7100467292235134,0,0,0,0.26694312333629105,45K-60K,4-8,5,4
1929,2025-08-17,2.0,118300.0,236600.0,158932.68,77667.32,-1.2457813931180086,0,0,0,0.32826424344885885,110K-145K,0-4,4,1
500,2023-09-29,3.0,74000.0,222000.0,161002.07,60997.93,0.19782000608780348,0,0,0,0.2747654504504505,60K-80K,0-4,2,4
1391,2024-12-05,2.0,87000.0,174000.0,125040.5,48959.5,-0.6267034289296115,0,0,0,0.2813764367816092,80K-110K,0-4,7,2
446,2023-09-03,4.0,37600.0,150400.0,110888.51,39511.49,-0.08647494848953569,0,0,0,0.26270937499999997,30K-45K,0-4,6,3
1508,2025-01-30,3.0,92900.0,278700.0,191686.86,87013.14,0.3945353018509151,0,0,0,0.312210764262648,80K-110K,0-4,7,2
1972,2025-09-04,4.0,37000.0,148000.0,109816.75,38183.25,-0.10796359055666988,0,0,0,0.25799493243243243,30K-45K,0-4,6,4
1968,2025-09-04,1.0,131300.0,131300.0,90628.04,40671.96,0.5845305090398546,0,0,0,0.30976359482102056,110K-145K,0-4,4,1
942,2024-04-28,6.0,34500.0,207000.0,152396.85,54603.15,-0.19749959916972898,0,0,0,0.2637833333333333,30K-45K,4-8,6,3
565,2023-10-26,5.0,69600.0,348000.0,248487.0,99513.0,0.023932207564803694,0,0,0,0.2859568965517241,60K-80K,4-8,2,1
1057,2024-06-30,8.0,61200.0,489600.0,346634.34,142965.66,-0.3080354077972868,0,0,0,0.2920050245098039,60K-80K,4-8,2,4
1709,2025-04-30,5.0,40800.0,204000.0,151802.69,52197.31,0.02813114253517995,0,0,0,0.25586916666666665,30K-45K,4-8,6,4
2145,2025-12-04,5.0,77400.0,387000.0,275360.92,111639.08,1.2061028150890232,0,0,0,0.28847307493540053,60K-80K,4-8,3,4
463,2023-09-10,2.0,68900.0,137800.0,98588.72,39211.28,-0.21801840966442143,0,0,0,0.2845521044992743,60K-80K,0-4,3,1
181,2023-04-14,1.0,118300.0,118300.0,78579.25,39720.75,-1.2457813931180086,0,0,0,0.3357628909551986,110K-145K,0-4,4,3
1772,2025-06-01,5.0,65400.0,327000.0,238118.97,88881.03,-0.14205160011624154,0,0,0,0.27180743119266054,60K-80K,4-8,2,3
1314,2024-10-30,11.0,53800.0,591800.0,430022.13,161777.87,-0.06220400088707647,0,0,0,0.273365782358905,45K-60K,8-12,1,4
936,2024-04-26,4.0,73200.0,292800.0,209643.72,83156.28,0.5024193863873212,0,0,0,0.2840036885245902,60K-80K,0-4,3,2
52,2023-01-26,7.0,37700.0,263900.0,199037.72,64862.28,-0.08289350814501333,0,0,0,0.24578355437665783,30K-45K,4-8,6,1
420,2023-08-23,5.0,58200.0,291000.0,211276.67,79723.33,0.17341208642168668,0,0,0,0.27396333333333334,45K-60K,4-8,1,1
2197,2025-12-29,3.0,66600.0,199800.0,144633.63,55166.37,-0.6033688587153535,0,0,0,0.27610795795795795,60K-80K,0-4,3,1
1465,2025-01-09,5.0,47800.0,239000.0,175366.79,63633.21,-0.8663463237066767,0,0,0,0.26624774058577405,45K-60K,4-8,5,1
496,2023-09-25,2.0,53800.0,107600.0,77216.72,30383.28,-0.06220400088707647,0,0,0,0.2823724907063197,45K-60K,0-4,1,2
164,2023-04-04,3.0,70500.0,211500.0,146549.11,64950.89,0.0595001663535991,0,0,0,0.30709640661938536,60K-80K,0-4,2,1
1901,2025-07-29,9.0,58300.0,524700.0,382974.05,141725.95,0.17876699749688585,0,0,0,0.27010853821231184,45K-60K,8-12,1,4
682,2023-12-23,4.0,34200.0,136800.0,102589.49,34210.51,-0.20824392020329607,0,0,0,0.2500768274853801,30K-45K,0-4,6,4
464,2023-09-10,1.0,96700.0,96700.0,67206.94,29493.06,1.052282280997695,0,0,0,0.3049954498448811,80K-110K,0-4,7,1
1103,2024-07-24,6.0,53600.0,321600.0,235514.4,86085.6,-0.0729138230374748,0,0,0,0.26767910447761195,45K-60K,4-8,1,4
1953,2025-08-29,7.0,56400.0,394800.0,279605.18,115194.82,0.07702368706810175,0,0,0,0.29178019250253295,45K-60K,4-8,1,3
123,2023-03-08,3.0,34100.0,102300.0,74283.61,28016.39,-0.21182536054781842,0,0,0,0.27386500488758553,30K-45K,0-4,6,1
1655,2025-04-03,4.0,80900.0,323600.0,228701.49,94898.51,-1.682560421770495,0,0,0,0.29325868355995055,80K-110K,0-4,7,4
1571,2025-02-26,5.0,59200.0,296000.0,211943.64,84056.36,0.2269611971736783,0,0,0,0.2839741891891892,45K-60K,4-8,1,3
890,2024-04-04,4.0,159800.0,639200.0,434600.08,204599.92,0.27272383314509585,0,0,0,0.3200874843554443,145K+,0-4,8,1
1702,2025-04-25,6.0,49100.0,294600.0,209205.83,85394.17,-0.3138848214214371,0,0,0,0.28986479972844537,45K-60K,4-8,1,4
98,2023-02-21,3.0,66100.0,198300.0,140460.18,57839.82,-0.11438763216940068,0,0,0,0.2916783661119516,60K-80K,0-4,2,2
1292,2024-10-22,6.0,70500.0,423000.0,302520.67,120479.33,0.0595001663535991,0,0,0,0.28482111111111114,60K-80K,4-8,2,1
1366,2024-11-22,5.0,85100.0,425500.0,300261.64,125238.36,-0.9555769185030014,0,0,0,0.29433222091656874,80K-110K,4-8,7,4
1489,2025-01-20,1.0,65500.0,65500.0,47075.75,18424.25,-0.7876668995657993,0,0,0,0.2812862595419847,60K-80K,0-4,3,2
706,2024-01-02,1.0,56500.0,56500.0,41761.37,14738.63,0.08237859814330092,0,0,0,0.26086070796460176,45K-60K,0-4,1,2
823,2024-02-29,6.0,38500.0,231000.0,169801.86,61198.14,-0.054241985388834416,0,0,0,0.264927012987013,30K-45K,4-8,6,2
1667,2025-04-06,8.0,61000.0,488000.0,341242.87,146757.13,-0.3159393986392413,0,0,0,0.3007318237704918,60K-80K,4-8,2,3
427,2023-08-26,5.0,51600.0,258000.0,191460.96,66539.04,0.32153059436536413,0,0,0,0.25790325581395346,45K-60K,4-8,5,2
459,2023-09-07,1.0,37200.0,37200.0,28029.42,9170.58,-0.10080070986762514,0,0,0,0.2465209677419355,30K-45K,0-4,6,3
1607,2025-03-11,1.0,142500.0,142500.0,95342.5,47157.5,-1.46023578433967,0,0,0,0.3309298245614035,110K-145K,0-4,8,1
1069,2024-07-09,3.0,62700.0,188100.0,130348.39,57751.61,-1.256789185366934,0,0,0,0.3070261031366295,60K-80K,0-4,3,3
404,2023-08-13,3.0,99200.0,297600.0,206464.41,91135.59,1.4850105567521554,0,0,0,0.3062351814516129,80K-110K,0-4,7,4
1466,2025-01-09,7.0,52800.0,369600.0,269304.81,100295.19,-0.1157531116390681,0,0,0,0.2713614448051948,45K-60K,4-8,1,2
906,2024-04-10,5.0,125600.0,628000.0,427580.11,200419.89,-0.2179908634447469,0,0,0,0.31913995222929936,110K-145K,4-8,4,4
2038,2025-10-01,7.0,48200.0,337400.0,244688.68,92711.32,-0.3620790210982296,0,0,0,0.27478162418494373,45K-60K,4-8,1,2
1477,2025-01-13,3.0,54700.0,164100.0,121970.05,42129.95,1.2905880801609764,0,0,0,0.2567333942717855,45K-60K,0-4,5,2
1878,2025-07-18,6.0,50800.0,304800.0,224852.01,79947.99,0.07145124319230288,0,0,0,0.26229655511811023,45K-60K,4-8,5,3
1839,2025-06-30,4.0,41700.0,166800.0,123241.78,43558.22,0.060364105635881224,0,0,0,0.26114040767386093,30K-45K,0-4,6,1
2011,2025-09-21,6.0,89600.0,537600.0,369108.36,168491.64,-0.17666602214497265,0,0,0,0.3134145089285715,80K-110K,4-8,7,2
176,2023-04-09,6.0,58000.0,348000.0,244439.19,103560.81,0.16270226427128837,0,0,0,0.2975885344827586,45K-60K,4-8,1,1
377,2023-08-02,5.0,98700.0,493500.0,340278.04,153221.96,1.3984649016012634,0,0,0,0.31048016210739615,80K-110K,4-8,7,3
1530,2025-02-07,5.0,55900.0,279500.0,203339.23,76160.77,0.050249131692105944,0,0,0,0.2724893381037567,45K-60K,4-8,1,3
517,2023-10-07,7.0,48800.0,341600.0,248947.12,92652.88,-0.5537471347403502,0,0,0,0.2712320843091335,45K-60K,4-8,5,2
709,2024-01-03,4.0,59100.0,236400.0,168162.97,68237.03,0.22160628609847915,0,0,0,0.28865071912013535,45K-60K,0-4,1,2
828,2024-03-03,3.0,39700.0,119100.0,85936.9,33163.1,-0.011264701254566052,0,0,0,0.27844752308984044,30K-45K,0-4,6,3
1641,2025-03-29,6.0,38000.0,228000.0,172582.88,55417.12,-0.07214918711144623,0,0,0,0.24305754385964914,30K-45K,4-8,6,1
1880,2025-07-19,5.0,69800.0,349000.0,247419.34,101580.66,-0.06722910351405671,0,0,0,0.2910620630372493,60K-80K,4-8,3,4
2188,2025-12-27,2.0,152000.0,304000.0,198868.13,105131.87,-0.5086105608653767,0,0,0,0.3458285197368421,145K+,0-4,8,4
1439,2024-12-30,3.0,58500.0,175500.0,128510.02,46989.98,0.18947681964728416,0,0,0,0.2677491737891738,45K-60K,0-4,1,2
2166,2025-12-14,4.0,36000.0,144000.0,104135.15,39864.85,-0.1437779940018935,0,0,0,0.2768392361111111,30K-45K,0-4,6,2
372,2023-07-31,3.0,61700.0,185100.0,134583.98,50516.02,-0.28827543069240047,0,0,0,0.27291204754186926,60K-80K,0-4,2,3
344,2023-07-17,5.0,50300.0,251500.0,180539.65,70960.35,-0.08484835129086038,0,0,0,0.2821485089463221,45K-60K,4-8,5,3
533,2023-10-14,5.0,36600.0,183000.0,139011.31,43988.69,-0.12228935193475933,0,0,0,0.24037535519125686,30K-45K,4-8,6,1
864,2024-03-23,4.0,54800.0,219200.0,157991.26,61208.74,1.321847999057609,0,0,0,0.2792369525547445,45K-60K,0-4,5,4
1375,2024-11-28,6.0,47000.0,282000.0,200799.53,81200.47,-1.1164256748797379,0,0,0,0.28794492907801417,45K-60K,4-8,5,4
1822,2025-06-25,6.0,65800.0,394800.0,287856.46,106943.54,-0.12624361843233248,0,0,0,0.2708802938196555,60K-80K,4-8,2,2
724,2024-01-10,7.0,53900.0,377300.0,281037.42,96262.58,1.0405087289879151,0,0,0,0.25513538298436256,45K-60K,4-8,5,2
1365,2024-11-21,7.0,55300.0,387100.0,289219.54,97880.46,1.4781475935407722,0,0,0,0.2528557478687678,45K-60K,4-8,5,3
167,2023-04-04,5.0,51700.0,258500.0,192941.78,65558.22,0.3527905132619968,0,0,0,0.2536101353965184,45K-60K,4-8,5,4
248,2023-05-23,5.0,59600.0,298000.0,211927.17,86072.83,0.24838084147447495,0,0,0,0.288835,45K-60K,4-8,1,2
1384,2024-12-03,3.0,36400.0,109200.0,80954.58,28245.42,-0.12945223262380406,0,0,0,0.2586576923076923,30K-45K,0-4,6,1
812,2024-02-21,4.0,49800.0,199200.0,147201.9,51998.1,-0.24114794577402365,0,0,0,0.2610346385542169,45K-60K,0-4,5,2
2058,2025-10-14,5.0,40700.0,203500.0,153869.89,49630.11,0.024549702190657587,0,0,0,0.24388260442260443,30K-45K,4-8,6,3
1767,2025-05-30,4.0,73200.0,292800.0,203413.93,89386.07,0.5024193863873212,0,0,0,0.30528029371584703,60K-80K,0-4,3,3
1207,2024-09-12,7.0,51700.0,361900.0,265531.05,96368.95,-0.17465713346625888,0,0,0,0.26628612876485214,45K-60K,4-8,1,4
1309,2024-10-29,7.0,48400.0,338800.0,246074.07,92725.93,-0.35136919894783125,0,0,0,0.2736892857142857,45K-60K,4-8,1,2
538,2023-10-14,4.0,60500.0,242000.0,167225.53,74774.47,-0.33569937574412767,0,0,0,0.3089854132231405,60K-80K,0-4,2,3
1935,2025-08-20,7.0,48200.0,337400.0,242678.0,94722.0,-0.7413066481201461,0,0,0,0.2807409602845288,45K-60K,4-8,5,4
2116,2025-11-18,4.0,34800.0,139200.0,101733.22,37466.78,-0.18675527813616188,0,0,0,0.26915790229885056,30K-45K,0-4,6,1
1478,2025-01-13,4.0,54900.0,219600.0,161935.22,57664.78,1.3531079179542416,0,0,0,0.262590072859745,45K-60K,0-4,5,1
342,2023-07-17,3.0,74200.0,222600.0,157976.44,64623.56,0.6699630598877264,0,0,0,0.29031248876909255,60K-80K,0-4,3,2
773,2024-02-04,4.0,45100.0,180400.0,130745.75,49654.25,-1.7103641339157583,0,0,0,0.27524528824833705,45K-60K,0-4,5,4
1175,2024-08-26,7.0,45200.0,316400.0,232149.91,84250.09,-1.6791042150191258,0,0,0,0.26627714917825535,45K-60K,4-8,5,4
911,2024-04-11,7.0,52900.0,370300.0,266110.94,104189.06,-0.11039820056386894,0,0,0,0.28136392114501757,45K-60K,4-8,1,2
1682,2025-04-17,9.0,39400.0,354600.0,257286.12,97313.88,-0.022009022288133142,0,0,0,0.27443282571912014,30K-45K,8-12,6,1
2072,2025-10-24,5.0,64400.0,322000.0,225614.27,96385.73,-0.971964940416245,0,0,0,0.29933456521739127,60K-80K,4-8,3,2
1351,2024-11-15,9.0,34200.0,307800.0,223717.97,84082.03,-0.20824392020329607,0,0,0,0.27317098765432096,30K-45K,8-12,6,4
1653,2025-04-03,3.0,53900.0,161700.0,119449.13,42250.87,1.0405087289879151,0,0,0,0.2612917130488559,45K-60K,0-4,5,2
791,2024-02-12,1.0,67500.0,67500.0,46633.02,20866.98,-0.05905969627571893,0,0,0,0.30914044444444444,60K-80K,0-4,2,2
487,2023-09-22,4.0,52600.0,210400.0,153202.1,57197.9,-0.12646293378946644,0,0,0,0.2718531368821293,45K-60K,0-4,1,4
630,2023-11-26,3.0,59600.0,178800.0,129238.91,49561.09,0.24838084147447495,0,0,0,0.27718730425055926,45K-60K,0-4,1,4
7,2023-01-05,4.0,71700.0,286800.0,197941.09,88858.91,0.25110387613671326,0,0,0,0.30982883542538353,60K-80K,0-4,3,3
1039,2024-06-20,7.0,41200.0,288400.0,211817.08,76582.92,0.0424569039132694,0,0,0,0.26554410540915396,30K-45K,4-8,6,2
40,2023-01-21,3.0,98100.0,294300.0,207889.59,86410.41,1.2946101154201928,0,0,0,0.2936133537206932,80K-110K,0-4,7,2
76,2023-02-08,3.0,64000.0,192000.0,139879.49,52120.51,-0.1973795360099233,0,0,0,0.27146098958333337,60K-80K,0-4,2,1
1097,2024-07-22,7.0,41600.0,291200.0,213715.6,77484.4,0.056782665291358864,0,0,0,0.26608653846153846,30K-45K,4-8,6,1
1109,2024-07-25,5.0,48500.0,242500.0,180757.15,61742.85,-0.6475268914302481,0,0,0,0.25460969072164946,45K-60K,4-8,5,1
1067,2024-07-07,6.0,56400.0,338400.0,241423.15,96976.85,0.07702368706810175,0,0,0,0.28657461583924354,45K-60K,4-8,1,2
1626,2025-03-21,4.0,55000.0,220000.0,156961.74,63038.26,0.002054932015313479,0,0,0,0.28653754545454546,45K-60K,0-4,1,1
789,2024-02-11,1.0,173300.0,173300.0,115510.73,57789.27,1.6250333612401444,0,0,0,0.33346376226197344,145K+,0-4,8,1
1995,2025-09-16,1.0,150000.0,150000.0,98294.45,51705.55,-0.7089527131757543,0,0,0,0.3447036666666667,145K+,0-4,8,3
1023,2024-06-12,3.0,55500.0,166500.0,117346.43,49153.57,0.02882948739130929,0,0,0,0.2952166366366366,45K-60K,0-4,1,4
939,2024-04-27,11.0,50300.0,553300.0,401007.96,152292.04,-0.24962588851904716,0,0,0,0.2752431592264594,45K-60K,8-12,1,2
1205,2024-09-10,5.0,54200.0,271000.0,197433.82,73566.18,1.134288485677813,0,0,0,0.2714619188191882,45K-60K,4-8,5,4
1932,2025-08-18,5.0,69200.0,346000.0,238812.68,107187.32,-0.16775530761429985,0,0,0,0.30978994219653183,60K-80K,4-8,3,2
1803,2025-06-17,6.0,69800.0,418800.0,296332.1,122467.9,0.03183619840675823,0,0,0,0.29242574021012413,60K-80K,4-8,2,2
1814,2025-06-21,4.0,69400.0,277600.0,197400.91,80199.09,-0.13424657291421882,0,0,0,0.288901621037464,60K-80K,0-4,3,3
1208,2024-09-12,7.0,54700.0,382900.0,276644.63,106255.37,1.2905880801609764,0,0,0,0.2775016192217289,45K-60K,4-8,5,3
1303,2024-10-26,8.0,50000.0,400000.0,296698.26,103301.74,-0.17862810798075834,0,0,0,0.25825435,45K-60K,4-8,5,1
1445,2025-01-02,3.0,73400.0,220200.0,160350.43,59849.57,0.17410803356193988,0,0,0,0.2717964123524069,60K-80K,0-4,2,2
1455,2025-01-05,5.0,52000.0,260000.0,185149.41,74850.59,-0.1585924002406614,0,0,0,0.2878868846153846,45K-60K,4-8,1,3
613,2023-11-15,6.0,34700.0,208200.0,157662.28,50537.72,-0.19033671848068423,0,0,0,0.24273640730067245,30K-45K,4-8,6,2
722,2024-01-09,4.0,89400.0,357600.0,256739.15,100860.85,-0.2112842842053295,0,0,0,0.28204935682326626,80K-110K,0-4,7,4
326,2023-07-05,6.0,36900.0,221400.0,166857.5,54542.5,-0.11154503090119224,0,0,0,0.24635275519421862,30K-45K,4-8,6,1
952,2024-05-03,6.0,47200.0,283200.0,201253.68,81946.32,-1.0539058370864727,0,0,0,0.28935847457627123,45K-60K,4-8,5,2
256,2023-05-26,3.0,50700.0,152100.0,107013.49,45086.51,-0.2282062442182505,0,0,0,0.2964267587113741,45K-60K,0-4,1,2
1857,2025-07-10,6.0,56900.0,341400.0,242527.41,98872.59,0.10379824244409756,0,0,0,0.2896092267135325,45K-60K,4-8,1,3
841,2024-03-09,5.0,73900.0,369500.0,265492.39,104007.61,0.1938680106668262,0,0,0,0.2814820297699594,60K-80K,4-8,2,3
1187,2024-09-01,8.0,68300.0,546400.0,395012.88,151387.12,-0.3185446137646646,0,0,0,0.2770628111273792,60K-80K,4-8,3,3
904,2024-04-10,5.0,53900.0,269500.0,194145.72,75354.28,1.0405087289879151,0,0,0,0.2796077179962894,45K-60K,4-8,5,4
156,2023-03-28,4.0,74500.0,298000.0,215866.24,82133.76,0.2175799831926898,0,0,0,0.27561664429530197,60K-80K,0-4,2,2
8,2023-01-05,2.0,56900.0,113800.0,82249.37,31550.63,0.10379824244409756,0,0,0,0.277246309314587,45K-60K,0-4,1,2
2030,2025-09-28,4.0,92000.0,368000.0,260355.91,107644.09,0.23875312257930936,0,0,0,0.2925111141304348,80K-110K,0-4,7,1
2025,2025-09-26,3.0,120800.0,362400.0,240063.98,122336.02,-0.8937983350107271,0,0,0,0.3375717991169978,110K-145K,0-4,4,1
1334,2024-11-09,7.0,73000.0,511000.0,358079.86,152920.14,0.4689106516872401,0,0,0,0.29925663405088065,60K-80K,4-8,3,2
270,2023-06-05,5.0,36700.0,183500.0,135031.8,48468.2,-0.11870791159023697,0,0,0,0.2641318801089918,30K-45K,4-8,6,4
882,2024-03-31,2.0,161300.0,322600.0,211386.69,111213.31,0.42298044737787904,0,0,0,0.3447405765654061,145K+,0-4,8,1
1415,2024-12-20,7.0,53400.0,373800.0,270853.26,102946.74,-0.08362364518787312,0,0,0,0.2754059390048154,45K-60K,4-8,1,3
391,2023-08-08,3.0,36600.0,109800.0,81395.82,28404.18,-0.12228935193475933,0,0,0,0.25869016393442623,30K-45K,0-4,6,1
302,2023-06-23,7.0,54700.0,382900.0,272621.16,110278.84,1.2905880801609764,0,0,0,0.28800950639853745,45K-60K,4-8,5,1
1094,2024-07-19,2.0,63200.0,126400.0,87875.73,38524.27,-0.22899549937774144,0,0,0,0.3047806170886076,60K-80K,0-4,2,2
1348,2024-11-14,8.0,50400.0,403200.0,298277.53,104922.47,-0.05358843239422773,0,0,0,0.26022437996031744,45K-60K,4-8,5,3
590,2023-11-05,5.0,45400.0,227000.0,169082.57,57917.43,-1.6165843772258603,0,0,0,0.25514286343612336,45K-60K,4-8,5,4
1106,2024-07-24,6.0,74600.0,447600.0,320632.78,126967.22,0.7369805292878885,0,0,0,0.28366224307417337,60K-80K,4-8,3,1
2017,2025-09-23,4.0,69900.0,279600.0,203828.12,75771.88,0.035788193827735494,0,0,0,0.2710010014306152,60K-80K,0-4,2,2
1085,2024-07-16,4.0,38300.0,153200.0,114580.48,38619.52,-0.06140486607787914,0,0,0,0.25208563968668407,30K-45K,0-4,6,3
1860,2025-07-10,7.0,56900.0,398300.0,285751.42,112548.58,0.10379824244409756,0,0,0,0.2825723826261612,45K-60K,4-8,1,4
314,2023-06-29,5.0,64000.0,320000.0,221003.33,98996.67,-1.038982409816407,0,0,0,0.30936459374999997,60K-80K,4-8,3,1
1940,2025-08-23,4.0,41300.0,165200.0,123231.18,41968.82,0.04603834425779177,0,0,0,0.25404854721549636,30K-45K,0-4,6,3
901,2024-04-08,5.0,41100.0,205500.0,153709.99,51790.01,0.03887546356874704,0,0,0,0.25201951338199513,30K-45K,4-8,6,2
1304,2024-10-27,4.0,65700.0,262800.0,186646.35,76153.65,-0.13019561385330974,0,0,0,0.28977796803652967,60K-80K,0-4,2,3
490,2023-09-22,3.0,65400.0,196200.0,135760.06,60439.94,-0.8044212669158398,0,0,0,0.3080527013251784,60K-80K,0-4,3,1
201,2023-04-27,7.0,34900.0,244300.0,176532.46,67767.54,-0.1831738377916395,0,0,0,0.27739476054031925,30K-45K,4-8,6,1
1892,2025-07-26,7.0,64600.0,452200.0,315124.38,137075.62,-0.1736675634840597,0,0,0,0.30313051747014597,60K-80K,4-8,2,3
1731,2025-05-12,6.0,51200.0,307200.0,227153.08,80046.92,-0.2014316888422547,0,0,0,0.26056940104166665,45K-60K,4-8,1,4
978,2024-05-18,1.0,90400.0,90400.0,63488.65,26911.35,-0.038192973903545306,0,0,0,0.29769192477876105,80K-110K,0-4,7,2
1425,2024-12-22,8.0,65300.0,522400.0,377206.15,145193.85,-0.1460035955372188,0,0,0,0.2779361600306279,60K-80K,4-8,2,4
138,2023-03-21,6.0,74900.0,449400.0,312323.61,137076.39,0.23338796487659888,0,0,0,0.30502089452603476,60K-80K,4-8,2,4
1276,2024-10-15,10.0,56800.0,568000.0,400571.01,167428.99,0.0984433313688984,0,0,0,0.2947693485915493,45K-60K,8-12,1,2
2121,2025-11-21,1.0,132700.0,132700.0,91674.42,41025.58,0.7816410215799322,0,0,0,0.3091603617181613,110K-145K,0-4,4,3
602,2023-11-10,7.0,51600.0,361200.0,259403.63,101796.37,0.32153059436536413,0,0,0,0.2818282668881506,45K-60K,4-8,5,2
1883,2025-07-20,3.0,117300.0,351900.0,236815.68,115084.32,-1.3865746163609212,0,0,0,0.3270369991474851,110K-145K,0-4,4,1
1760,2025-05-26,7.0,50400.0,352800.0,256132.76,96667.24,-0.244270977443848,0,0,0,0.2740001133786848,45K-60K,4-8,1,2
799,2024-02-15,7.0,55300.0,387100.0,273733.0,113367.0,0.01811966524091097,0,0,0,0.2928623094807543,45K-60K,4-8,1,4
368,2023-07-30,5.0,56500.0,282500.0,198697.79,83802.21,0.08237859814330092,0,0,0,0.2966449911504425,45K-60K,4-8,1,4
462,2023-09-10,3.0,57300.0,171900.0,126904.76,44995.24,0.12521788674489423,0,0,0,0.261752414194299,45K-60K,0-4,1,1
825,2024-03-01,7.0,66800.0,467600.0,331310.43,136289.57,-0.0867236642225598,0,0,0,0.29146614627887085,60K-80K,4-8,2,1
325,2023-07-05,7.0,49800.0,348600.0,259673.24,88926.76,-0.24114794577402365,0,0,0,0.2550968445209409,45K-60K,4-8,5,2
1485,2025-01-18,6.0,57100.0,342600.0,246673.07,95926.93,0.11450806459449589,0,0,0,0.27999687682428487,45K-60K,4-8,1,1
1840,2025-06-30,4.0,39400.0,157600.0,115697.28,41902.72,-0.022009022288133142,0,0,0,0.26588020304568527,30K-45K,0-4,6,2
1177,2024-08-27,7.0,46800.0,327600.0,239778.81,87821.19,-1.1789455126730033,0,0,0,0.26807445054945056,45K-60K,4-8,5,3
66,2023-02-03,2.0,61900.0,123800.0,89669.09,34130.91,-0.28037143985044594,0,0,0,0.27569394184168017,60K-80K,0-4,2,1
247,2023-05-21,6.0,37100.0,222600.0,168022.48,54577.52,-0.10438215021214751,0,0,0,0.24518203054806828,30K-45K,4-8,6,4
848,2024-03-12,8.0,48400.0,387200.0,279798.46,107401.54,-0.6787868103268808,0,0,0,0.2773800103305785,45K-60K,4-8,5,2
296,2023-06-19,5.0,54600.0,273000.0,193745.85,79254.15,-0.01936471228548317,0,0,0,0.2903082417582417,45K-60K,4-8,1,4
434,2023-08-29,6.0,59800.0,358800.0,260490.2,98309.8,0.25909066362487326,0,0,0,0.27399609810479375,45K-60K,4-8,1,1
1064,2024-07-05,4.0,62900.0,251600.0,179393.25,72206.75,-0.24085148564067324,0,0,0,0.28699026232114466,60K-80K,0-4,2,4
278,2023-06-09,7.0,53100.0,371700.0,274491.66,97208.34,0.7904293778148539,0,0,0,0.26152364810330914,45K-60K,4-8,5,3
1663,2025-04-05,8.0,53600.0,428800.0,302597.01,126202.99,-0.0729138230374748,0,0,0,0.2943166744402985,45K-60K,4-8,1,4
478,2023-09-17,3.0,38000.0,114000.0,85962.59,28037.41,-0.07214918711144623,0,0,0,0.24594219298245615,30K-45K,0-4,6,4
127,2023-03-11,8.0,58000.0,464000.0,325244.17,138755.83,0.16270226427128837,0,0,0,0.2990427370689655,45K-60K,4-8,1,2
1256,2024-10-06,6.0,72900.0,437400.0,315006.14,122393.86,0.15434805645705352,0,0,0,0.27982135345221765,60K-80K,4-8,2,3
460,2023-09-07,1.0,93600.0,93600.0,66489.78,27110.22,0.5156992190621641,0,0,0,0.2896391025641026,80K-110K,0-4,7,4
713,2024-01-04,3.0,57700.0,173100.0,124143.07,48956.93,0.14663753104569086,0,0,0,0.282824552281918,45K-60K,0-4,1,2
305,2023-06-23,4.0,412000.0,164800.0,122152.93,42647.07,13.322437701402194,1,0,0,0.2587807645631068,145K+,0-4,6,1
1843,2025-07-02,3.0,69200.0,207600.0,149163.91,58436.09,0.008124225880894623,0,0,0,0.2814840558766859,60K-80K,0-4,2,3
225,2023-05-11,3.0,36100.0,108300.0,78482.59,29817.41,-0.14019655365737116,0,0,0,0.27532234533702676,30K-45K,0-4,6,3
1001,2024-05-28,2.0,40200.0,80400.0,57948.35,22451.65,0.006642500468045767,0,0,0,0.2792493781094528,30K-45K,0-4,6,2
1019,2024-06-11,5.0,62300.0,311500.0,225462.84,86037.16,-1.3238066547670961,0,0,0,0.27620276083467094,60K-80K,4-8,3,2
442,2023-09-01,1.0,144500.0,144500.0,93038.82,51461.18,-1.2598936320292926,0,0,0,0.35613273356401387,110K-145K,0-4,8,3
1548,2025-02-15,6.0,51900.0,311400.0,226013.98,85386.02,-0.16394731131586057,0,0,0,0.27420044958253054,45K-60K,4-8,1,3
282,2023-06-11,5.0,45900.0,229500.0,169927.33,59572.67,-1.460284782742697,0,0,0,0.25957590413943354,45K-60K,4-8,5,2
266,2023-06-03,6.0,60300.0,361800.0,250575.04,111224.96,-0.3436033665860822,0,0,0,0.3074211166390271,60K-80K,4-8,2,2
1966,2025-09-03,7.0,39900.0,279300.0,202997.84,76302.16,-0.004101820565521324,0,0,0,0.27319069101324744,30K-45K,4-8,6,2
1519,2025-02-03,3.0,52600.0,157800.0,112908.22,44891.78,0.6341297833316907,0,0,0,0.2844852978453739,45K-60K,0-4,5,2
74,2023-02-08,2.0,72000.0,144000.0,102235.41,41764.59,0.30136697818683483,0,0,0,0.290031875,60K-80K,0-4,3,3
57,2023-01-29,4.0,86900.0,347600.0,247550.72,100049.28,-0.6440125599597899,0,0,0,0.2878287686996548,80K-110K,0-4,7,1
353,2023-07-23,6.0,54900.0,329400.0,240259.91,89140.09,1.3531079179542416,0,0,0,0.2706135094110504,45K-60K,4-8,5,4
839,2024-03-08,5.0,40100.0,200500.0,145322.27,55177.73,0.0030610601235234033,0,0,0,0.2752006483790524,30K-45K,4-8,6,4
1499,2025-01-25,3.0,55700.0,167100.0,122101.18,44998.82,1.6031872691273028,0,0,0,0.26929275882704967,45K-60K,0-4,5,4
159,2023-03-31,6.0,69800.0,418800.0,301226.85,117573.15,0.03183619840675823,0,0,0,0.2807381805157593,60K-80K,4-8,2,2
25,2023-01-14,2.0,72100.0,144200.0,103095.29,41104.71,0.12273209308923538,0,0,0,0.28505346740638005,60K-80K,0-4,2,3
2050,2025-10-07,4.0,63600.0,254400.0,179709.7,74690.3,-0.21318751769383237,0,0,0,0.2935939465408805,60K-80K,0-4,2,2
677,2023-12-21,7.0,54700.0,382900.0,275529.36,107370.64,-0.014009801210284008,0,0,0,0.2804143118307652,45K-60K,4-8,1,2
984,2024-05-21,8.0,48300.0,386400.0,279731.61,106668.39,-0.7100467292235134,0,0,0,0.2760569099378882,45K-60K,4-8,5,4
617,2023-11-17,3.0,67600.0,202800.0,147807.7,54992.3,-0.05510770085474166,0,0,0,0.27116518737672585,60K-80K,0-4,2,4
1222,2024-09-18,5.0,82000.0,410000.0,290639.83,119360.17,-1.4921599804385324,0,0,0,0.2911223658536585,80K-110K,4-8,7,2
298,2023-06-19,8.0,59600.0,476800.0,352291.88,124508.12,0.24838084147447495,0,0,0,0.2611328020134228,45K-60K,4-8,1,4
2034,2025-09-30,5.0,62800.0,314000.0,219004.03,94995.97,-0.2448034810616505,0,0,0,0.30253493630573247,60K-80K,4-8,2,3
1896,2025-07-28,7.0,48000.0,336000.0,239419.76,96580.24,-0.8038264859134114,0,0,0,0.2874411904761905,45K-60K,4-8,5,2
1282,2024-10-17,6.0,98300.0,589800.0,409809.67,179990.33,1.3292283774805498,0,0,0,0.30517180400135635,80K-110K,4-8,7,3
218,2023-05-08,7.0,53200.0,372400.0,264567.72,107832.28,-0.09433346733827144,0,0,0,0.28956036519871103,45K-60K,4-8,1,3
1505,2025-01-28,4.0,34600.0,138400.0,101973.45,36426.55,-0.1939181588252066,0,0,0,0.26319761560693644,30K-45K,0-4,6,3
760,2024-01-26,3.0,41600.0,124800.0,93916.55,30883.45,0.056782665291358864,0,0,0,0.24746354166666668,30K-45K,0-4,6,3
1464,2025-01-08,3.0,70400.0,211200.0,153864.62,57335.38,0.055548170932621835,0,0,0,0.2714743371212121,60K-80K,0-4,2,1
1745,2025-05-18,8.0,56100.0,448800.0,323096.6,125703.4,0.06095895384250427,0,0,0,0.2800877896613191,45K-60K,4-8,1,1
950,2024-05-03,5.0,47900.0,239500.0,171298.81,68201.19,-0.835086404810044,0,0,0,0.284764885177453,45K-60K,4-8,5,5
1547,2025-02-15,7.0,48100.0,336700.0,250301.58,86398.42,-0.7725665670167787,0,0,0,0.256603564003564,45K-60K,4-8,5,1
1625,2025-03-21,5.0,73100.0,365500.0,263585.7,101914.3,0.16225204729900808,0,0,0,0.27883529411764707,60K-80K,4-8,2,3
1157,2024-08-16,6.0,55500.0,333000.0,241948.75,91051.25,0.02882948739130929,0,0,0,0.2734271771771772,45K-60K,4-8,1,2
861,2024-03-20,3.0,74300.0,222900.0,154870.72,68029.28,0.20967599235073528,0,0,0,0.30520089726334676,60K-80K,0-4,2,1
542,2023-10-14,5.0,41800.0,209000.0,156368.27,52631.73,0.06394554598040358,0,0,0,0.2518264593301436,30K-45K,4-8,6,4
1285,2024-10-18,4.0,41300.0,165200.0,122664.28,42535.72,0.04603834425779177,0,0,0,0.25748014527845037,30K-45K,0-4,6,3
619,2023-11-18,1.0,86500.0,86500.0,60879.49,25620.51,-0.7132490840805036,0,0,0,0.2961908670520231,80K-110K,0-4,7,3
260,2023-05-29,3.0,60100.0,180300.0,125128.06,55171.94,-0.35150735742803674,0,0,0,0.3060007764836384,60K-80K,0-4,2,4
1080,2024-07-13,1.0,61000.0,61000.0,44044.89,16955.11,-0.3159393986392413,0,0,0,0.2779526229508197,60K-80K,0-4,2,3
82,2023-02-12,3.0,61700.0,185100.0,127819.34,57280.66,-0.28827543069240047,0,0,0,0.30945791464073474,60K-80K,0-4,2,4
583,2023-11-02,10.0,52800.0,528000.0,383576.63,144423.37,-0.1157531116390681,0,0,0,0.27352910984848483,45K-60K,8-12,1,1
2092,2025-11-06,6.0,40000.0,240000.0,174110.48,65889.52,-0.0005203802209989603,0,0,0,0.2745396666666667,30K-45K,4-8,6,2
2171,2025-12-17,9.0,58700.0,528300.0,376497.7,151802.3,0.2001866417976825,0,0,0,0.287341094075336,45K-60K,8-12,1,3
1741,2025-05-18,8.0,37900.0,303200.0,223665.11,79534.89,-0.0757306274559686,0,0,0,0.2623182387862797,30K-45K,4-8,6,4
869,2024-03-25,8.0,56200.0,449600.0,318839.2,130760.8,0.06631386491770343,0,0,0,0.29083807829181496,45K-60K,4-8,1,2
81,2023-02-12,7.0,59600.0,417200.0,299718.1,117481.9,0.24838084147447495,0,0,0,0.28159611697027803,45K-60K,4-8,1,2
838,2024-03-08,3.0,121600.0,364800.0,248822.67,115977.33,-0.7811637564163971,0,0,0,0.3179203125,110K-145K,0-4,4,2
229,2023-05-13,1.0,92900.0,92900.0,65906.99,26993.01,0.3945353018509151,0,0,0,0.2905598493003229,80K-110K,0-4,7,1
381,2023-08-04,4.0,58400.0,233600.0,166138.22,67461.78,0.18412190857208502,0,0,0,0.28879186643835614,45K-60K,0-4,1,2
165,2023-04-04,3.0,60100.0,180300.0,131456.9,48843.1,-0.35150735742803674,0,0,0,0.2708990571270105,60K-80K,0-4,2,3
1574,2025-02-27,2.0,39100.0,78200.0,58788.24,19411.76,-0.03275334332170023,0,0,0,0.2482322250639386,30K-45K,0-4,6,1
894,2024-04-06,5.0,39200.0,196000.0,144503.08,51496.92,-0.02917190297717787,0,0,0,0.262739387755102,30K-45K,4-8,6,4
186,2023-04-17,6.0,54500.0,327000.0,240448.45,86551.55,1.228068242367711,0,0,0,0.2646836391437309,45K-60K,4-8,5,4
94,2023-02-19,6.0,35800.0,214800.0,157967.21,56832.79,-0.15094087469093825,0,0,0,0.2645846834264432,30K-45K,4-8,6,1
1486,2025-01-18,4.0,68800.0,275200.0,190167.76,85032.24,-0.23477277701446195,0,0,0,0.30898343023255814,60K-80K,0-4,3,2
934,2024-04-25,1.0,48500.0,48500.0,35127.72,13372.28,-0.6475268914302481,0,0,0,0.27571711340206184,45K-60K,0-4,5,4
1565,2025-02-24,1.0,54600.0,54600.0,38940.74,15659.26,1.2593281612643437,0,0,0,0.2867996336996337,45K-60K,0-4,5,4
1016,2024-06-08,5.0,52000.0,260000.0,183239.34,76760.66,-0.1585924002406614,0,0,0,0.2952333076923077,45K-60K,4-8,1,1
323,2023-07-04,7.0,52800.0,369600.0,262209.63,107390.37,-0.1157531116390681,0,0,0,0.29055836038961036,45K-60K,4-8,1,3
765,2024-01-29,8.0,39400.0,315200.0,228161.97,87038.03,-0.022009022288133142,0,0,0,0.2761358819796954,30K-45K,4-8,6,2
1168,2024-08-21,8.0,52800.0,422400.0,315934.28,106465.72,0.696649621124956,0,0,0,0.2520495265151515,45K-60K,4-8,5,3
1087,2024-07-16,1.0,94600.0,94600.0,67723.5,26876.5,0.6887905293639482,0,0,0,0.2841067653276956,80K-110K,0-4,7,2
662,2023-12-10,7.0,71700.0,501900.0,361925.95,139974.05,0.25110387613671326,0,0,0,0.27888832436740385,60K-80K,4-8,3,1
1960,2025-09-01,6.0,55300.0,331800.0,244525.44,87274.56,1.4781475935407722,0,0,0,0.26303363471971064,45K-60K,4-8,5,2
2111,2025-11-15,5.0,36400.0,182000.0,136146.88,45853.12,-0.12945223262380406,0,0,0,0.2519402197802198,30K-45K,4-8,6,4
1167,2024-08-21,6.0,52300.0,313800.0,228951.27,84848.73,0.5403500266417927,0,0,0,0.27039110898661567,45K-60K,4-8,5,2
923,2024-04-18,4.0,63300.0,253200.0,179033.39,74166.61,-0.22504350395676417,0,0,0,0.2929171011058452,60K-80K,0-4,2,3
1807,2025-06-19,1.0,149300.0,149300.0,98477.6,50822.4,-0.7790724664843864,0,0,0,0.3404045545880777,145K+,0-4,8,2
925,2024-04-19,4.0,69200.0,276800.0,198244.37,78555.63,0.008124225880894623,0,0,0,0.2837992413294798,60K-80K,0-4,2,4
769,2024-02-01,6.0,61700.0,370200.0,268935.26,101264.74,-0.28827543069240047,0,0,0,0.2735406266882766,60K-80K,4-8,2,2
511,2023-10-03,6.0,61800.0,370800.0,268598.74,102201.26,-0.2843234352714232,0,0,0,0.2756236785329018,60K-80K,4-8,2,4
1142,2024-08-08,1.0,89200.0,89200.0,60850.62,28349.38,-0.24590254626568633,0,0,0,0.3178181614349776,80K-110K,0-4,7,1
537,2023-10-14,4.0,97800.0,391200.0,275821.33,115378.67,1.2426827223296577,0,0,0,0.2949352505112474,80K-110K,0-4,7,1
1082,2024-07-15,5.0,46000.0,230000.0,166616.01,63383.99,-1.4290248638460645,0,0,0,0.2755825652173913,45K-60K,4-8,5,1
879,2024-03-30,5.0,48000.0,240000.0,175679.16,64320.84,-0.3727888432486279,0,0,0,0.2680035,45K-60K,4-8,1,2
1371,2024-11-24,3.0,132600.0,397800.0,267158.36,130641.64,0.767561699255641,0,0,0,0.3284103569632981,110K-145K,0-4,4,4
2032,2025-09-29,4.0,50800.0,203200.0,149466.67,53733.33,0.07145124319230288,0,0,0,0.2644356791338583,45K-60K,0-4,5,2
143,2023-03-24,6.0,71300.0,427800.0,295530.74,132269.26,0.09111612972141725,0,0,0,0.30918480598410475,60K-80K,4-8,2,1
472,2023-09-15,2.0,143200.0,286400.0,190085.18,96314.82,-1.390116031031038,0,0,0,0.33629476256983243,110K-145K,0-4,8,1
1483,2025-01-15,7.0,37100.0,259700.0,195891.56,63808.44,-0.10438215021214751,0,0,0,0.24570057758952638,30K-45K,4-8,6,2
2149,2025-12-06,7.0,36400.0,254800.0,185573.21,69226.79,-0.12945223262380406,0,0,0,0.27169069858712713,30K-45K,4-8,6,1
1437,2024-12-28,6.0,39000.0,234000.0,173171.71,60828.29,-0.0363347836662226,0,0,0,0.2599499572649573,30K-45K,4-8,6,3
1398,2024-12-11,4.0,66300.0,265200.0,190813.62,74386.38,-0.10648364132744614,0,0,0,0.28049162895927604,60K-80K,0-4,2,2
470,2023-09-14,1.0,96800.0,96800.0,67454.66,29345.34,1.0695914120278733,0,0,0,0.3031543388429752,80K-110K,0-4,7,1
1594,2025-03-07,1.0,142200.0,142200.0,94045.05,48154.95,-1.4902871071862267,0,0,0,0.33864240506329113,110K-145K,0-4,8,2
424,2023-08-26,8.0,48000.0,384000.0,277928.26,106071.74,-0.3727888432486279,0,0,0,0.27622848958333335,45K-60K,4-8,1,1
1904,2025-08-01,6.0,36500.0,219000.0,159597.6,59402.4,-0.1258707922792817,0,0,0,0.2712438356164384,30K-45K,4-8,6,2
1284,2024-10-17,7.0,65200.0,456400.0,315770.23,140629.77,-0.8379300016159209,0,0,0,0.30812833041191934,60K-80K,4-8,3,4
1433,2024-12-27,1.0,123500.0,123500.0,83502.64,39997.36,-0.5136566322548632,0,0,0,0.32386526315789477,110K-145K,0-4,4,2
1195,2024-09-05,5.0,51200.0,256000.0,184649.63,71350.37,-0.2014316888422547,0,0,0,0.2787123828125,45K-60K,4-8,1,4
2085,2025-11-03,7.0,36300.0,254100.0,190195.16,63904.84,-0.1330336729683264,0,0,0,0.25149484454939,30K-45K,4-8,6,1
1610,2025-03-12,3.0,35600.0,106800.0,79483.51,27316.49,-0.15810375537998297,0,0,0,0.2557723782771536,30K-45K,0-4,6,3
438,2023-08-30,3.0,73100.0,219300.0,152692.8,66607.2,0.4856650190372806,0,0,0,0.3037264021887825,60K-80K,0-4,3,1
1131,2024-08-03,1.0,40300.0,40300.0,29919.93,10380.07,0.010223940812568132,0,0,0,0.2575699751861042,30K-45K,0-4,6,2
191,2023-04-19,6.0,74400.0,446400.0,317332.44,129067.56,0.21362798777171255,0,0,0,0.2891298387096774,60K-80K,4-8,2,3
160,2023-04-01,8.0,48700.0,389600.0,277577.02,112022.98,-0.33530446572223377,0,0,0,0.2875333162217659,45K-60K,4-8,1,2
119,2023-03-07,2.0,96100.0,192200.0,132438.79,59761.21,0.9484274948166245,0,0,0,0.3109324141519251,80K-110K,0-4,7,1
764,2024-01-27,5.0,65400.0,327000.0,226817.55,100182.45,-0.8044212669158398,0,0,0,0.3063683486238532,60K-80K,4-8,3,4
2122,2025-11-21,9.0,54100.0,486900.0,357730.27,129169.73,1.1030285667811803,0,0,0,0.2652900595604847,45K-60K,8-12,5,4
1498,2025-01-24,1.0,73100.0,73100.0,52342.25,20757.75,0.4856650190372806,0,0,0,0.2839637482900137,60K-80K,0-4,3,3
261,2023-05-30,6.0,62300.0,373800.0,258517.49,115282.51,-1.3238066547670961,0,0,0,0.3084069288389513,60K-80K,4-8,3,1
1434,2024-12-27,3.0,74400.0,223200.0,156480.2,66719.8,0.21362798777171255,0,0,0,0.29892383512544807,60K-80K,0-4,2,4
675,2023-12-19,8.0,48000.0,384000.0,284098.13,99901.87,-0.8038264859134114,0,0,0,0.2601611197916667,45K-60K,4-8,5,3
1826,2025-06-27,4.0,71100.0,284400.0,203557.62,80842.38,0.08321213887946272,0,0,0,0.2842559071729958,60K-80K,0-4,2,2
6,2023-01-04,1.0,143400.0,143400.0,96214.19,47185.81,-1.3700818158000003,0,0,0,0.32905027894002786,110K-145K,0-4,8,1
1300,2024-10-25,8.0,53400.0,427200.0,305257.24,121942.76,0.8842091345047519,0,0,0,0.28544653558052435,45K-60K,4-8,5,4
1881,2025-07-20,2.0,36300.0,72600.0,54294.9,18305.1,-0.1330336729683264,0,0,0,0.2521363636363636,30K-45K,0-4,6,4
881,2024-03-31,1.0,93700.0,93700.0,66108.4,27591.6,0.5330083500923425,0,0,0,0.2944674493062967,80K-110K,0-4,7,4
586,2023-11-04,5.0,48700.0,243500.0,176292.25,67207.75,-0.5850070536369828,0,0,0,0.2760071868583162,45K-60K,4-8,5,3
1755,2025-05-24,4.0,73200.0,292800.0,203985.67,88814.33,0.16620404271998535,0,0,0,0.30332762978142075,60K-80K,0-4,2,3
1108,2024-07-25,2.0,136000.0,272000.0,180613.6,91386.4,1.2462586582815436,0,0,0,0.33597941176470586,110K-145K,0-4,4,2
1141,2024-08-08,9.0,47600.0,428400.0,309919.08,118480.92,-0.9288661614999421,0,0,0,0.276566106442577,45K-60K,8-12,5,4
1833,2025-06-28,8.0,57400.0,459200.0,334210.3,124989.7,0.13057279782009337,0,0,0,0.2721901132404181,45K-60K,4-8,1,3
2147,2025-12-06,5.0,72500.0,362500.0,251357.59,111142.41,0.3851388149370375,0,0,0,0.30659975172413795,60K-80K,4-8,3,4
615,2023-11-16,4.0,51500.0,206000.0,149374.54,56625.46,0.2902706754687315,0,0,0,0.27488087378640774,45K-60K,0-4,5,4
1518,2025-02-03,3.0,53300.0,159900.0,115240.42,44659.58,-0.08897855626307229,0,0,0,0.27929693558474045,45K-60K,0-4,1,3
224,2023-05-11,5.0,41200.0,206000.0,151673.74,54326.26,0.0424569039132694,0,0,0,0.2637197087378641,30K-45K,4-8,6,3
988,2024-05-23,6.0,55700.0,334200.0,242579.0,91621.0,1.6031872691273028,0,0,0,0.2741502094554159,45K-60K,4-8,5,2
477,2023-09-16,9.0,54100.0,486900.0,353127.95,133772.05,-0.04613926766147899,0,0,0,0.27474234955843085,45K-60K,8-12,1,2
375,2023-08-01,6.0,80800.0,484800.0,332634.69,152165.31,-1.6998695528006733,0,0,0,0.3138723391089109,80K-110K,4-8,7,1
746,2024-01-20,5.0,68900.0,344500.0,243750.02,100749.98,-0.21801840966442143,0,0,0,0.29245277213352683,60K-80K,4-8,3,4
763,2024-01-26,1.0,133800.0,133800.0,92413.6,41386.4,0.936513567147136,0,0,0,0.3093153961136024,110K-145K,0-4,4,3
322,2023-07-02,4.0,36700.0,146800.0,111227.47,35572.53,-0.11870791159023697,0,0,0,0.24231968664850134,30K-45K,0-4,6,2
384,2023-08-06,5.0,38300.0,191500.0,144147.84,47352.16,-0.06140486607787914,0,0,0,0.24726976501305484,30K-45K,4-8,6,1
1199,2024-09-08,5.0,48000.0,240000.0,177100.49,62899.51,-0.8038264859134114,0,0,0,0.26208129166666666,45K-60K,4-8,5,1
1959,2025-09-01,2.0,73100.0,146200.0,102083.62,44116.38,0.4856650190372806,0,0,0,0.30175362517099863,60K-80K,0-4,3,1
1301,2024-10-25,2.0,71000.0,142000.0,98297.28,43702.72,0.13382330468642958,0,0,0,0.3077656338028169,60K-80K,0-4,3,3
1558,2025-02-21,5.0,37800.0,189000.0,137298.85,51701.15,-0.07931206780049097,0,0,0,0.2735510582010582,30K-45K,4-8,6,3
1369,2024-11-24,7.0,96100.0,672700.0,470037.86,202662.14,0.9484274948166245,0,0,0,0.30126674594916014,80K-110K,4-8,7,1
580,2023-11-01,1.0,96300.0,96300.0,69086.75,27213.25,0.9830457568769814,0,0,0,0.2825882658359294,80K-110K,0-4,7,2
2114,2025-11-17,7.0,46600.0,326200.0,237310.14,88889.86,-1.2414653504662685,0,0,0,0.27250110361741264,45K-60K,4-8,5,4
1660,2025-04-05,7.0,49000.0,343000.0,249025.98,93974.02,-0.4912272969470849,0,0,0,0.27397673469387757,45K-60K,4-8,5,4
28,2023-01-15,3.0,70700.0,212100.0,148421.02,63678.98,0.06740415719555364,0,0,0,0.30023092880716645,60K-80K,0-4,2,1
787,2024-02-11,4.0,81600.0,326400.0,230672.92,95727.08,-1.5613965045592462,0,0,0,0.29328149509803925,80K-110K,0-4,7,3
69,2023-02-03,6.0,61000.0,366000.0,263128.43,102871.57,-0.3159393986392413,0,0,0,0.2810698633879782,60K-80K,4-8,2,4
234,2023-05-14,4.0,82400.0,329600.0,226628.23,102971.77,-1.4229234563178188,0,0,0,0.3124143507281554,80K-110K,0-4,7,1
518,2023-10-08,6.0,72100.0,432600.0,314126.5,118473.5,0.3181213455368754,0,0,0,0.2738638465094776,60K-80K,4-8,3,3
328,2023-07-06,7.0,58400.0,408800.0,292379.53,116420.47,0.18412190857208502,0,0,0,0.284785885518591,45K-60K,4-8,1,3
835,2024-03-07,5.0,70100.0,350500.0,247792.42,102707.58,0.043692184669690035,0,0,0,0.2930316119828816,60K-80K,4-8,2,3
465,2023-09-12,6.0,67000.0,402000.0,282269.79,119730.21,-0.07881967338060526,0,0,0,0.2978363432835821,60K-80K,4-8,2,4
1971,2025-09-04,3.0,50100.0,150300.0,108629.98,41670.02,-0.1473681890841257,0,0,0,0.27724564204923485,45K-60K,0-4,5,1
785,2024-02-10,4.0,48300.0,193200.0,142621.75,50578.25,-0.3567241100230304,0,0,0,0.26179218426501033,45K-60K,0-4,1,2
1093,2024-07-19,6.0,51400.0,308400.0,223846.69,84553.31,0.2590107565720988,0,0,0,0.2741676718547341,45K-60K,4-8,5,2
1994,2025-09-15,6.0,38500.0,231000.0,170798.61,60201.39,-0.054241985388834416,0,0,0,0.2606120779220779,30K-45K,4-8,6,4
1475,2025-01-12,1.0,49700.0,49700.0,35829.96,13870.04,-0.2817553549702421,0,0,0,0.2790752515090543,45K-60K,0-4,1,4
1991,2025-09-15,3.0,46400.0,139200.0,99942.73,39257.27,-1.303985188259534,0,0,0,0.28202061781609195,45K-60K,0-4,5,1
1787,2025-06-10,5.0,35600.0,178000.0,134016.66,43983.34,-0.15810375537998297,0,0,0,0.24709741573033706,30K-45K,4-8,6,4
607,2023-11-12,3.0,122200.0,366600.0,242126.14,124473.86,-0.6966878224706495,0,0,0,0.33953589743589746,110K-145K,0-4,4,1
1527,2025-02-06,7.0,53600.0,375200.0,277250.31,97949.69,-0.0729138230374748,0,0,0,0.26105994136460553,45K-60K,4-8,1,4
54,2023-01-26,4.0,35300.0,141200.0,102391.12,38808.88,-0.16884807641355007,0,0,0,0.27485042492917844,30K-45K,0-4,6,1
101,2023-02-23,4.0,36900.0,147600.0,109650.73,37949.27,-0.11154503090119224,0,0,0,0.2571088753387534,30K-45K,0-4,6,1
393,2023-08-08,6.0,36700.0,220200.0,162784.77,57415.23,-0.11870791159023697,0,0,0,0.26074128065395097,30K-45K,4-8,6,1
2076,2025-10-28,5.0,45200.0,226000.0,167154.27,58845.73,-1.6791042150191258,0,0,0,0.2603793362831859,45K-60K,4-8,5,2
781,2024-02-09,6.0,53300.0,319800.0,229286.14,90513.86,-0.08897855626307229,0,0,0,0.28303270794246405,45K-60K,4-8,1,2
958,2024-05-08,5.0,50600.0,253000.0,180671.3,72328.7,-0.23356115529344967,0,0,0,0.28588418972332014,45K-60K,4-8,1,4
1127,2024-08-02,4.0,67200.0,268800.0,191097.45,77702.55,-0.5028426546151104,0,0,0,0.2890719866071429,60K-80K,0-4,3,2
2060,2025-10-15,6.0,69600.0,417600.0,302442.22,115157.78,0.023932207564803694,0,0,0,0.2757609674329502,60K-80K,4-8,2,4
1961,2025-09-01,3.0,73900.0,221700.0,153084.45,68615.55,0.1938680106668262,0,0,0,0.3094972936400541,60K-80K,0-4,2,3
637,2023-11-29,5.0,53000.0,265000.0,195021.82,69978.18,0.7591694589182213,0,0,0,0.2640686037735849,45K-60K,4-8,5,2
1526,2025-02-06,4.0,70500.0,282000.0,195854.2,86145.8,0.0595001663535991,0,0,0,0.30548156028368795,60K-80K,0-4,2,4
898,2024-04-07,4.0,40900.0,163600.0,124121.81,39478.19,0.031712582879702314,0,0,0,0.24130922982885086,30K-45K,0-4,6,1
1770,2025-06-01,5.0,45400.0,227000.0,163341.12,63658.88,-1.6165843772258603,0,0,0,0.28043559471365637,45K-60K,4-8,5,3
1328,2024-11-06,3.0,61400.0,184200.0,132096.3,52103.7,-0.30013141695533224,0,0,0,0.2828648208469055,60K-80K,0-4,2,4
1360,2024-11-20,5.0,46100.0,230500.0,166826.27,63673.73,-1.3977649449494318,0,0,0,0.2762417787418655,45K-60K,4-8,5,1
1584,2025-03-04,8.0,47000.0,376000.0,273664.46,102335.54,-1.1164256748797379,0,0,0,0.2721689893617021,45K-60K,4-8,5,3
507,2023-09-30,5.0,36200.0,181000.0,132122.82,48877.18,-0.13661511331284878,0,0,0,0.2700396685082873,30K-45K,4-8,6,1
333,2023-07-10,0.0,48700.0,292200.0,218977.91,73222.09,-0.5850070536369828,0,0,1,0.25058894592744696,45K-60K,0-4,5,2
1196,2024-09-06,5.0,58100.0,290500.0,208117.22,82382.78,0.1680571753464875,0,0,0,0.28358960413080897,45K-60K,4-8,1,2
284,2023-06-12,6.0,49900.0,299400.0,213069.28,86330.72,-0.27104553281984384,0,0,0,0.28834575818303276,45K-60K,4-8,1,1
1716,2025-05-04,3.0,45100.0,135300.0,101150.21,34149.79,-1.7103641339157583,0,0,0,0.2524005173688101,45K-60K,0-4,5,3
1349,2024-11-14,7.0,54200.0,379400.0,274685.06,104714.94,-0.040784356586279824,0,0,0,0.2760014232999473,45K-60K,4-8,1,2
1980,2025-09-10,9.0,57700.0,519300.0,380939.0,138361.0,0.14663753104569086,0,0,0,0.2664375120354323,45K-60K,8-12,1,1
1922,2025-08-11,7.0,71100.0,497700.0,345262.78,152437.22,0.15057767203647013,0,0,0,0.30628334337954594,60K-80K,4-8,3,3
187,2023-04-17,3.0,58200.0,174600.0,124475.83,50124.17,0.17341208642168668,0,0,0,0.2870800114547537,45K-60K,0-4,1,3
454,2023-09-06,9.0,53500.0,481500.0,352485.28,129014.72,-0.07826873411267396,0,0,0,0.26794334371754935,45K-60K,8-12,1,3
774,2024-02-05,2.0,56800.0,113600.0,80204.17,33395.83,0.0984433313688984,0,0,0,0.2939773767605634,45K-60K,0-4,1,1
499,2023-09-28,3.0,85000.0,255000.0,179799.32,75200.68,-0.9728860495331799,0,0,0,0.29490462745098034,80K-110K,0-4,7,1
990,2024-05-24,3.0,69700.0,209100.0,149830.28,59269.72,-0.08398347086409723,0,0,0,0.2834515542802487,60K-80K,0-4,3,2
1674,2025-04-09,4.0,34700.0,138800.0,104787.2,34012.8,-0.19033671848068423,0,0,0,0.24504899135446687,30K-45K,0-4,6,2
768,2024-01-31,1.0,37600.0,37600.0,27405.17,10194.83,-0.08647494848953569,0,0,0,0.27113909574468087,30K-45K,0-4,6,4
571,2023-10-29,6.0,57600.0,345600.0,246601.97,98998.03,0.1412826199704917,0,0,0,0.2864526331018519,45K-60K,4-8,1,4
678,2023-12-22,4.0,67400.0,269600.0,187326.12,82273.88,-0.4693339199150293,0,0,0,0.30517017804154306,60K-80K,0-4,3,1
324,2023-07-04,2.0,86300.0,172600.0,123594.05,49005.95,-0.7478673461408605,0,0,0,0.2839278679026651,80K-110K,0-4,7,2
2187,2025-12-26,4.0,75900.0,303600.0,221282.36,82317.64,0.9547873048384153,0,0,0,0.2711384716732543,60K-80K,0-4,3,4
999,2024-05-27,9.0,56300.0,506700.0,370295.7,136404.3,0.0716687759929026,0,0,0,0.2692013025458851,45K-60K,8-12,1,2
2109,2025-11-14,6.0,40100.0,240600.0,181879.86,58720.14,0.0030610601235234033,0,0,0,0.2440571072319202,30K-45K,4-8,6,2
2132,2025-11-28,9.0,38500.0,346500.0,259011.03,87488.97,-0.054241985388834416,0,0,0,0.2524934199134199,30K-45K,8-12,6,2
1611,2025-03-13,1.0,144500.0,144500.0,96577.06,47922.94,-1.2598936320292926,0,0,0,0.33164664359861595,110K-145K,0-4,8,3
1343,2024-11-12,4.0,72600.0,290400.0,210229.04,80170.96,0.14249207019412172,0,0,0,0.2760707988980716,60K-80K,0-4,2,3
64,2023-02-01,2.0,45500.0,91000.0,65033.44,25966.56,-1.5853244583292276,0,0,0,0.2853468131868132,45K-60K,0-4,5,2
2151,2025-12-08,8.0,58800.0,470400.0,331788.53,138611.47,0.20554155287288164,0,0,0,0.2946672406462585,45K-60K,4-8,1,2
1174,2024-08-26,5.0,46400.0,232000.0,173523.92,58476.08,-1.303985188259534,0,0,0,0.25205206896551724,45K-60K,4-8,5,4
917,2024-04-13,6.0,59200.0,355200.0,255345.92,99854.08,0.2269611971736783,0,0,0,0.28112072072072075,45K-60K,4-8,1,3
592,2023-11-06,6.0,75700.0,454200.0,315290.05,138909.95,0.9212785701383343,0,0,0,0.3058343240863056,60K-80K,4-8,3,3
1695,2025-04-22,8.0,76700.0,613600.0,447743.58,165856.42,1.0888222436387396,0,0,0,0.27030055410691006,60K-80K,4-8,3,2
505,2023-09-30,5.0,58500.0,292500.0,216150.47,76349.53,0.18947681964728416,0,0,0,0.26102403418803416,45K-60K,4-8,1,2
670,2023-12-16,7.0,62700.0,438900.0,309036.42,129863.58,-1.256789185366934,0,0,0,0.2958842105263158,60K-80K,4-8,3,2
354,2023-07-23,2.0,64500.0,129000.0,89644.59,39355.41,-0.9552105730662045,0,0,0,0.30508069767441864,60K-80K,0-4,3,4
1946,2025-08-27,6.0,35900.0,215400.0,156331.73,59068.27,-0.14735943434641588,0,0,0,0.27422595171773445,30K-45K,4-8,6,4
312,2023-06-28,3.0,65800.0,197400.0,136228.63,61171.37,-0.7374037975156778,0,0,0,0.30988535967578523,60K-80K,0-4,3,1
888,2024-04-03,6.0,50100.0,300600.0,220866.52,79733.48,-0.1473681890841257,0,0,0,0.26524777112441783,45K-60K,4-8,5,4
2077,2025-10-28,8.0,55000.0,440000.0,325395.5,114604.5,0.002054932015313479,0,0,0,0.26046477272727275,45K-60K,4-8,1,1
1593,2025-03-07,6.0,63600.0,381600.0,275275.66,106324.34,-0.21318751769383237,0,0,0,0.2786277253668763,60K-80K,4-8,2,2
2163,2025-12-12,7.0,52600.0,368200.0,265374.04,102825.96,0.6341297833316907,0,0,0,0.27926659424225964,45K-60K,4-8,5,3
1915,2025-08-07,4.0,93900.0,375600.0,266684.56,108915.44,0.5676266121526993,0,0,0,0.28997720979765707,80K-110K,0-4,7,1
2164,2025-12-12,8.0,51900.0,415200.0,300093.76,115106.24,-0.16394731131586057,0,0,0,0.27723082851637765,45K-60K,4-8,1,1
1927,2025-08-15,2.0,62500.0,125000.0,89374.31,35625.69,-1.290297920067015,0,0,0,0.28500552,60K-80K,0-4,3,4
120,2023-03-07,6.0,51600.0,309600.0,224724.9,84875.1,0.32153059436536413,0,0,0,0.27414437984496126,45K-60K,4-8,5,2
1012,2024-06-06,5.0,71700.0,358500.0,256574.72,101925.28,0.25110387613671326,0,0,0,0.28431040446304046,60K-80K,4-8,3,3
352,2023-07-21,5.0,91500.0,457500.0,317700.83,139799.17,0.1522074674284173,0,0,0,0.305571956284153,80K-110K,4-8,7,3
406,2023-08-14,7.0,50000.0,350000.0,259901.19,90098.81,-0.17862810798075834,0,0,0,0.2574251714285714,45K-60K,4-8,5,2
2037,2025-10-01,5.0,55400.0,277000.0,198941.23,78058.77,0.023474576316110128,0,0,0,0.2818006137184116,45K-60K,4-8,1,1
53,2023-01-26,3.0,68900.0,206700.0,143181.46,63518.54,-0.00373176038203718,0,0,0,0.3072982099661345,60K-80K,0-4,2,2
382,2023-08-06,6.0,60700.0,364200.0,253689.42,110510.58,-0.32779538490217314,0,0,0,0.3034337726523888,60K-80K,4-8,2,4
1378,2024-11-30,5.0,55400.0,277000.0,198194.22,78805.78,1.509407512437405,0,0,0,0.2844974007220217,45K-60K,4-8,5,1
1270,2024-10-12,2.0,157600.0,315200.0,208441.87,106758.13,0.052347465603680525,0,0,0,0.3386996510152284,145K+,0-4,8,1
1154,2024-08-14,4.0,63100.0,252400.0,182534.24,69865.76,-0.2329474947987187,0,0,0,0.276805705229794,60K-80K,0-4,2,3
539,2023-10-14,5.0,52900.0,264500.0,191263.62,73236.38,0.7279095400215886,0,0,0,0.2768861247637051,45K-60K,4-8,5,3
1121,2024-07-30,3.0,36100.0,108300.0,79597.47,28702.53,-0.14019655365737116,0,0,0,0.2650279778393352,30K-45K,0-4,6,3
664,2023-12-13,5.0,38600.0,193000.0,144652.57,48347.43,-0.050660545044312055,0,0,0,0.25050481865284974,30K-45K,4-8,6,4
513,2023-10-05,4.0,53600.0,214400.0,156720.28,57679.72,0.9467289722980171,0,0,0,0.2690285447761194,45K-60K,0-4,5,4
1619,2025-03-17,9.0,41300.0,371700.0,281903.44,89796.56,0.04603834425779177,0,0,0,0.2415834274952919,30K-45K,8-12,6,4
850,2024-03-14,6.0,56000.0,336000.0,236442.41,99557.59,0.05560404276730511,0,0,0,0.29630235119047615,45K-60K,4-8,1,4
749,2024-01-21,1.0,72100.0,72100.0,50374.88,21725.12,0.12273209308923538,0,0,0,0.30131927877947295,60K-80K,0-4,2,1
982,2024-05-20,1.0,167800.0,167800.0,113550.12,54249.88,1.074092442386606,0,0,0,0.32330083432657925,145K+,0-4,8,2
1122,2024-07-31,6.0,62600.0,375600.0,270492.36,105107.64,-0.25270747190360504,0,0,0,0.27983929712460065,60K-80K,4-8,2,3
558,2023-10-23,8.0,36400.0,291200.0,214572.74,76627.26,-0.12945223262380406,0,0,0,0.2631430631868132,30K-45K,4-8,6,2
1876,2025-07-17,3.0,68100.0,204300.0,147465.09,56834.91,-0.3520533484647456,0,0,0,0.2781933920704846,60K-80K,0-4,3,3
1126,2024-08-02,1.0,115600.0,115600.0,78686.0,36914.0,-1.6259230958738724,0,0,0,0.31932525951557095,110K-145K,0-4,4,4
1124,2024-08-01,3.0,86000.0,258000.0,185639.89,72360.11,-0.7997947392313957,0,0,0,0.2804655426356589,80K-110K,0-4,7,4
1119,2024-07-29,7.0,70300.0,492100.0,357336.48,134763.52,0.05159617551164457,0,0,0,0.27385393212761633,60K-80K,4-8,2,3
1882,2025-07-20,5.0,55200.0,276000.0,200454.77,75545.23,1.4468876746441397,0,0,0,0.27371460144927534,45K-60K,4-8,5,1
395,2023-08-09,5.0,139900.0,699500.0,471601.71,227898.29,1.7953522289289026,0,0,0,0.32580170121515367,110K-145K,4-8,4,3
1027,2024-06-13,6.0,47700.0,286200.0,214500.66,71699.34,-0.8976062426033093,0,0,0,0.2505218029350105,45K-60K,4-8,5,2
443,2023-09-01,4.0,69000.0,276000.0,194951.16,81048.84,0.0002202350389400877,0,0,0,0.29365521739130435,60K-80K,0-4,2,1
1652,2025-04-03,2.0,63300.0,126600.0,88759.1,37840.9,-1.156262981266691,0,0,0,0.29890126382306476,60K-80K,0-4,3,4
1661,2025-04-05,10.0,49700.0,497000.0,360000.07,136999.93,-0.2817553549702421,0,0,0,0.2756537826961771,45K-60K,8-12,1,2
1236,2024-09-27,8.0,57300.0,458400.0,335954.73,122445.27,0.12521788674489423,0,0,0,0.26711446335078537,45K-60K,4-8,1,1
1798,2025-06-14,5.0,174800.0,874000.0,570794.37,303205.63,1.7752899754729277,0,0,0,0.3469171967963387,145K+,4-8,8,4
1182,2024-08-28,4.0,35300.0,141200.0,103246.1,37953.9,-0.16884807641355007,0,0,0,0.26879532577903686,30K-45K,0-4,6,4
1496,2025-01-23,2.0,66600.0,133200.0,97004.12,36195.88,-0.09462765506451434,0,0,0,0.2717408408408408,60K-80K,0-4,2,2
1470,2025-01-10,5.0,53200.0,266000.0,195126.01,70873.99,0.8216892967114866,0,0,0,0.26644357142857145,45K-60K,4-8,5,1
89,2023-02-15,3.0,64900.0,194700.0,140158.82,54541.18,-0.8881931036660424,0,0,0,0.28012932717000516,60K-80K,0-4,3,4
1467,2025-01-09,4.0,56500.0,226000.0,163236.47,62763.53,0.08237859814330092,0,0,0,0.27771473451327433,45K-60K,0-4,1,4
2194,2025-12-28,5.0,35900.0,179500.0,129520.67,49979.33,-0.14735943434641588,0,0,0,0.2784363788300836,30K-45K,4-8,6,2
593,2023-11-07,7.0,76000.0,532000.0,379631.12,152368.88,0.9715416721884559,0,0,0,0.28640766917293237,60K-80K,4-8,3,4
510,2023-10-02,3.0,67000.0,201000.0,142727.42,58272.58,-0.07881967338060526,0,0,0,0.28991333333333336,60K-80K,0-4,2,1
1773,2025-06-02,4.0,138600.0,554400.0,369387.93,185012.07,1.6123210387131162,0,0,0,0.333715854978355,110K-145K,0-4,4,3
893,2024-04-06,1.0,67100.0,67100.0,48709.05,18390.95,-0.5195970219651509,0,0,0,0.27408271236959764,60K-80K,0-4,3,1
1829,2025-06-28,6.0,55300.0,331800.0,235365.69,96434.31,0.01811966524091097,0,0,0,0.2906398734177215,45K-60K,4-8,1,3
1517,2025-02-02,1.0,166700.0,166700.0,111452.81,55247.19,0.9639042586158985,0,0,0,0.33141685662867426,145K+,0-4,8,3
235,2023-05-15,7.0,50300.0,352100.0,251972.37,100127.63,-0.24962588851904716,0,0,0,0.28437270661743824,45K-60K,4-8,1,3
1553,2025-02-20,3.0,91400.0,274200.0,192760.54,81439.46,0.13489833639823887,0,0,0,0.29700751276440557,80K-110K,0-4,7,2
1166,2024-08-20,5.0,93300.0,466500.0,334055.7,132444.3,0.4637718259716288,0,0,0,0.2839106109324759,80K-110K,4-8,7,2
2007,2025-09-20,7.0,71800.0,502600.0,347717.64,154882.36,0.11087610682630358,0,0,0,0.3081622761639474,60K-80K,4-8,2,3
672,2023-12-17,5.0,69900.0,349500.0,251229.45,98270.55,0.035788193827735494,0,0,0,0.281174678111588,60K-80K,4-8,2,3
753,2024-01-24,3.0,59600.0,178800.0,131947.33,46852.67,0.24838084147447495,0,0,0,0.2620395413870246,45K-60K,0-4,1,4
642,2023-11-30,6.0,54500.0,327000.0,233890.85,93109.15,-0.024719623360682334,0,0,0,0.2847374617737003,45K-60K,4-8,1,2
129,2023-03-14,9.0,55700.0,501300.0,360564.95,140735.05,0.03953930954170762,0,0,0,0.28074017554358666,45K-60K,8-12,1,4
1902,2025-07-30,2.0,88200.0,176400.0,126159.9,50240.1,-0.4189938565674705,0,0,0,0.2848078231292517,80K-110K,0-4,7,2
661,2023-12-09,6.0,41500.0,249000.0,181834.73,67165.27,0.053201224946836496,0,0,0,0.26974004016064257,30K-45K,4-8,6,3
1500,2025-01-25,3.0,94500.0,283500.0,200863.07,82636.93,0.6714813983337699,0,0,0,0.29148828924162257,80K-110K,0-4,7,2
532,2023-10-13,3.0,85900.0,257700.0,176721.8,80978.2,-0.8171038702615742,0,0,0,0.31423438106325186,80K-110K,0-4,7,1
232,2023-05-14,4.0,125000.0,500000.0,331072.18,168927.82,-0.3024667973904944,0,0,0,0.33785564,110K-145K,0-4,4,4
1495,2025-01-22,2.0,54200.0,108400.0,77945.84,30454.16,-0.040784356586279824,0,0,0,0.28094243542435426,45K-60K,0-4,1,2
1253,2024-10-04,1.0,99100.0,99100.0,70350.19,28749.81,1.467701425721977,0,0,0,0.2901090817356206,80K-110K,0-4,7,3
2095,2025-11-06,8.0,55400.0,443200.0,317228.96,125971.04,1.509407512437405,0,0,0,0.2842306859205776,45K-60K,4-8,5,3
1510,2025-01-31,7.0,51100.0,357700.0,254597.28,103102.72,-0.20678659991745385,0,0,0,0.28823796477495106,45K-60K,4-8,1,1
1202,2024-09-09,1.0,131700.0,131700.0,90896.97,40803.03,0.6408477983370197,0,0,0,0.3098179954441913,110K-145K,0-4,4,2
359,2023-07-26,5.0,49700.0,248500.0,178942.49,69557.51,-0.2724078646706563,0,0,0,0.2799094969818913,45K-60K,4-8,5,2
450,2023-09-04,5.0,150300.0,751500.0,496696.48,254803.52,-0.6789013903291976,0,0,0,0.3390599068529607,145K+,4-8,8,3
738,2024-01-15,2.0,76100.0,152200.0,108793.76,43406.24,0.9882960395384964,0,0,0,0.2851921156373193,60K-80K,0-4,3,4
1969,2025-09-04,2.0,40100.0,80200.0,60663.55,19536.45,0.0030610601235234033,0,0,0,0.24359663341645887,30K-45K,0-4,6,2
1644,2025-03-31,8.0,57800.0,462400.0,333854.59,128545.41,0.15199244212089003,0,0,0,0.27799612889273356,45K-60K,4-8,1,3
92,2023-02-18,6.0,51800.0,310800.0,221375.16,89424.84,0.38405043215862944,0,0,0,0.28772471042471043,45K-60K,4-8,5,2
1866,2025-07-13,7.0,58700.0,410900.0,293060.94,117839.06,0.2001866417976825,0,0,0,0.2867828182039426,45K-60K,4-8,1,2
955,2024-05-07,6.0,56300.0,337800.0,245187.44,92612.56,0.0716687759929026,0,0,0,0.27416388395500296,45K-60K,4-8,1,3
1224,2024-09-20,5.0,65400.0,327000.0,234161.27,92838.73,-0.8044212669158398,0,0,0,0.2839104892966361,60K-80K,4-8,3,4
1691,2025-04-21,9.0,55200.0,496800.0,363550.61,133249.39,0.012764754165711805,0,0,0,0.2682153582930757,45K-60K,8-12,1,2
2012,2025-09-21,4.0,53000.0,212000.0,153136.17,58863.83,0.7591694589182213,0,0,0,0.2776595754716981,45K-60K,0-4,5,2
606,2023-11-12,5.0,70500.0,352500.0,246505.71,105994.29,0.0595001663535991,0,0,0,0.30069302127659575,60K-80K,4-8,2,2
1920,2025-08-08,7.0,48100.0,336700.0,250819.17,85880.83,-0.7725665670167787,0,0,0,0.2550663201663202,45K-60K,4-8,5,4
371,2023-07-31,4.0,60400.0,241600.0,172483.5,69116.5,-0.33965137116510496,0,0,0,0.2860782284768212,60K-80K,0-4,2,4
370,2023-07-31,7.0,40500.0,283500.0,205076.29,78423.71,0.01738682150161286,0,0,0,0.2766268430335097,30K-45K,4-8,6,2
1503,2025-01-27,1.0,38400.0,38400.0,27710.51,10689.49,-0.05782342573335678,0,0,0,0.27837213541666667,30K-45K,0-4,6,4
215,2023-05-04,1.0,74000.0,74000.0,52487.27,21512.73,0.19782000608780348,0,0,0,0.2907125675675676,60K-80K,0-4,2,2
822,2024-02-27,1.0,72300.0,72300.0,50525.09,21774.91,0.13063608393118992,0,0,0,0.3011744121715076,60K-80K,0-4,2,3
1815,2025-06-21,4.0,80900.0,323600.0,230638.42,92961.58,-1.682560421770495,0,0,0,0.28727311495673674,80K-110K,0-4,7,3
899,2024-04-08,5.0,54200.0,271000.0,198526.43,72473.57,1.134288485677813,0,0,0,0.26743014760147604,45K-60K,4-8,5,4
91,2023-02-17,6.0,98500.0,591000.0,417177.6,173822.4,1.3638466395409066,0,0,0,0.29411573604060914,80K-110K,4-8,7,2
10,2023-01-06,2.0,58400.0,116800.0,85717.97,31082.03,0.18412190857208502,0,0,0,0.2661132705479452,45K-60K,0-4,1,4
1999,2025-09-18,5.0,49400.0,247000.0,173104.79,73895.21,-0.2978200881958396,0,0,0,0.29917089068825914,45K-60K,4-8,1,3
2094,2025-11-06,7.0,72700.0,508900.0,359826.69,149073.31,0.14644406561509898,0,0,0,0.29293242287286303,60K-80K,4-8,2,1
853,2024-03-16,6.0,68900.0,413400.0,298928.2,114471.8,-0.21801840966442143,0,0,0,0.27690324141267536,60K-80K,4-8,3,3
1670,2025-04-07,7.0,63700.0,445900.0,313069.77,132830.23,-0.2092355222728551,0,0,0,0.2978924198250729,60K-80K,4-8,2,1
2070,2025-10-21,2.0,35200.0,70400.0,51645.77,18754.23,-0.17242951675807242,0,0,0,0.2663953125,30K-45K,0-4,6,4
1028,2024-06-14,1.0,145800.0,145800.0,94052.26,51747.74,-1.1296712330275471,0,0,0,0.3549227709190672,145K+,0-4,8,3
331,2023-07-10,4.0,51500.0,206000.0,149671.03,56328.97,-0.18536695561665723,0,0,0,0.2734416019417476,45K-60K,0-4,1,1
940,2024-04-27,5.0,48300.0,241500.0,179766.97,61733.03,-0.7100467292235134,0,0,0,0.2556233126293996,45K-60K,4-8,5,2
1696,2025-04-22,7.0,34800.0,243600.0,177529.99,66070.01,-0.18675527813616188,0,0,0,0.2712233579638752,30K-45K,4-8,6,2
310,2023-06-27,3.0,76300.0,228900.0,159222.96,69677.04,1.0218047742385774,0,0,0,0.30439947575360415,60K-80K,0-4,3,1
1353,2024-11-16,6.0,45900.0,275400.0,203657.69,71742.31,-1.460284782742697,0,0,0,0.2605022149600581,45K-60K,4-8,5,4
1523,2025-02-05,5.0,71800.0,359000.0,254082.6,104917.4,0.11087610682630358,0,0,0,0.29224902506963785,60K-80K,4-8,2,2
61,2023-01-31,4.0,41400.0,165600.0,125526.11,40073.89,0.049619784602314136,0,0,0,0.24199208937198066,30K-45K,0-4,6,1
1376,2024-11-29,6.0,46700.0,280200.0,202434.83,77765.17,-1.210205431569636,0,0,0,0.27753451106352606,45K-60K,4-8,5,4
140,2023-03-22,5.0,56800.0,284000.0,203983.64,80016.36,0.0984433313688984,0,0,0,0.28174774647887324,45K-60K,4-8,1,4
1948,2025-08-27,1.0,84200.0,84200.0,57265.0,26935.0,-1.1113590977746073,0,0,0,0.3198931116389549,80K-110K,0-4,7,1
1507,2025-01-28,4.0,132700.0,530800.0,355617.14,175182.86,0.7816410215799322,0,0,0,0.33003553127354934,110K-145K,0-4,4,3
1730,2025-05-12,5.0,50800.0,254000.0,187915.96,66084.04,0.07145124319230288,0,0,0,0.26017338582677163,45K-60K,4-8,5,2
1976,2025-09-09,7.0,67600.0,473200.0,331684.0,141516.0,-0.4358251852149483,0,0,0,0.299061707523246,60K-80K,4-8,3,4
2193,2025-12-28,7.0,54300.0,380100.0,273426.27,106673.73,1.1655484045744458,0,0,0,0.28064648776637724,45K-60K,4-8,5,1
723,2024-01-10,5.0,63800.0,319000.0,225306.85,93693.15,-0.20528352685187784,0,0,0,0.29370893416927896,60K-80K,4-8,2,4
58,2023-01-30,3.0,49100.0,147300.0,106391.64,40908.36,-0.45996737805045224,0,0,0,0.2777213849287169,45K-60K,0-4,5,2
2117,2025-11-18,5.0,97200.0,486000.0,345263.89,140736.11,1.1388279361485871,0,0,0,0.28958047325102876,80K-110K,4-8,7,1
1812,2025-06-20,3.0,40800.0,122400.0,92731.2,29668.8,0.02813114253517995,0,0,0,0.2423921568627451,30K-45K,0-4,6,3
645,2023-12-02,6.0,70800.0,424800.0,300748.18,124051.82,0.0713561526165309,0,0,0,0.29202405838041434,60K-80K,4-8,2,3
1041,2024-06-21,3.0,57700.0,173100.0,123530.7,49569.3,0.14663753104569086,0,0,0,0.2863622183708839,45K-60K,0-4,1,1
1597,2025-03-08,7.0,47000.0,329000.0,243969.92,85030.08,-1.1164256748797379,0,0,0,0.25845009118541035,45K-60K,4-8,5,1
1339,2024-11-10,1.0,170400.0,170400.0,115014.48,55385.52,1.334537240390097,0,0,0,0.3250323943661972,145K+,0-4,8,2
1890,2025-07-26,7.0,49700.0,347900.0,244654.57,103245.43,-0.2817553549702421,0,0,0,0.29676754814601897,45K-60K,4-8,1,3
935,2024-04-26,8.0,39400.0,315200.0,229776.27,85423.73,-0.022009022288133142,0,0,0,0.27101437182741117,30K-45K,4-8,6,1
332,2023-07-10,5.0,37200.0,186000.0,140447.24,45552.76,-0.10080070986762514,0,0,0,0.244907311827957,30K-45K,4-8,6,1
805,2024-02-17,2.0,53600.0,107200.0,77576.57,29623.43,0.9467289722980171,0,0,0,0.2763379664179105,45K-60K,0-4,5,2
336,2023-07-11,3.0,77200.0,231600.0,161949.27,69650.73,1.172594080388942,0,0,0,0.3007371761658031,60K-80K,0-4,3,2
197,2023-04-25,5.0,51000.0,255000.0,183778.06,71221.94,0.13397108098556818,0,0,0,0.2793017254901961,45K-60K,4-8,5,2
1616,2025-03-16,1.0,169000.0,169000.0,113577.0,55423.0,1.1942977337728327,0,0,0,0.32794674556213016,145K+,0-4,8,2
1605,2025-03-11,3.0,48800.0,146400.0,104742.96,41657.04,-0.3299495546470346,0,0,0,0.28454262295081967,45K-60K,0-4,1,4
985,2024-05-21,2.0,117700.0,235400.0,157608.39,77791.61,-1.330257327063756,0,0,0,0.3304656329651657,110K-145K,0-4,4,1
293,2023-06-17,2.0,66300.0,132600.0,96451.68,36148.32,-0.10648364132744614,0,0,0,0.27261176470588233,60K-80K,0-4,2,2
1252,2024-10-04,4.0,52500.0,210000.0,152730.49,57269.51,-0.13181784486466558,0,0,0,0.2727119523809524,45K-60K,0-4,1,1
1719,2025-05-06,6.0,38400.0,230400.0,168215.28,62184.72,-0.05782342573335678,0,0,0,0.2698989583333333,30K-45K,4-8,6,2
665,2023-12-13,7.0,65500.0,458500.0,328405.89,130094.11,-0.13809960469526428,0,0,0,0.2837385169029444,60K-80K,4-8,2,1
992,2024-05-24,2.0,87400.0,174800.0,123187.52,51612.48,-0.5574669048088978,0,0,0,0.2952659038901602,80K-110K,0-4,7,2
2023,2025-09-25,11.0,59600.0,655600.0,460674.55,194925.45,0.24838084147447495,0,0,0,0.29732374923733984,45K-60K,8-12,1,1
1913,2025-08-06,5.0,86500.0,432500.0,299429.02,133070.98,-0.7132490840805036,0,0,0,0.30767856647398845,80K-110K,4-8,7,2
752,2024-01-23,4.0,39600.0,158400.0,118501.37,39898.63,-0.014846141599088416,0,0,0,0.2518852904040404,30K-45K,0-4,6,3
1156,2024-08-16,3.0,45500.0,136500.0,100703.17,35796.83,-1.5853244583292276,0,0,0,0.26224783882783886,45K-60K,0-4,5,1
2065,2025-10-18,7.0,58000.0,406000.0,289078.7,116921.3,0.16270226427128837,0,0,0,0.2879834975369458,45K-60K,4-8,1,2
878,2024-03-29,6.0,56500.0,339000.0,238289.38,100710.62,0.08237859814330092,0,0,0,0.2970814749262537,45K-60K,4-8,1,2
2064,2025-10-18,6.0,50800.0,304800.0,216091.27,88708.73,-0.22285133314305136,0,0,0,0.2910391404199475,45K-60K,4-8,1,2
1873,2025-07-16,7.0,36800.0,257600.0,189124.01,68475.99,-0.1151264712457146,0,0,0,0.2658229425465839,30K-45K,4-8,6,3
2046,2025-10-03,9.0,54500.0,490500.0,356396.05,134103.95,1.228068242367711,0,0,0,0.27340254841997963,45K-60K,8-12,5,3
448,2023-09-04,10.0,62000.0,620000.0,450841.64,169158.36,-0.27641944442946864,0,0,0,0.272836064516129,60K-80K,8-12,2,2
1344,2024-11-13,7.0,36600.0,256200.0,188682.54,67517.46,-0.12228935193475933,0,0,0,0.26353419203747075,30K-45K,4-8,6,4
801,2024-02-16,5.0,67200.0,336000.0,234227.44,101772.56,-0.07091568253865073,0,0,0,0.3028945238095238,60K-80K,4-8,2,4
2069,2025-10-20,4.0,75700.0,302800.0,217893.18,84906.82,0.9212785701383343,0,0,0,0.28040561426684285,60K-80K,0-4,3,2
1163,2024-08-19,5.0,65600.0,328000.0,227672.02,100327.98,-0.7709125322157587,0,0,0,0.305877987804878,60K-80K,4-8,3,1
1964,2025-09-02,1.0,134700.0,134700.0,90685.76,44014.24,1.0632274680657574,0,0,0,0.3267575352635486,110K-145K,0-4,4,3
553,2023-10-20,8.0,34500.0,276000.0,204938.74,71061.26,-0.19749959916972898,0,0,0,0.2574683333333333,30K-45K,4-8,6,1
1509,2025-01-30,5.0,50700.0,253500.0,189478.09,64021.91,0.04019132429567023,0,0,0,0.25255191321499015,45K-60K,4-8,5,3
938,2024-04-27,1.0,91100.0,91100.0,65068.39,26031.61,0.08297094330770362,0,0,0,0.2857476399560922,80K-110K,0-4,7,3
1749,2025-05-19,1.0,88100.0,88100.0,62442.17,25657.83,-0.4363029875976489,0,0,0,0.2912353007945517,80K-110K,0-4,7,1
956,2024-05-07,3.0,81700.0,245100.0,174051.18,71048.82,-1.5440873735290677,0,0,0,0.28987686658506734,80K-110K,0-4,7,4
275,2023-06-07,5.0,55800.0,279000.0,200131.28,78868.72,0.04489422061690678,0,0,0,0.28268358422939066,45K-60K,4-8,1,2
1397,2024-12-10,2.0,130900.0,261800.0,180049.92,81750.08,0.5282132197426896,0,0,0,0.31226157372039726,110K-145K,0-4,4,2
668,2023-12-15,5.0,51400.0,257000.0,186702.24,70297.76,0.2590107565720988,0,0,0,0.273532140077821,45K-60K,4-8,5,1
767,2024-01-29,4.0,52900.0,211600.0,155296.67,56303.33,-0.11039820056386894,0,0,0,0.26608379017013234,45K-60K,0-4,1,3
106,2023-02-26,8.0,59000.0,472000.0,332069.54,139930.46,0.21625137502327998,0,0,0,0.2964628389830508,45K-60K,4-8,1,4
1046,2024-06-24,1.0,165300.0,165300.0,107938.49,57361.51,0.8236647519986342,0,0,0,0.3470145795523291,145K+,0-4,8,4
491,2023-09-23,7.0,55300.0,387100.0,286447.73,100652.27,0.01811966524091097,0,0,0,0.26001619736502196,45K-60K,4-8,1,1
280,2023-06-10,3.0,72800.0,218400.0,157372.44,61027.56,0.435401916987159,0,0,0,0.27943021978021976,60K-80K,0-4,3,2
212,2023-05-03,4.0,71400.0,285600.0,203479.56,82120.44,0.2008407740865917,0,0,0,0.28753655462184874,60K-80K,0-4,3,1
474,2023-09-16,5.0,39100.0,195500.0,140855.92,54644.08,-0.03275334332170023,0,0,0,0.27950936061381076,30K-45K,4-8,6,4
2019,2025-09-23,6.0,69100.0,414600.0,294351.69,120248.31,0.004172230459917356,0,0,0,0.29003451519536905,60K-80K,4-8,2,2
1504,2025-01-27,3.0,39400.0,118200.0,87248.28,30951.72,-0.022009022288133142,0,0,0,0.26185888324873097,30K-45K,0-4,6,2
1675,2025-04-12,6.0,55700.0,334200.0,240446.7,93753.3,1.6031872691273028,0,0,0,0.28053052064631956,45K-60K,4-8,5,2
1473,2025-01-11,1.0,120800.0,120800.0,83076.93,37723.07,-0.8937983350107271,0,0,0,0.3122770695364238,110K-145K,0-4,4,4
1468,2025-01-09,4.0,66800.0,267200.0,185934.36,81265.64,-0.0867236642225598,0,0,0,0.304137874251497,60K-80K,0-4,2,1
11,2023-01-07,5.0,55500.0,277500.0,202581.51,74918.49,1.5406674313340376,0,0,0,0.26997654054054054,45K-60K,4-8,5,2
171,2023-04-07,1.0,98500.0,98500.0,70824.74,27675.26,1.3638466395409066,0,0,0,0.2809671065989848,80K-110K,0-4,7,4
2088,2025-11-04,2.0,82200.0,164400.0,115589.56,48810.44,-1.4575417183781756,0,0,0,0.2969004866180049,80K-110K,0-4,7,1
2130,2025-11-26,7.0,53500.0,374500.0,262964.11,111535.89,-0.07826873411267396,0,0,0,0.29782614152202935,45K-60K,4-8,1,1
1699,2025-04-24,5.0,54600.0,273000.0,197930.81,75069.19,1.2593281612643437,0,0,0,0.274978717948718,45K-60K,4-8,5,2
1450,2025-01-03,5.0,53000.0,265000.0,195640.24,69359.76,0.7591694589182213,0,0,0,0.2617349433962264,45K-60K,4-8,5,3
1753,2025-05-23,6.0,76000.0,456000.0,329016.12,126983.88,0.9715416721884559,0,0,0,0.27847342105263156,60K-80K,4-8,3,2
1336,2024-11-09,6.0,36700.0,220200.0,166626.91,53573.09,-0.11870791159023697,0,0,0,0.24329287011807446,30K-45K,4-8,6,1
600,2023-11-10,8.0,36400.0,291200.0,212290.28,78909.72,-0.12945223262380406,0,0,0,0.2709811813186813,30K-45K,4-8,6,2
1071,2024-07-09,4.0,69100.0,276400.0,200628.48,75771.52,0.004172230459917356,0,0,0,0.2741371924746744,60K-80K,0-4,2,2
951,2024-05-03,6.0,63800.0,382800.0,267070.62,115729.38,-1.0724911445164882,0,0,0,0.30232335423197493,60K-80K,4-8,3,2
977,2024-05-18,5.0,39200.0,196000.0,145031.31,50968.69,-0.02917190297717787,0,0,0,0.2600443367346939,30K-45K,4-8,6,3
1426,2024-12-23,6.0,35900.0,215400.0,158677.15,56722.85,-0.14735943434641588,0,0,0,0.26333727948003716,30K-45K,4-8,6,4
1113,2024-07-26,7.0,55400.0,387800.0,280629.41,107170.59,1.509407512437405,0,0,0,0.2763553120165033,45K-60K,4-8,5,2
1692,2025-04-21,6.0,52700.0,316200.0,233856.4,82343.6,-0.12110802271426727,0,0,0,0.260416192283365,45K-60K,4-8,1,2
1274,2024-10-14,4.0,69300.0,277200.0,197556.47,79643.53,0.01207622130187189,0,0,0,0.28731432178932176,60K-80K,0-4,2,2
1147,2024-08-12,1.0,81500.0,81500.0,58457.7,23042.3,-1.5787056355894244,0,0,0,0.2827276073619632,80K-110K,0-4,7,2
1283,2024-10-17,4.0,86200.0,344800.0,248212.54,96587.46,-0.7651764771710389,0,0,0,0.2801260440835267,80K-110K,0-4,7,3
658,2023-12-08,6.0,34400.0,206400.0,152314.37,54085.63,-0.20108103951425133,0,0,0,0.2620427810077519,30K-45K,4-8,6,4
343,2023-07-17,4.0,35600.0,142400.0,107141.81,35258.19,-0.15810375537998297,0,0,0,0.2475996488764045,30K-45K,0-4,6,1
1782,2025-06-07,3.0,98700.0,296100.0,203724.48,92375.52,1.3984649016012634,0,0,0,0.31197406281661605,80K-110K,0-4,7,1
2125,2025-11-24,7.0,55500.0,388500.0,285149.02,103350.98,1.5406674313340376,0,0,0,0.26602568854568853,45K-60K,4-8,5,1
788,2024-02-11,3.0,52600.0,157800.0,117353.49,40446.51,0.6341297833316907,0,0,0,0.25631501901140685,45K-60K,0-4,5,2
747,2024-01-20,7.0,55500.0,388500.0,284646.02,103853.98,0.02882948739130929,0,0,0,0.26732041184041183,45K-60K,4-8,1,1
1864,2025-07-12,8.0,39000.0,312000.0,230687.92,81312.08,-0.0363347836662226,0,0,0,0.26061564102564105,30K-45K,4-8,6,4
200,2023-04-27,5.0,54600.0,273000.0,200838.55,72161.45,-0.01936471228548317,0,0,0,0.26432765567765565,45K-60K,4-8,1,4
1329,2024-11-06,7.0,51600.0,361200.0,263284.21,97915.79,-0.18001204454145806,0,0,0,0.2710846899224806,45K-60K,4-8,1,2
2140,2025-12-02,2.0,139100.0,278200.0,183869.07,94330.93,1.6827176503345724,0,0,0,0.33907595255212075,110K-145K,0-4,4,1
1617,2025-03-17,1.0,160700.0,160700.0,105603.12,55096.88,0.36287780168476574,0,0,0,0.3428555071561916,145K+,0-4,8,3
1352,2024-11-15,7.0,57200.0,400400.0,290789.55,109610.45,0.11986297566969506,0,0,0,0.2737523726273726,45K-60K,4-8,1,2
1368,2024-11-23,4.0,34200.0,136800.0,98535.35,38264.65,-0.20824392020329607,0,0,0,0.2797123538011696,30K-45K,0-4,6,2
1484,2025-01-17,4.0,97600.0,390400.0,267180.26,123219.74,1.2080644602693007,0,0,0,0.31562433401639345,80K-110K,0-4,7,3
1136,2024-08-05,6.0,61700.0,370200.0,260243.87,109956.13,-0.28827543069240047,0,0,0,0.29701817936250674,60K-80K,4-8,2,4
944,2024-04-29,1.0,160700.0,160700.0,108030.32,52669.68,0.36287780168476574,0,0,0,0.32775158680771627,145K+,0-4,8,2
1632,2025-03-25,5.0,65600.0,328000.0,229386.45,98613.55,-0.7709125322157587,0,0,0,0.30065106707317074,60K-80K,4-8,3,2
1297,2024-10-24,4.0,69100.0,276400.0,199181.67,77218.33,0.004172230459917356,0,0,0,0.27937167149059333,60K-80K,0-4,2,1
837,2024-03-07,2.0,66100.0,132200.0,93691.14,38508.86,-0.6871406954655561,0,0,0,0.29129243570347957,60K-80K,0-4,3,2
1003,2024-05-29,5.0,74600.0,373000.0,268123.17,104876.83,0.22153197861366708,0,0,0,0.2811711260053619,60K-80K,4-8,2,4
55,2023-01-26,7.0,64500.0,451500.0,320262.92,131237.08,-0.17761955890503697,0,0,0,0.2906690586932447,60K-80K,4-8,2,2
2180,2025-12-22,8.0,45900.0,367200.0,269603.84,97596.16,-1.460284782742697,0,0,0,0.2657847494553377,45K-60K,4-8,5,3
39,2023-01-21,1.0,132900.0,132900.0,90464.23,42435.77,0.8097996662285147,0,0,0,0.3193060195635816,110K-145K,0-4,4,4
476,2023-09-16,5.0,72800.0,364000.0,265259.68,98740.32,0.15039606103607625,0,0,0,0.2712646153846154,60K-80K,4-8,2,2
1766,2025-05-30,8.0,48100.0,384800.0,284929.99,99870.01,-0.7725665670167787,0,0,0,0.259537448024948,45K-60K,4-8,5,4
2013,2025-09-21,9.0,50900.0,458100.0,329739.94,128360.06,-0.2174964220678522,0,0,0,0.2802009604889762,45K-60K,8-12,1,2
220,2023-05-08,6.0,36500.0,219000.0,165148.56,53851.44,-0.1258707922792817,0,0,0,0.24589698630136989,30K-45K,4-8,6,4
192,2023-04-21,5.0,50800.0,254000.0,184639.47,69360.53,0.07145124319230288,0,0,0,0.2730729527559055,45K-60K,4-8,5,3
345,2023-07-18,3.0,34700.0,104100.0,78994.02,25105.98,-0.19033671848068423,0,0,0,0.24117175792507203,30K-45K,0-4,6,3
65,2023-02-02,3.0,115200.0,345600.0,235721.92,109878.08,-1.6822403851710375,0,0,0,0.3179342592592593,110K-145K,0-4,4,3
780,2024-02-09,2.0,73600.0,147200.0,102322.93,44877.07,0.5694368557874833,0,0,0,0.30487139945652175,60K-80K,0-4,3,2
238,2023-05-16,4.0,49200.0,196800.0,140538.19,56261.81,-0.4287074591538196,0,0,0,0.2858831808943089,45K-60K,0-4,5,2
1225,2024-09-21,4.0,40600.0,162400.0,117560.01,44839.99,0.020968261846135223,0,0,0,0.2761083128078818,30K-45K,0-4,6,3
1775,2025-06-02,6.0,49600.0,297600.0,214675.4,82924.6,-0.30366778356728896,0,0,0,0.27864448924731183,45K-60K,4-8,5,4
182,2023-04-16,6.0,64000.0,384000.0,275307.6,108692.4,-0.1973795360099233,0,0,0,0.28305312499999996,60K-80K,4-8,2,1
1564,2025-02-24,5.0,56500.0,282500.0,198826.66,83673.34,0.08237859814330092,0,0,0,0.29618881415929205,45K-60K,4-8,1,2
880,2024-03-30,1.0,66800.0,66800.0,47522.63,19277.37,-0.5698601240152724,0,0,0,0.28858338323353294,60K-80K,0-4,3,2
1494,2025-01-22,5.0,97600.0,488000.0,346541.64,141458.36,1.2080644602693007,0,0,0,0.2898736885245901,80K-110K,4-8,7,2
834,2024-03-06,5.0,56200.0,281000.0,206909.32,74090.68,0.06631386491770343,0,0,0,0.26366790035587184,45K-60K,4-8,1,3
1133,2024-08-04,7.0,53300.0,373100.0,263716.15,109383.85,-0.08897855626307229,0,0,0,0.29317569016349504,45K-60K,4-8,1,2
46,2023-01-24,3.0,66200.0,198600.0,139072.89,59527.11,-0.6703863281155156,0,0,0,0.2997336858006042,60K-80K,0-4,3,4
1856,2025-07-10,1.0,156300.0,156300.0,105215.24,51084.76,-0.0778749333980649,0,0,0,0.3268378758797185,145K+,0-4,8,3
1370,2024-11-24,10.0,59200.0,592000.0,438008.32,153991.68,0.2269611971736783,0,0,0,0.26012108108108106,45K-60K,8-12,1,3
895,2024-04-06,2.0,119600.0,239200.0,159731.44,79468.56,-1.0627502029022222,0,0,0,0.3322264214046823,110K-145K,0-4,4,4
1965,2025-09-03,4.0,35100.0,140400.0,105839.91,34560.09,-0.1760109571025948,0,0,0,0.24615448717948715,30K-45K,0-4,6,2
130,2023-03-14,6.0,67500.0,405000.0,280596.36,124403.64,-0.4525795525649888,0,0,0,0.3071694814814815,60K-80K,4-8,3,1
2113,2025-11-17,6.0,55100.0,330600.0,239554.17,91045.83,0.007409843090512642,0,0,0,0.27539573502722325,45K-60K,4-8,1,1
543,2023-10-15,5.0,69600.0,348000.0,245459.36,102540.64,-0.10073783821413776,0,0,0,0.2946570114942529,60K-80K,4-8,3,2
545,2023-10-16,9.0,53500.0,481500.0,351808.95,129691.05,0.9154690534013845,0,0,0,0.2693479750778816,45K-60K,8-12,5,3
2056,2025-10-11,9.0,46500.0,418500.0,299725.94,118774.06,-1.2727252693629012,0,0,0,0.2838089844683393,45K-60K,8-12,5,2
759,2024-01-26,4.0,56600.0,226400.0,159455.93,66944.07,0.08773350921850008,0,0,0,0.29568935512367495,45K-60K,0-4,1,4
1879,2025-07-19,7.0,54600.0,382200.0,280221.67,101978.33,-0.01936471228548317,0,0,0,0.2668192830978545,45K-60K,4-8,1,1
1462,2025-01-08,2.0,61000.0,122000.0,89003.06,32996.94,-0.3159393986392413,0,0,0,0.2704667213114754,60K-80K,0-4,2,2
1453,2025-01-05,3.0,51700.0,155100.0,111461.09,43638.91,-0.17465713346625888,0,0,0,0.28135983236621537,45K-60K,0-4,1,3
588,2023-11-05,1.0,120800.0,120800.0,80038.35,40761.65,-0.8937983350107271,0,0,0,0.33743087748344375,110K-145K,0-4,4,2
1449,2025-01-03,5.0,40800.0,204000.0,154779.93,49220.07,0.02813114253517995,0,0,0,0.24127485294117648,30K-45K,4-8,6,1
1835,2025-06-29,8.0,49800.0,398400.0,287361.78,111038.22,-0.276400443895043,0,0,0,0.27871039156626504,45K-60K,4-8,1,4
1255,2024-10-05,6.0,46200.0,277200.0,204643.42,72556.58,-1.366505026052799,0,0,0,0.2617481240981241,45K-60K,4-8,5,4
51,2023-01-26,4.0,39600.0,158400.0,118343.36,40056.64,-0.014846141599088416,0,0,0,0.25288282828282826,30K-45K,0-4,6,3
1700,2025-04-24,7.0,45600.0,319200.0,229404.93,89795.07,-1.5540645394325951,0,0,0,0.28131287593984966,45K-60K,4-8,5,1
1859,2025-07-10,4.0,56000.0,224000.0,158134.88,65865.12,0.05560404276730511,0,0,0,0.29404071428571427,45K-60K,0-4,1,4
608,2023-11-12,4.0,40700.0,162800.0,122117.98,40682.02,0.024549702190657587,0,0,0,0.24988955773955773,30K-45K,0-4,6,1
2039,2025-10-02,9.0,47200.0,424800.0,303914.3,120885.7,-1.0539058370864727,0,0,0,0.28457085687382294,45K-60K,8-12,5,3
1630,2025-03-24,4.0,71300.0,285200.0,201502.11,83697.89,0.09111612972141725,0,0,0,0.2934708625525947,60K-80K,0-4,2,3
563,2023-10-25,6.0,55900.0,335400.0,235689.79,99710.21,0.050249131692105944,0,0,0,0.29728744782349437,45K-60K,4-8,1,2
1911,2025-08-05,4.0,63000.0,252000.0,177922.43,74077.57,-0.23689949021969597,0,0,0,0.29395861111111116,60K-80K,0-4,2,1
1627,2025-03-21,8.0,62700.0,501600.0,358404.88,143195.12,-0.24875547648262777,0,0,0,0.2854767145135566,60K-80K,4-8,2,3
1197,2024-09-07,4.0,35800.0,143200.0,107744.65,35455.35,-0.15094087469093825,0,0,0,0.24759322625698324,30K-45K,0-4,6,1
1736,2025-05-14,5.0,68900.0,344500.0,243007.09,101492.91,-0.00373176038203718,0,0,0,0.2946093178519594,60K-80K,4-8,2,1
90,2023-02-16,4.0,55500.0,222000.0,163264.9,58735.1,1.5406674313340376,0,0,0,0.2645725225225225,45K-60K,0-4,5,2
1134,2024-08-04,8.0,50200.0,401600.0,283823.49,117776.51,-0.2549807995942463,0,0,0,0.29326820219123506,45K-60K,4-8,1,2
1312,2024-10-29,8.0,54800.0,438400.0,321419.76,116980.24,-0.008654890135084846,0,0,0,0.2668344890510949,45K-60K,4-8,1,2
1631,2025-03-25,9.0,53700.0,483300.0,355609.77,127690.23,-0.06755891196227563,0,0,0,0.26420490378646805,45K-60K,8-12,1,2
1161,2024-08-18,2.0,62600.0,125200.0,90016.87,35183.13,-1.2735435527169745,0,0,0,0.28101541533546326,60K-80K,0-4,3,3
1145,2024-08-12,2.0,66300.0,132600.0,92792.16,39807.84,-0.10648364132744614,0,0,0,0.3002099547511312,60K-80K,0-4,2,2
793,2024-02-13,9.0,56800.0,511200.0,373316.02,137883.98,0.0984433313688984,0,0,0,0.2697260954616589,45K-60K,8-12,1,2
2093,2025-11-06,9.0,53600.0,482400.0,356258.97,126141.03,0.9467289722980171,0,0,0,0.2614863805970149,45K-60K,8-12,5,4
112,2023-03-01,7.0,54200.0,379400.0,283370.52,96029.48,1.134288485677813,0,0,0,0.253108803373748,45K-60K,4-8,5,4
2129,2025-11-26,6.0,48200.0,289200.0,208797.69,80402.31,-0.3620790210982296,0,0,0,0.27801628630705394,45K-60K,4-8,1,3
1671,2025-04-08,7.0,71600.0,501200.0,363489.78,137710.22,0.10297211598434905,0,0,0,0.27476101356743815,60K-80K,4-8,2,3
1618,2025-03-17,5.0,46100.0,230500.0,171638.19,58861.81,-1.3977649449494318,0,0,0,0.25536577006507594,45K-60K,4-8,5,1
1545,2025-02-14,3.0,48900.0,146700.0,108785.27,37914.73,-0.5224872158437175,0,0,0,0.2584507839127471,45K-60K,0-4,5,4
777,2024-02-07,4.0,39400.0,157600.0,118316.52,39283.48,-0.022009022288133142,0,0,0,0.24926065989847718,30K-45K,0-4,6,2
1649,2025-04-02,6.0,41900.0,251400.0,188642.44,62757.56,0.06752698632492596,0,0,0,0.24963229912490054,30K-45K,4-8,6,4
1634,2025-03-26,5.0,41400.0,207000.0,151518.01,55481.99,0.049619784602314136,0,0,0,0.26802893719806764,30K-45K,4-8,6,1
659,2023-12-09,8.0,59700.0,477600.0,349093.48,128506.52,0.2537357525496741,0,0,0,0.2690672529313233,45K-60K,4-8,1,1
1459,2025-01-07,5.0,74700.0,373500.0,267005.33,106494.67,0.753734896637929,0,0,0,0.2851262918340027,60K-80K,4-8,3,1
1967,2025-09-03,6.0,73000.0,438000.0,303366.03,134633.97,0.15830005187803078,0,0,0,0.3073834931506849,60K-80K,4-8,2,1
1602,2025-03-09,6.0,39800.0,238800.0,181410.86,57389.14,-0.007683260910043688,0,0,0,0.24032303182579565,30K-45K,4-8,6,3
1809,2025-06-20,5.0,62900.0,314500.0,217456.15,97043.85,-1.2232804506668529,0,0,0,0.3085655007949126,60K-80K,4-8,3,2
1576,2025-03-01,5.0,77800.0,389000.0,270776.76,118223.24,1.2731202844891853,0,0,0,0.30391578406169667,60K-80K,4-8,3,1
2104,2025-11-12,3.0,85300.0,255900.0,178653.72,77246.28,-0.9209586564426446,0,0,0,0.3018611957796014,80K-110K,0-4,7,2
31,2023-01-16,6.0,54900.0,329400.0,237190.78,92209.22,-0.0032999790598856834,0,0,0,0.2799308439587128,45K-60K,4-8,1,2
41,2023-01-21,4.0,35800.0,143200.0,107647.34,35552.66,-0.15094087469093825,0,0,0,0.2482727653631285,30K-45K,0-4,6,2
1392,2024-12-05,6.0,41200.0,247200.0,178581.27,68618.73,0.0424569039132694,0,0,0,0.277583859223301,30K-45K,4-8,6,2
1074,2024-07-10,7.0,51400.0,359800.0,262552.2,97247.8,-0.19072186669185637,0,0,0,0.27028293496386885,45K-60K,4-8,1,1
1230,2024-09-24,6.0,71000.0,426000.0,297218.95,128781.05,0.13382330468642958,0,0,0,0.3023029342723005,60K-80K,4-8,3,3
1184,2024-08-30,2.0,35600.0,71200.0,52334.13,18865.87,-0.15810375537998297,0,0,0,0.2649700842696629,30K-45K,0-4,6,4
1784,2025-06-08,1.0,156800.0,156800.0,103042.39,53757.61,-0.027789395320470506,0,0,0,0.3428419005102041,145K+,0-4,8,3
993,2024-05-24,6.0,55300.0,331800.0,248058.39,83741.61,1.4781475935407722,0,0,0,0.25238580470162747,45K-60K,4-8,5,2
1643,2025-03-30,8.0,45900.0,367200.0,272089.52,95110.48,-1.460284782742697,0,0,0,0.25901546840958606,45K-60K,4-8,5,1
980,2024-05-19,8.0,74400.0,595200.0,419330.26,175869.74,0.21362798777171255,0,0,0,0.2954800739247312,60K-80K,4-8,2,4
18,2023-01-11,2.0,125400.0,250800.0,165971.66,84828.34,-0.24614950809332942,0,0,0,0.3382310207336523,110K-145K,0-4,4,1
1409,2024-12-18,7.0,55100.0,385700.0,280738.8,104961.2,0.007409843090512642,0,0,0,0.2721317085817993,45K-60K,4-8,1,1
1982,2025-09-11,5.0,123300.0,616500.0,429253.66,187246.34,-0.5418152769034458,0,0,0,0.303724801297648,110K-145K,4-8,4,3
1825,2025-06-27,6.0,40300.0,241800.0,180172.88,61627.12,0.010223940812568132,0,0,0,0.2548681555004136,30K-45K,4-8,6,3
809,2024-02-21,6.0,36600.0,219600.0,161371.54,58228.46,-0.12228935193475933,0,0,0,0.26515692167577415,30K-45K,4-8,6,2
591,2023-11-05,8.0,36100.0,288800.0,210510.83,78289.17,-0.14019655365737116,0,0,0,0.27108438365650966,30K-45K,4-8,6,4
575,2023-10-30,4.0,68200.0,272800.0,193452.65,79347.35,-0.33529898111470513,0,0,0,0.290862719941349,60K-80K,0-4,3,2
1765,2025-05-29,8.0,37200.0,297600.0,225763.26,71836.74,-0.10080070986762514,0,0,0,0.24138689516129033,30K-45K,4-8,6,4
228,2023-05-12,5.0,53400.0,267000.0,196399.32,70600.68,-0.08362364518787312,0,0,0,0.2644220224719101,45K-60K,4-8,1,3
643,2023-11-30,7.0,71300.0,499100.0,356454.19,142645.81,0.09111612972141725,0,0,0,0.2858060709276698,60K-80K,4-8,2,4
792,2024-02-13,4.0,61500.0,246000.0,179354.25,66645.75,-0.296179421534355,0,0,0,0.2709176829268293,60K-80K,0-4,2,3
1739,2025-05-17,2.0,70100.0,140200.0,96840.24,43359.76,-0.01696600146393513,0,0,0,0.3092707560627675,60K-80K,0-4,3,3
2177,2025-12-21,5.0,53100.0,265500.0,195816.04,69683.96,-0.09968837841347061,0,0,0,0.2624631261770245,45K-60K,4-8,1,2
2142,2025-12-03,6.0,66800.0,400800.0,286866.04,113933.96,-0.5698601240152724,0,0,0,0.28426636726546906,60K-80K,4-8,3,1
1697,2025-04-23,7.0,74800.0,523600.0,366871.98,156728.02,0.7704892639879696,0,0,0,0.299327769289534,60K-80K,4-8,3,4
885,2024-04-01,2.0,34700.0,69400.0,52711.22,16688.78,-0.19033671848068423,0,0,0,0.2404723342939481,30K-45K,0-4,6,4
1193,2024-09-03,4.0,57900.0,231600.0,163543.66,68056.34,0.1573473531960892,0,0,0,0.2938529360967185,45K-60K,0-4,1,3
721,2024-01-08,7.0,53400.0,373800.0,271704.18,102095.82,-0.08362364518787312,0,0,0,0.2731295345104334,45K-60K,4-8,1,4
1768,2025-05-31,6.0,36800.0,220800.0,166342.86,54457.14,-0.1151264712457146,0,0,0,0.24663559782608696,30K-45K,4-8,6,4
1287,2024-10-20,6.0,40100.0,240600.0,181278.05,59321.95,0.0030610601235234033,0,0,0,0.24655839567747298,30K-45K,4-8,6,2
1820,2025-06-23,7.0,46300.0,324100.0,231289.97,92810.03,-1.3352451071561664,0,0,0,0.286362326442456,45K-60K,4-8,5,1
410,2023-08-17,7.0,48900.0,342300.0,250217.09,92082.91,-0.32459464357183543,0,0,0,0.26901229915278996,45K-60K,4-8,1,1
452,2023-09-05,3.0,77600.0,232800.0,168420.81,64379.19,1.2396115497891043,0,0,0,0.27654291237113404,60K-80K,0-4,3,4
2057,2025-10-13,10.0,54200.0,542000.0,393098.67,148901.33,-0.040784356586279824,0,0,0,0.27472570110701106,45K-60K,8-12,1,2
285,2023-06-12,3.0,75400.0,226200.0,157811.99,68388.01,0.8710154680882127,0,0,0,0.30233426171529615,60K-80K,0-4,3,1
887,2024-04-03,4.0,77600.0,310400.0,220670.85,89729.15,1.2396115497891043,0,0,0,0.2890758698453608,60K-80K,0-4,3,3
2153,2025-12-09,10.0,47700.0,477000.0,344840.69,132159.31,-0.8976062426033093,0,0,0,0.2770635429769392,45K-60K,8-12,5,3
612,2023-11-14,6.0,68200.0,409200.0,284951.5,124248.5,-0.031395728328878054,0,0,0,0.30363758553274683,60K-80K,4-8,2,4
184,2023-04-17,6.0,60000.0,360000.0,257039.43,102960.57,0.2698004857752716,0,0,0,0.28600158333333336,45K-60K,4-8,1,1
1319,2024-10-31,6.0,64500.0,387000.0,272221.02,114778.98,-0.9552105730662045,0,0,0,0.29658651162790695,60K-80K,4-8,3,3
118,2023-03-07,6.0,38600.0,231600.0,171623.21,59976.79,-0.050660545044312055,0,0,0,0.2589671416234888,30K-45K,4-8,6,2
1595,2025-03-07,9.0,36400.0,327600.0,245973.12,81626.88,-0.12945223262380406,0,0,0,0.2491663003663004,30K-45K,8-12,6,3
385,2023-08-06,9.0,56000.0,504000.0,370348.82,133651.18,0.05560404276730511,0,0,0,0.2651809126984127,45K-60K,8-12,1,2
1123,2024-07-31,1.0,152500.0,152500.0,101355.75,51144.25,-0.4585250227877823,0,0,0,0.335372131147541,145K+,0-4,8,2
554,2023-10-20,7.0,46600.0,326200.0,239295.42,86904.58,-1.2414653504662685,0,0,0,0.26641502145922746,45K-60K,4-8,5,2
959,2024-05-08,7.0,35900.0,251300.0,187971.49,63328.51,-0.14735943434641588,0,0,0,0.2520036211699164,30K-45K,4-8,6,3
88,2023-02-15,4.0,41000.0,164000.0,122309.05,41690.95,0.035294023224224674,0,0,0,0.25421310975609757,30K-45K,0-4,6,2
1686,2025-04-18,5.0,98000.0,490000.0,346571.09,143428.91,1.2773009843900145,0,0,0,0.2927120612244898,80K-110K,4-8,7,4
703,2024-01-02,1.0,68400.0,68400.0,49292.55,19107.45,-0.023491737486923518,0,0,0,0.27934868421052633,60K-80K,0-4,2,2
426,2023-08-26,1.0,63100.0,63100.0,44132.9,18967.1,-1.189771715966772,0,0,0,0.30058795562599044,60K-80K,0-4,3,4
1262,2024-10-10,8.0,51600.0,412800.0,304126.3,108673.7,-0.18001204454145806,0,0,0,0.2632599321705426,45K-60K,4-8,1,2
742,2024-01-17,1.0,156400.0,156400.0,104672.67,51727.33,-0.06785782578254602,0,0,0,0.33073740409207164,145K+,0-4,8,3
38,2023-01-19,5.0,41000.0,205000.0,154083.3,50916.7,0.035294023224224674,0,0,0,0.2483741463414634,30K-45K,4-8,6,3
1024,2024-06-12,1.0,166800.0,166800.0,107600.83,59199.17,0.9739213662314173,0,0,0,0.3549110911270983,145K+,0-4,8,4
577,2023-10-31,4.0,116600.0,466400.0,312954.7,153445.3,-1.4851298726309599,0,0,0,0.3289993567753001,110K-145K,0-4,4,4
2118,2025-11-18,7.0,50900.0,356300.0,264285.15,92014.85,0.10271116208893553,0,0,0,0.25825105248386193,45K-60K,4-8,5,4
1672,2025-04-08,7.0,54400.0,380800.0,275757.08,105042.92,1.1968083234710785,0,0,0,0.27584800420168065,45K-60K,4-8,5,2
451,2023-09-05,1.0,74700.0,74700.0,53234.01,21465.99,0.753734896637929,0,0,0,0.2873626506024097,60K-80K,0-4,3,1
2051,2025-10-07,6.0,67800.0,406800.0,282468.65,124331.35,-0.04720371001278713,0,0,0,0.3056326204523107,60K-80K,4-8,2,3
1535,2025-02-09,6.0,402000.0,241200.0,173814.8,67385.2,12.964293666949958,1,0,0,0.2793747927031509,145K+,4-8,6,1
810,2024-02-21,4.0,55700.0,222800.0,159572.72,63227.28,1.6031872691273028,0,0,0,0.28378491921005383,45K-60K,0-4,5,4
1757,2025-05-24,6.0,39400.0,236400.0,173570.4,62829.6,-0.022009022288133142,0,0,0,0.26577664974619286,30K-45K,4-8,6,1
741,2024-01-17,8.0,57000.0,456000.0,327207.52,128792.48,0.10915315351929673,0,0,0,0.282439649122807,45K-60K,4-8,1,2
756,2024-01-25,7.0,37300.0,261100.0,193779.15,67320.85,-0.09721926952310278,0,0,0,0.2578355036384527,30K-45K,4-8,6,2
1781,2025-06-06,1.0,120000.0,120000.0,83982.9,36017.1,-1.0064329136050572,0,0,0,0.3001425,110K-145K,0-4,4,1
1567,2025-02-25,6.0,56700.0,340200.0,251410.4,88789.6,0.09308842029369924,0,0,0,0.2609923574368019,45K-60K,4-8,1,3
1221,2024-09-18,3.0,49400.0,148200.0,108908.7,39291.3,-0.36618762136055427,0,0,0,0.2651234817813765,45K-60K,0-4,5,4
1827,2025-06-27,7.0,52700.0,368900.0,271894.71,97005.29,-0.12110802271426727,0,0,0,0.2629582271618325,45K-60K,4-8,1,1
941,2024-04-27,7.0,38900.0,272300.0,203509.04,68790.96,-0.03991622401074496,0,0,0,0.2526293059125964,30K-45K,4-8,6,1
2154,2025-12-09,2.0,137500.0,275000.0,181861.25,93138.75,1.4574484931459124,0,0,0,0.3386863636363636,110K-145K,0-4,4,1
2078,2025-10-28,7.0,40300.0,282100.0,204995.7,77104.3,0.010223940812568132,0,0,0,0.2733225806451613,30K-45K,4-8,6,4
189,2023-04-18,4.0,54100.0,216400.0,159566.14,56833.86,1.1030285667811803,0,0,0,0.2626333641404806,45K-60K,0-4,5,2
473,2023-09-15,1.0,162200.0,162200.0,104044.72,58155.28,0.5131344159175489,0,0,0,0.3585405672009864,145K+,0-4,8,1
1524,2025-02-05,5.0,92100.0,460500.0,319055.75,141444.25,0.2560622536094878,0,0,0,0.3071536373507058,80K-110K,4-8,7,2
1170,2024-08-23,5.0,60800.0,304000.0,217908.16,86091.84,-0.32384338948119584,0,0,0,0.28319684210526314,60K-80K,4-8,2,1
995,2024-05-26,9.0,54200.0,487800.0,353284.81,134515.19,1.134288485677813,0,0,0,0.2757588970889709,45K-60K,8-12,5,2
1463,2025-01-08,7.0,48200.0,337400.0,245962.67,91437.33,-0.7413066481201461,0,0,0,0.2710057202133966,45K-60K,4-8,5,4
1912,2025-08-06,4.0,53500.0,214000.0,154892.92,59107.08,0.9154690534013845,0,0,0,0.276201308411215,45K-60K,0-4,5,4
1238,2024-09-28,2.0,91000.0,182000.0,130983.63,51016.37,0.0656618122775252,0,0,0,0.2803097252747253,80K-110K,0-4,7,3
1992,2025-09-15,6.0,50700.0,304200.0,213947.44,90252.56,-0.2282062442182505,0,0,0,0.296688231426693,45K-60K,4-8,1,2
1090,2024-07-19,4.0,51100.0,204400.0,147097.33,57302.67,0.16523099988220083,0,0,0,0.2803457436399217,45K-60K,0-4,5,2
816,2024-02-25,4.0,71400.0,285600.0,197398.26,88201.74,0.2008407740865917,0,0,0,0.3088296218487395,60K-80K,0-4,3,1
926,2024-04-21,6.0,54500.0,327000.0,237142.05,89857.95,1.228068242367711,0,0,0,0.27479495412844035,45K-60K,4-8,5,2
614,2023-11-15,7.0,39300.0,275100.0,201014.14,74085.86,-0.025590462632655506,0,0,0,0.26930519810977827,30K-45K,4-8,6,4
1614,2025-03-15,4.0,48500.0,194000.0,138236.22,55763.78,-0.3460142878726321,0,0,0,0.2874421649484536,45K-60K,0-4,1,1
1194,2024-09-05,2.0,98600.0,197200.0,134913.09,62286.91,1.3811557705710849,0,0,0,0.3158565415821501,80K-110K,0-4,7,3
436,2023-08-29,4.0,53200.0,212800.0,154719.93,58080.07,-0.09433346733827144,0,0,0,0.2729326597744361,45K-60K,0-4,1,2
1279,2024-10-15,5.0,39300.0,196500.0,142486.53,54013.47,-0.025590462632655506,0,0,0,0.2748777099236641,30K-45K,4-8,6,4
754,2024-01-24,4.0,92500.0,370000.0,257932.63,112067.37,0.32529877773020144,0,0,0,0.30288478378378375,80K-110K,0-4,7,4
535,2023-10-14,7.0,46300.0,324100.0,230910.48,93189.52,-1.3352451071561664,0,0,0,0.2875332304844184,45K-60K,4-8,5,4
557,2023-10-21,9.0,50900.0,458100.0,343489.96,114610.04,0.10271116208893553,0,0,0,0.25018563632394675,45K-60K,8-12,5,4
2136,2025-11-30,5.0,72600.0,363000.0,259048.07,103951.93,0.401893182287078,0,0,0,0.28636895316804406,60K-80K,4-8,3,1
1926,2025-08-15,3.0,71600.0,214800.0,156486.65,58313.35,0.23434950878667274,0,0,0,0.2714774208566108,60K-80K,0-4,3,3
1645,2025-03-31,8.0,54500.0,436000.0,314350.41,121649.59,-0.024719623360682334,0,0,0,0.2790128211009174,45K-60K,4-8,1,2
1474,2025-01-12,4.0,49200.0,196800.0,145457.58,51342.42,-0.30852991034623795,0,0,0,0.2608862804878049,45K-60K,0-4,1,1
1563,2025-02-23,4.0,67300.0,269200.0,188733.29,80466.71,-0.48608828726506986,0,0,0,0.2989105126300149,60K-80K,0-4,3,3
166,2023-04-04,6.0,55700.0,334200.0,247118.35,87081.65,1.6031872691273028,0,0,0,0.26056747456612805,45K-60K,4-8,5,3
964,2024-05-11,6.0,38600.0,231600.0,170208.5,61391.5,-0.050660545044312055,0,0,0,0.26507556131260795,30K-45K,4-8,6,1
603,2023-11-11,8.0,46800.0,374400.0,267574.95,106825.05,-1.1789455126730033,0,0,0,0.28532331730769234,45K-60K,4-8,5,3
1824,2025-06-26,5.0,96600.0,483000.0,340952.26,142047.74,1.0349731499675165,0,0,0,0.29409469979296066,80K-110K,4-8,7,1
1813,2025-06-21,4.0,60500.0,242000.0,175785.2,66214.8,-0.33569937574412767,0,0,0,0.27361487603305784,60K-80K,0-4,2,4
104,2023-02-24,3.0,41800.0,125400.0,92207.29,33192.71,0.06394554598040358,0,0,0,0.2646946570972887,30K-45K,0-4,6,2
351,2023-07-20,5.0,58700.0,293500.0,216253.08,77246.92,0.2001866417976825,0,0,0,0.2631922316865417,45K-60K,4-8,1,4
856,2024-03-17,4.0,69900.0,279600.0,200799.11,78800.89,-0.05047473616401618,0,0,0,0.2818343705293276,60K-80K,0-4,3,4
833,2024-03-05,5.0,75900.0,379500.0,271888.25,107611.75,0.9547873048384153,0,0,0,0.2835619235836627,60K-80K,4-8,3,2
1544,2025-02-13,4.0,53500.0,214000.0,159943.39,54056.61,0.9154690534013845,0,0,0,0.25260098130841124,45K-60K,0-4,5,1
2162,2025-12-12,7.0,66500.0,465500.0,333737.62,131762.38,-0.09857965048549161,0,0,0,0.28305559613319015,60K-80K,4-8,2,2
1237,2024-09-27,2.0,98100.0,196200.0,138152.37,58047.63,1.2946101154201928,0,0,0,0.29585948012232416,80K-110K,0-4,7,3
361,2023-07-27,6.0,34200.0,205200.0,153304.53,51895.47,-0.20824392020329607,0,0,0,0.25290190058479534,30K-45K,4-8,6,1
281,2023-06-10,5.0,74500.0,372500.0,270133.91,102366.09,0.7202261619378479,0,0,0,0.2748082953020134,60K-80K,4-8,3,3
330,2023-07-08,4.0,48800.0,195200.0,144410.48,50789.52,-0.5537471347403502,0,0,0,0.2601922131147541,45K-60K,0-4,5,4
121,2023-03-08,2.0,50200.0,100400.0,71557.96,28842.04,-0.2549807995942463,0,0,0,0.28727131474103584,45K-60K,0-4,1,1
2133,2025-11-28,6.0,57300.0,343800.0,252651.95,91148.05,0.12521788674489423,0,0,0,0.265119400814427,45K-60K,4-8,1,3
1598,2025-03-08,4.0,38400.0,153600.0,115896.96,37703.04,-0.05782342573335678,0,0,0,0.2454625,30K-45K,0-4,6,3
14,2023-01-08,1.0,131000.0,131000.0,87576.85,43423.15,0.5422925420669809,0,0,0,0.33147442748091605,110K-145K,0-4,4,4
1623,2025-03-20,7.0,46700.0,326900.0,236919.34,89980.66,-1.210205431569636,0,0,0,0.2752543897216274,45K-60K,4-8,5,3
1756,2025-05-24,4.0,71700.0,286800.0,209306.92,77493.08,0.25110387613671326,0,0,0,0.2701990237099024,60K-80K,0-4,3,3
1018,2024-06-11,5.0,52100.0,260500.0,189431.28,71068.72,-0.15323748916546223,0,0,0,0.27281658349328214,45K-60K,4-8,1,3
1158,2024-08-16,3.0,69900.0,209700.0,149306.66,60393.34,-0.05047473616401618,0,0,0,0.28799876013352405,60K-80K,0-4,3,2
2041,2025-10-02,5.0,95900.0,479500.0,333995.63,145504.37,0.9138092327562677,0,0,0,0.30345019812304486,80K-110K,4-8,7,4
604,2023-11-11,7.0,51800.0,362600.0,267802.11,94797.89,-0.16930222239105971,0,0,0,0.26143929950358524,45K-60K,4-8,1,2
1173,2024-08-25,4.0,36700.0,146800.0,106383.08,40416.92,-0.11870791159023697,0,0,0,0.27531961852861037,30K-45K,0-4,6,2
1938,2025-08-22,5.0,71400.0,357000.0,257782.49,99217.51,0.09506812514239452,0,0,0,0.2779201960784314,60K-80K,4-8,2,4
1575,2025-02-28,2.0,62000.0,124000.0,85642.15,38357.85,-0.27641944442946864,0,0,0,0.3093375,60K-80K,0-4,2,2
1975,2025-09-08,9.0,50600.0,455400.0,333861.97,121538.03,-0.23356115529344967,0,0,0,0.2668819279754062,45K-60K,8-12,1,2
497,2023-09-27,5.0,34100.0,170500.0,124968.12,45531.88,-0.21182536054781842,0,0,0,0.26704914956011727,30K-45K,4-8,6,1
1821,2025-06-24,7.0,57100.0,399700.0,294621.63,105078.37,0.11450806459449589,0,0,0,0.26289309482111584,45K-60K,4-8,1,1
257,2023-05-26,3.0,89400.0,268200.0,189678.53,78521.47,-0.2112842842053295,0,0,0,0.2927720730797912,80K-110K,0-4,7,4
1456,2025-01-06,6.0,56400.0,338400.0,249257.34,89142.66,0.07702368706810175,0,0,0,0.26342393617021276,45K-60K,4-8,1,2
1471,2025-01-10,6.0,57500.0,345000.0,255004.14,89995.86,0.13592770889529254,0,0,0,0.2608575652173913,45K-60K,4-8,1,1
30,2023-01-16,5.0,67700.0,338500.0,242533.29,95966.71,-0.051155705433764395,0,0,0,0.28350579025110784,60K-80K,4-8,2,3
567,2023-10-27,5.0,53100.0,265500.0,190828.86,74671.14,0.7904293778148539,0,0,0,0.2812472316384181,45K-60K,4-8,5,3
32,2023-01-16,2.0,77000.0,154000.0,111078.33,42921.67,1.139085345688861,0,0,0,0.27871214285714285,60K-80K,0-4,3,1
1924,2025-08-14,3.0,50000.0,150000.0,107677.72,42322.28,-0.26569062174464464,0,0,0,0.28214853333333334,45K-60K,0-4,1,2
1752,2025-05-22,5.0,51400.0,257000.0,185613.11,71386.89,0.2590107565720988,0,0,0,0.27777,45K-60K,4-8,5,4
2131,2025-11-27,5.0,48100.0,240500.0,171078.32,69421.68,-0.7725665670167787,0,0,0,0.28865563409563405,45K-60K,4-8,5,3
1065,2024-07-06,3.0,70500.0,211500.0,147687.46,63812.54,0.0595001663535991,0,0,0,0.3017141371158392,60K-80K,0-4,2,4
17,2023-01-09,2.0,69400.0,138800.0,97153.47,41646.53,0.01602821672284916,0,0,0,0.30004704610951005,60K-80K,0-4,2,2
918,2024-04-15,0.0,51000.0,306000.0,218437.0,87563.0,-0.21214151099265302,0,0,1,0.2861535947712418,45K-60K,0-4,1,4
684,2023-12-24,6.0,74700.0,448200.0,314360.47,133839.53,0.22548397403464435,0,0,0,0.2986156403391343,60K-80K,4-8,2,3
1191,2024-09-03,6.0,36900.0,221400.0,164229.45,57170.55,-0.11154503090119224,0,0,0,0.2582228997289973,30K-45K,4-8,6,2
1407,2024-12-15,3.0,40500.0,121500.0,90518.24,30981.76,0.01738682150161286,0,0,0,0.25499390946502054,30K-45K,0-4,6,1
692,2023-12-29,5.0,41100.0,205500.0,153766.34,51733.66,0.03887546356874704,0,0,0,0.25174530413625307,30K-45K,4-8,6,4
536,2023-10-14,3.0,70800.0,212400.0,152124.28,60275.72,0.0713561526165309,0,0,0,0.28378399246704333,60K-80K,0-4,2,3
1011,2024-06-05,4.0,68400.0,273600.0,195269.84,78330.16,-0.023491737486923518,0,0,0,0.28629444444444446,60K-80K,0-4,2,4
1218,2024-09-17,4.0,96400.0,385600.0,272388.35,113211.65,1.0003548879071598,0,0,0,0.2935986773858921,80K-110K,0-4,7,4
2081,2025-11-01,6.0,35600.0,213600.0,158377.22,55222.78,-0.15810375537998297,0,0,0,0.2585336142322097,30K-45K,4-8,6,1
1680,2025-04-15,3.0,129200.0,387600.0,266395.33,121204.67,0.2888647402297383,0,0,0,0.31270554695562436,110K-145K,0-4,4,4
2199,2025-12-29,6.0,51200.0,307200.0,221806.24,85393.76,0.19649091877883348,0,0,0,0.2779744791666667,45K-60K,4-8,5,2
1521,2025-02-03,5.0,50900.0,254500.0,182407.16,72092.84,0.10271116208893553,0,0,0,0.2832724557956778,45K-60K,4-8,5,1
169,2023-04-05,4.0,34800.0,139200.0,104490.09,34709.91,-0.18675527813616188,0,0,0,0.24935280172413796,30K-45K,0-4,6,4
2091,2025-11-05,4.0,61000.0,244000.0,173760.06,70239.94,-0.3159393986392413,0,0,0,0.28786860655737706,60K-80K,0-4,2,1
1005,2024-05-30,4.0,127400.0,509600.0,352096.72,157503.28,0.03543693839249568,0,0,0,0.3090723704866562,110K-145K,0-4,4,1
1609,2025-03-12,6.0,53900.0,323400.0,235114.38,88285.62,1.0405087289879151,0,0,0,0.2729920222634508,45K-60K,4-8,5,4
194,2023-04-22,5.0,48800.0,244000.0,175940.42,68059.58,-0.3299495546470346,0,0,0,0.2789327049180328,45K-60K,4-8,1,4
564,2023-10-26,4.0,47700.0,190800.0,136842.19,53957.81,-0.8976062426033093,0,0,0,0.2827977463312369,45K-60K,0-4,5,4
1701,2025-04-25,10.0,59600.0,596000.0,430485.72,165514.28,0.24838084147447495,0,0,0,0.27770852348993286,45K-60K,8-12,1,2
776,2024-02-07,2.0,74400.0,148800.0,108411.45,40388.55,0.7034717945878074,0,0,0,0.27142842741935486,60K-80K,0-4,3,3
1347,2024-11-13,6.0,58900.0,353400.0,258220.08,95179.92,0.21089646394808081,0,0,0,0.2693263157894737,45K-60K,4-8,1,1
674,2023-12-18,3.0,148800.0,446400.0,296960.88,149439.12,-0.8291580045619807,0,0,0,0.33476505376344085,145K+,0-4,8,2
667,2023-12-14,7.0,56700.0,396900.0,292142.53,104757.47,0.09308842029369924,0,0,0,0.26393920382968,45K-60K,4-8,1,2
144,2023-03-24,1.0,35100.0,35100.0,26045.55,9054.45,-0.1760109571025948,0,0,0,0.25796153846153846,30K-45K,0-4,6,4
656,2023-12-08,5.0,36900.0,184500.0,137075.47,47424.53,-0.11154503090119224,0,0,0,0.25704352303523037,30K-45K,4-8,6,1
409,2023-08-16,5.0,35800.0,179000.0,130785.84,48214.16,-0.15094087469093825,0,0,0,0.2693528491620112,30K-45K,4-8,6,2
387,2023-08-07,5.0,71700.0,358500.0,257344.37,101155.63,0.10692411140532632,0,0,0,0.28216354253835424,60K-80K,4-8,2,2
1059,2024-07-02,2.0,34500.0,69000.0,52200.26,16799.74,-0.19749959916972898,0,0,0,0.2434744927536232,30K-45K,0-4,6,4
1245,2024-10-02,6.0,53100.0,318600.0,231496.13,87103.87,-0.09968837841347061,0,0,0,0.27339569993722534,45K-60K,4-8,1,3
1424,2024-12-22,4.0,77500.0,310000.0,221131.17,88868.83,1.2228571824390637,0,0,0,0.28667364516129035,60K-80K,0-4,3,2
845,2024-03-10,9.0,55000.0,495000.0,357801.6,137198.4,0.002054932015313479,0,0,0,0.27716848484848483,45K-60K,8-12,1,2
696,2023-12-30,8.0,52800.0,422400.0,314756.67,107643.33,0.696649621124956,0,0,0,0.25483742897727274,45K-60K,4-8,5,4
1816,2025-06-21,2.0,149100.0,298200.0,191261.77,106938.23,-0.7991066817154242,0,0,0,0.358612441314554,145K+,0-4,8,3
1183,2024-08-28,5.0,36700.0,183500.0,135016.37,48483.63,-0.11870791159023697,0,0,0,0.2642159673024523,30K-45K,4-8,6,2
701,2024-01-01,3.0,36100.0,108300.0,78419.26,29880.74,-0.14019655365737116,0,0,0,0.2759071098799631,30K-45K,0-4,6,2
1380,2024-11-30,3.0,97500.0,292500.0,210009.01,82490.99,1.1907553292391224,0,0,0,0.28202047863247864,80K-110K,0-4,7,1
761,2024-01-26,5.0,45900.0,229500.0,166817.85,62682.15,-1.460284782742697,0,0,0,0.2731248366013072,45K-60K,4-8,5,1
751,2024-01-23,4.0,54400.0,217600.0,156647.38,60952.62,1.1968083234710785,0,0,0,0.28011314338235294,45K-60K,0-4,5,2
873,2024-03-27,7.0,49900.0,349300.0,256963.42,92336.58,-0.209888026877391,0,0,0,0.26434749498997995,45K-60K,4-8,5,4
1761,2025-05-27,10.0,57400.0,574000.0,419202.31,154797.69,0.13057279782009337,0,0,0,0.2696823867595819,45K-60K,8-12,1,3
1665,2025-04-06,5.0,68600.0,343000.0,237917.09,105082.91,-0.268281511714543,0,0,0,0.30636416909620995,60K-80K,4-8,3,2
1190,2024-09-03,5.0,86600.0,433000.0,295959.01,137040.99,-0.6959399530503252,0,0,0,0.31649189376443415,80K-110K,4-8,7,3
1942,2025-08-25,1.0,130800.0,130800.0,89907.08,40892.92,0.5141338974183983,0,0,0,0.31263700305810393,110K-145K,0-4,4,2
700,2024-01-01,9.0,55500.0,499500.0,372275.04,127224.96,1.5406674313340376,0,0,0,0.2547046246246246,45K-60K,8-12,5,4
629,2023-11-26,3.0,46500.0,139500.0,99864.51,39635.49,-1.2727252693629012,0,0,0,0.284125376344086,45K-60K,0-4,5,2
2097,2025-11-07,9.0,69100.0,621900.0,433899.94,188000.06,-0.1845096749643404,0,0,0,0.3022995015275768,60K-80K,8-12,3,4
585,2023-11-03,8.0,50200.0,401600.0,287296.15,114303.85,-0.11610827018749303,0,0,0,0.28462114043824704,45K-60K,4-8,5,1
2119,2025-11-20,9.0,50100.0,450900.0,321763.13,129136.87,-0.1473681890841257,0,0,0,0.28639802616988247,45K-60K,8-12,5,2
2167,2025-12-14,8.0,48500.0,388000.0,283848.21,104151.79,-0.3460142878726321,0,0,0,0.26843244845360825,45K-60K,4-8,1,1
857,2024-03-18,1.0,160700.0,160700.0,105560.71,55139.29,0.36287780168476574,0,0,0,0.34311941505911636,145K+,0-4,8,3
2084,2025-11-03,7.0,59100.0,413700.0,303980.7,109719.3,0.22160628609847915,0,0,0,0.26521464829586655,45K-60K,4-8,1,4
921,2024-04-17,4.0,36400.0,145600.0,109053.88,36546.12,-0.12945223262380406,0,0,0,0.25100357142857144,30K-45K,0-4,6,1
190,2023-04-19,2.0,73600.0,147200.0,104718.28,42481.72,0.1820120244038944,0,0,0,0.2885986413043478,60K-80K,0-4,2,3
1514,2025-02-02,6.0,54000.0,324000.0,242511.54,81488.46,1.0717686478845478,0,0,0,0.2515075925925926,45K-60K,4-8,5,3
1487,2025-01-19,5.0,52700.0,263500.0,193845.75,69654.25,-0.12110802271426727,0,0,0,0.26434250474383303,45K-60K,4-8,1,1
2090,2025-11-05,7.0,48600.0,340200.0,251141.78,89058.22,-0.6162669725336155,0,0,0,0.2617819517930629,45K-60K,4-8,5,2
821,2024-02-27,5.0,39200.0,196000.0,147024.06,48975.94,-0.02917190297717787,0,0,0,0.2498772448979592,30K-45K,4-8,6,2
1305,2024-10-27,5.0,97300.0,486500.0,348092.44,138407.56,1.1561370671787654,0,0,0,0.28449652620760535,80K-110K,4-8,7,4
972,2024-05-16,4.0,41100.0,164400.0,120196.87,44203.13,0.03887546356874704,0,0,0,0.26887548661800487,30K-45K,0-4,6,3
1296,2024-10-24,8.0,49400.0,395200.0,289680.45,105519.55,-0.2978200881958396,0,0,0,0.26700290991902836,45K-60K,4-8,1,4
2035,2025-10-01,9.0,55900.0,503100.0,365962.47,137137.53,0.050249131692105944,0,0,0,0.2725850327966607,45K-60K,8-12,1,1
1243,2024-10-01,7.0,51500.0,360500.0,260351.84,100148.16,0.2902706754687315,0,0,0,0.2778034951456311,45K-60K,4-8,5,2
1395,2024-12-08,2.0,142900.0,285800.0,186387.7,99412.3,-1.4201673538775947,0,0,0,0.34783869839048287,110K-145K,0-4,8,3
1628,2025-03-22,3.0,65400.0,196200.0,140672.79,55527.21,-0.8044212669158398,0,0,0,0.2830133027522936,60K-80K,0-4,3,1
544,2023-10-15,6.0,77000.0,462000.0,336736.66,125263.34,1.139085345688861,0,0,0,0.2711327705627706,60K-80K,4-8,3,4
830,2024-03-03,3.0,35800.0,107400.0,79439.33,27960.67,-0.15094087469093825,0,0,0,0.26034143389199255,30K-45K,0-4,6,3
449,2023-09-04,3.0,135200.0,405600.0,272752.46,132847.54,1.1336240796872137,0,0,0,0.327533382642998,110K-145K,0-4,4,1
2049,2025-10-06,5.0,49000.0,245000.0,176646.78,68353.22,-0.4912272969470849,0,0,0,0.27899273469387753,45K-60K,4-8,5,3
969,2024-05-14,4.0,54600.0,218400.0,161387.92,57012.08,-0.01936471228548317,0,0,0,0.26104432234432234,45K-60K,0-4,1,4
1810,2025-06-20,7.0,70300.0,492100.0,347755.7,144344.3,0.05159617551164457,0,0,0,0.29332310505994713,60K-80K,4-8,2,3
928,2024-04-21,7.0,56500.0,395500.0,277229.47,118270.53,0.08237859814330092,0,0,0,0.29904053097345135,45K-60K,4-8,1,2
719,2024-01-08,5.0,37900.0,189500.0,139129.57,50370.43,-0.0757306274559686,0,0,0,0.265807018469657,30K-45K,4-8,6,1
2027,2025-09-27,7.0,45300.0,317100.0,227665.1,89434.9,-1.647844296122493,0,0,0,0.282040050457269,45K-60K,4-8,5,1
698,2023-12-31,8.0,49400.0,395200.0,291588.62,103611.38,-0.36618762136055427,0,0,0,0.26217454453441297,45K-60K,4-8,5,3
202,2023-04-28,9.0,60800.0,547200.0,388003.95,159196.05,-0.32384338948119584,0,0,0,0.2909284539473684,60K-80K,8-12,2,1
456,2023-09-06,3.0,139900.0,419700.0,278286.85,141413.15,1.7953522289289026,0,0,0,0.3369386466523707,110K-145K,0-4,4,4
1266,2024-10-11,6.0,51300.0,307800.0,215764.33,92035.67,-0.19607677776705554,0,0,0,0.299011273554256,45K-60K,4-8,1,1
2157,2025-12-10,4.0,123000.0,492000.0,332913.27,159086.73,-0.5840532438763195,0,0,0,0.32334701219512196,110K-145K,0-4,4,3
1153,2024-08-14,3.0,73900.0,221700.0,156953.14,64746.86,0.1938680106668262,0,0,0,0.2920471808750564,60K-80K,0-4,2,4
117,2023-03-07,5.0,60400.0,302000.0,211021.15,90978.85,-0.33965137116510496,0,0,0,0.3012544701986755,60K-80K,4-8,2,3
851,2024-03-14,4.0,76200.0,304800.0,220283.35,84516.65,1.0050504068885369,0,0,0,0.2772855971128609,60K-80K,0-4,3,1
732,2024-01-12,5.0,47400.0,237000.0,168425.37,68574.63,-0.9913859992932074,0,0,0,0.28934443037974683,45K-60K,4-8,5,3
219,2023-05-08,6.0,120900.0,725400.0,505003.86,220396.14,-0.8797190126864359,0,0,0,0.303827047146402,110K-145K,4-8,4,3
866,2024-03-24,4.0,34200.0,136800.0,101856.55,34943.45,-0.20824392020329607,0,0,0,0.2554345760233918,30K-45K,0-4,6,2
107,2023-02-26,5.0,73400.0,367000.0,260435.09,106564.91,0.5359281210874022,0,0,0,0.29036760217983654,60K-80K,4-8,3,3
1804,2025-06-17,7.0,35400.0,247800.0,184910.43,62889.57,-0.1652666360690277,0,0,0,0.25379164648910413,30K-45K,4-8,6,2
1944,2025-08-26,5.0,70700.0,353500.0,249051.98,104448.02,0.06740415719555364,0,0,0,0.29546823196605376,60K-80K,4-8,2,3
1841,2025-07-02,5.0,58800.0,294000.0,214545.39,79454.61,0.20554155287288164,0,0,0,0.2702537755102041,45K-60K,4-8,1,1
206,2023-05-01,7.0,54300.0,380100.0,278506.81,101593.19,-0.03542944551108066,0,0,0,0.26728016311496977,45K-60K,4-8,1,1
2179,2025-12-22,7.0,39900.0,279300.0,207276.64,72023.36,-0.004101820565521324,0,0,0,0.25787096312209096,30K-45K,4-8,6,4
1852,2025-07-08,8.0,56200.0,449600.0,332461.79,117138.21,0.06631386491770343,0,0,0,0.26053872330960853,45K-60K,4-8,1,3
1583,2025-03-03,4.0,48500.0,194000.0,139271.05,54728.95,-0.6475268914302481,0,0,0,0.28210798969072165,45K-60K,0-4,5,3
300,2023-06-21,6.0,61400.0,368400.0,256690.15,111709.85,-0.30013141695533224,0,0,0,0.30322977741585233,60K-80K,4-8,2,4
1306,2024-10-27,7.0,69300.0,485100.0,341538.36,143561.64,-0.15100094026425934,0,0,0,0.2959423623995053,60K-80K,4-8,3,3
1698,2025-04-23,6.0,63600.0,381600.0,272405.5,109194.5,-0.21318751769383237,0,0,0,0.28614910901467505,60K-80K,4-8,2,3
1021,2024-06-12,1.0,81400.0,81400.0,57556.03,23843.97,-1.596014766619603,0,0,0,0.2929234643734644,80K-110K,0-4,7,4
1049,2024-06-25,2.0,72700.0,145400.0,102907.19,42492.81,0.14644406561509898,0,0,0,0.29224766162310867,60K-80K,0-4,2,4
2028,2025-09-27,4.0,51000.0,204000.0,147394.21,56605.79,0.13397108098556818,0,0,0,0.27747936274509805,45K-60K,0-4,5,2
998,2024-05-26,1.0,119200.0,119200.0,83210.4,35989.6,-1.1190674921993873,0,0,0,0.3019261744966443,110K-145K,0-4,4,4
1137,2024-08-06,6.0,40200.0,241200.0,180325.71,60874.29,0.006642500468045767,0,0,0,0.25238097014925376,30K-45K,4-8,6,3
1036,2024-06-18,2.0,152500.0,305000.0,197134.99,107865.01,-0.4585250227877823,0,0,0,0.35365577049180325,145K+,0-4,8,4
562,2023-10-25,5.0,37800.0,189000.0,138068.98,50931.02,-0.07931206780049097,0,0,0,0.26947629629629627,30K-45K,4-8,6,2
1869,2025-07-14,8.0,45500.0,364000.0,267477.83,96522.17,-1.5853244583292276,0,0,0,0.2651707967032967,45K-60K,4-8,5,1
1359,2024-11-19,4.0,70100.0,280400.0,199192.95,81207.05,-0.01696600146393513,0,0,0,0.2896114479315264,60K-80K,0-4,3,4
1678,2025-04-13,5.0,65300.0,326500.0,228873.48,97626.52,-0.8211756342658804,0,0,0,0.29900924961715164,60K-80K,4-8,3,2
301,2023-06-22,7.0,49600.0,347200.0,259632.79,87567.21,-0.30366778356728896,0,0,0,0.25220970622119815,45K-60K,4-8,5,2
1870,2025-07-15,7.0,51800.0,362600.0,258175.03,104424.97,-0.16930222239105971,0,0,0,0.2879894373965803,45K-60K,4-8,1,4
671,2023-12-17,6.0,68000.0,408000.0,285515.31,122484.69,-0.03929971917083259,0,0,0,0.3002075735294118,60K-80K,4-8,2,3
584,2023-11-03,5.0,38400.0,192000.0,139093.92,52906.08,-0.05782342573335678,0,0,0,0.27555250000000003,30K-45K,4-8,6,2
1229,2024-09-23,2.0,126100.0,252200.0,170259.17,81940.83,-0.14759425182329064,0,0,0,0.3249041633624108,110K-145K,0-4,4,4
1373,2024-11-26,3.0,93000.0,279000.0,195492.1,83507.9,0.41184443288109357,0,0,0,0.29931146953405013,80K-110K,0-4,7,3
216,2023-05-05,6.0,51800.0,310800.0,217919.36,92880.64,-0.16930222239105971,0,0,0,0.29884375804375807,45K-60K,4-8,1,2
2124,2025-11-24,5.0,96000.0,480000.0,339408.67,140591.33,0.9311183637864461,0,0,0,0.29289860416666663,80K-110K,4-8,7,2
458,2023-09-06,2.0,40900.0,81800.0,60401.94,21398.06,0.031712582879702314,0,0,0,0.26158997555012226,30K-45K,0-4,6,2
1295,2024-10-23,6.0,40900.0,245400.0,177551.97,67848.03,0.031712582879702314,0,0,0,0.27647933985330075,30K-45K,4-8,6,2
1817,2025-06-21,5.0,36900.0,184500.0,137821.83,46678.17,-0.11154503090119224,0,0,0,0.2529982113821138,30K-45K,4-8,6,2
1454,2025-01-05,6.0,34900.0,209400.0,153131.78,56268.22,-0.1831738377916395,0,0,0,0.2687116523400191,30K-45K,4-8,6,3
1993,2025-09-15,7.0,35700.0,249900.0,180668.4,69231.6,-0.1545223150354606,0,0,0,0.2770372148859544,30K-45K,4-8,6,2
685,2023-12-24,3.0,69800.0,209400.0,147327.9,62072.1,0.03183619840675823,0,0,0,0.29642836676217765,60K-80K,0-4,2,4
708,2024-01-03,7.0,49300.0,345100.0,242899.52,102200.48,-0.3031749992710388,0,0,0,0.2961474355259345,45K-60K,4-8,1,1
2135,2025-11-28,1.0,63200.0,63200.0,45726.84,17473.16,-0.22899549937774144,0,0,0,0.2764740506329114,60K-80K,0-4,2,3
2137,2025-11-30,8.0,70300.0,562400.0,410274.02,152125.98,0.01654273323614592,0,0,0,0.2704942745376956,60K-80K,4-8,3,4
1072,2024-07-09,8.0,47600.0,380800.0,270783.78,110016.22,-0.9288661614999421,0,0,0,0.2889081407563025,45K-60K,4-8,5,2
1323,2024-11-03,4.0,40500.0,162000.0,121427.26,40572.74,0.01738682150161286,0,0,0,0.250449012345679,30K-45K,0-4,6,3
800,2024-02-16,5.0,46500.0,232500.0,170091.49,62408.51,-1.2727252693629012,0,0,0,0.26842369892473117,45K-60K,4-8,5,4
1149,2024-08-13,8.0,53500.0,428000.0,304690.1,123309.9,0.9154690534013845,0,0,0,0.2881072429906542,45K-60K,4-8,5,4
1937,2025-08-21,6.0,36300.0,217800.0,157982.84,59817.16,-0.1330336729683264,0,0,0,0.2746426078971534,30K-45K,4-8,6,4
568,2023-10-28,7.0,53500.0,374500.0,267392.89,107107.11,0.9154690534013845,0,0,0,0.2860002937249666,45K-60K,4-8,5,4
2185,2025-12-26,7.0,50800.0,355600.0,252655.58,102944.42,-0.22285133314305136,0,0,0,0.28949499437570303,45K-60K,4-8,1,4
504,2023-09-29,1.0,122800.0,122800.0,82911.17,39888.83,-0.612211888524902,0,0,0,0.3248276058631922,110K-145K,0-4,4,1
968,2024-05-14,5.0,55500.0,277500.0,207191.85,70308.15,1.5406674313340376,0,0,0,0.25336270270270267,45K-60K,4-8,5,3
1278,2024-10-15,4.0,91500.0,366000.0,252348.28,113651.72,0.1522074674284173,0,0,0,0.31052382513661203,80K-110K,0-4,7,3
981,2024-05-20,5.0,47700.0,238500.0,178183.16,60316.84,-0.8976062426033093,0,0,0,0.2529007966457023,45K-60K,4-8,5,3
1742,2025-05-18,8.0,50500.0,404000.0,294123.52,109876.48,-0.23891606636864884,0,0,0,0.2719714851485148,45K-60K,4-8,1,2
1128,2024-08-03,5.0,74200.0,371000.0,262985.78,108014.22,0.205723996929758,0,0,0,0.2911434501347709,60K-80K,4-8,2,2
193,2023-04-22,7.0,60200.0,421400.0,298676.33,122723.67,-0.3475553620070595,0,0,0,0.2912284527764594,60K-80K,4-8,2,2
1635,2025-03-26,5.0,59000.0,295000.0,214117.81,80882.19,0.21625137502327998,0,0,0,0.2741769152542373,45K-60K,4-8,1,1
447,2023-09-04,5.0,58400.0,292000.0,207048.06,84951.94,0.18412190857208502,0,0,0,0.290931301369863,45K-60K,4-8,1,1
297,2023-06-19,4.0,49500.0,198000.0,143679.96,54320.04,-0.29246517712064046,0,0,0,0.27434363636363635,45K-60K,0-4,1,2
317,2023-07-01,1.0,140200.0,140200.0,90708.8,49491.2,-1.6906292594966044,0,0,0,0.35300427960057057,110K-145K,0-4,8,1
705,2024-01-02,1.0,54400.0,54400.0,40206.81,14193.19,1.1968083234710785,0,0,0,0.26090422794117646,45K-60K,0-4,5,3
772,2024-02-04,3.0,48500.0,145500.0,104058.79,41441.21,-0.6475268914302481,0,0,0,0.2848193127147766,45K-60K,0-4,5,4
903,2024-04-08,8.0,55600.0,444800.0,320722.47,124077.53,1.5719273502306703,0,0,0,0.2789512814748201,45K-60K,4-8,5,4
1015,2024-06-08,1.0,39200.0,39200.0,28638.15,10561.85,-0.02917190297717787,0,0,0,0.26943494897959186,30K-45K,0-4,6,3
528,2023-10-12,8.0,41100.0,328800.0,236738.42,92061.58,0.03887546356874704,0,0,0,0.2799926399026764,30K-45K,4-8,6,2
489,2023-09-22,2.0,6360.0,127200.0,88100.18,39099.82,-10.696199750379765,1,0,0,0.3073885220125786,30K-45K,0-4,3,4
48,2023-01-24,7.0,53800.0,376600.0,275239.76,101360.24,-0.06220400088707647,0,0,0,0.2691456186935741,45K-60K,4-8,1,3
1952,2025-08-29,7.0,48800.0,341600.0,240439.46,101160.54,-0.3299495546470346,0,0,0,0.29613741217798595,45K-60K,4-8,1,2
902,2024-04-08,4.0,75500.0,302000.0,217453.34,84546.66,0.8877698354382533,0,0,0,0.27995582781456957,60K-80K,0-4,3,3
2015,2025-09-22,6.0,51400.0,308400.0,218391.05,90008.95,-0.19072186669185637,0,0,0,0.2918578145265888,45K-60K,4-8,1,1
1586,2025-03-04,5.0,57700.0,288500.0,211727.44,76772.56,0.14663753104569086,0,0,0,0.2661093934142114,45K-60K,4-8,1,3
680,2023-12-23,4.0,69200.0,276800.0,190996.49,85803.51,0.008124225880894623,0,0,0,0.30998377890173406,60K-80K,0-4,2,4
616,2023-11-17,7.0,90700.0,634900.0,435195.54,199704.46,0.013734419186989944,0,0,0,0.3145447472042841,80K-110K,4-8,7,2
1043,2024-06-22,6.0,69800.0,418800.0,292330.96,126469.04,0.03183619840675823,0,0,0,0.3019795606494747,60K-80K,4-8,2,1
1412,2024-12-19,2.0,97200.0,194400.0,136983.19,57416.81,1.1388279361485871,0,0,0,0.29535396090534977,80K-110K,0-4,7,3
222,2023-05-10,7.0,46800.0,327600.0,236212.2,91387.8,-1.1789455126730033,0,0,0,0.2789615384615385,45K-60K,4-8,5,4
1331,2024-11-07,7.0,38500.0,269500.0,200226.41,69273.59,-0.054241985388834416,0,0,0,0.25704486085343226,30K-45K,4-8,6,2
2075,2025-10-27,3.0,51700.0,155100.0,114437.1,40662.9,-0.17465713346625888,0,0,0,0.26217214700193425,45K-60K,0-4,1,3
994,2024-05-24,5.0,77700.0,388500.0,281052.39,107447.61,1.2563659171391448,0,0,0,0.2765704247104247,60K-80K,4-8,3,3
2022,2025-09-25,5.0,53500.0,267500.0,199086.49,68413.51,0.9154690534013845,0,0,0,0.25575143925233645,45K-60K,4-8,5,1
350,2023-07-20,3.0,57700.0,173100.0,121862.79,51237.21,0.14663753104569086,0,0,0,0.29599774696707104,45K-60K,0-4,1,4
1151,2024-08-14,1.0,61100.0,61100.0,42842.64,18257.36,-0.31198740321826407,0,0,0,0.2988111292962357,60K-80K,0-4,2,2
551,2023-10-19,6.0,52600.0,315600.0,236461.53,79138.47,0.6341297833316907,0,0,0,0.25075560836501903,45K-60K,4-8,5,1
418,2023-08-22,6.0,65200.0,391200.0,282661.38,108538.62,-0.14995559095819608,0,0,0,0.27745046012269936,60K-80K,4-8,2,3
1729,2025-05-11,4.0,72600.0,290400.0,207411.05,82988.95,0.401893182287078,0,0,0,0.2857746212121212,60K-80K,0-4,3,2
1042,2024-06-22,8.0,53200.0,425600.0,309469.66,116130.34,0.8216892967114866,0,0,0,0.2728626409774436,45K-60K,4-8,5,2
45,2023-01-22,6.0,39900.0,239400.0,181029.83,58370.17,-0.004101820565521324,0,0,0,0.24381858813700918,30K-45K,4-8,6,1
1894,2025-07-27,8.0,55900.0,447200.0,318995.25,128204.75,0.050249131692105944,0,0,0,0.2866832513416816,45K-60K,4-8,1,2
589,2023-11-05,6.0,62100.0,372600.0,260079.22,112520.78,-0.2724674490084914,0,0,0,0.3019881374127751,60K-80K,4-8,2,4
356,2023-07-25,5.0,73900.0,369500.0,263271.47,106228.53,0.1938680106668262,0,0,0,0.2874926387009472,60K-80K,4-8,2,1
811,2024-02-21,2.0,96900.0,193800.0,133028.85,60771.15,1.0869005430580518,0,0,0,0.31357662538699693,80K-110K,0-4,7,1
1341,2024-11-11,7.0,64100.0,448700.0,315926.06,132773.94,-1.0222280424663666,0,0,0,0.29590804546467575,60K-80K,4-8,3,3
1007,2024-05-30,3.0,72200.0,216600.0,151630.82,64969.18,0.3348757128869159,0,0,0,0.2999500461680517,60K-80K,0-4,3,2
1977,2025-09-09,3.0,37600.0,112800.0,85525.87,27274.13,-0.08647494848953569,0,0,0,0.2417919326241135,30K-45K,0-4,6,2
794,2024-02-13,7.0,48300.0,338100.0,241208.63,96891.37,-0.7100467292235134,0,0,0,0.28657607216799763,45K-60K,4-8,5,2
179,2023-04-12,8.0,63500.0,508000.0,363821.49,144178.51,-0.21713951311480964,0,0,0,0.28381596456692915,60K-80K,4-8,2,2
1983,2025-09-11,8.0,48900.0,391200.0,276261.13,114938.87,-0.32459464357183543,0,0,0,0.29381101738241305,45K-60K,4-8,1,4
846,2024-03-11,2.0,69800.0,139600.0,98886.23,40713.77,0.03183619840675823,0,0,0,0.2916459169054441,60K-80K,0-4,2,3
1482,2025-01-14,6.0,54900.0,329400.0,241097.16,88302.84,1.3531079179542416,0,0,0,0.268071766848816,45K-60K,4-8,5,1
2082,2025-11-01,8.0,69300.0,554400.0,403246.25,151153.75,-0.15100094026425934,0,0,0,0.2726438492063492,60K-80K,4-8,3,2
1079,2024-07-13,5.0,74100.0,370500.0,260922.36,109577.64,0.6532086925376859,0,0,0,0.29575611336032387,60K-80K,4-8,3,2
1227,2024-09-23,2.0,70800.0,141600.0,101928.24,39671.76,0.0713561526165309,0,0,0,0.2801677966101695,60K-80K,0-4,2,3
582,2023-11-02,3.0,99000.0,297000.0,211220.77,85779.23,1.4503922946917986,0,0,0,0.2888189562289562,80K-110K,0-4,7,3
252,2023-05-24,11.0,54500.0,599500.0,439265.08,160234.92,-0.024719623360682334,0,0,0,0.2672809341117598,45K-60K,8-12,1,4
195,2023-04-22,5.0,39500.0,197500.0,146566.55,50933.45,-0.018427581943610778,0,0,0,0.25789088607594934,30K-45K,4-8,6,3
1796,2025-06-13,8.0,57700.0,461600.0,327247.64,134352.36,0.14663753104569086,0,0,0,0.2910579722703639,45K-60K,4-8,1,3
2068,2025-10-20,8.0,40800.0,326400.0,243427.91,82972.09,0.02813114253517995,0,0,0,0.2542037071078431,30K-45K,4-8,6,2
1847,2025-07-04,8.0,51800.0,414400.0,306335.6,108064.4,-0.16930222239105971,0,0,0,0.260773166023166,45K-60K,4-8,1,1
33,2023-01-17,1.0,84900.0,84900.0,58479.83,26420.17,-0.9901951805633583,0,0,0,0.3111916372202591,80K-110K,0-4,7,3
946,2024-04-29,7.0,63700.0,445900.0,314521.51,131378.49,-1.0892455118665287,0,0,0,0.2946366674142184,60K-80K,4-8,3,1
687,2023-12-25,4.0,39000.0,156000.0,118387.09,37612.91,-0.0363347836662226,0,0,0,0.24110839743589746,30K-45K,0-4,6,1
1988,2025-09-14,7.0,97700.0,683900.0,477085.87,206814.13,1.2253735912994792,0,0,0,0.3024040502997514,80K-110K,4-8,7,4
560,2023-10-24,6.0,39100.0,234600.0,172957.45,61642.55,-0.03275334332170023,0,0,0,0.2627559676044331,30K-45K,4-8,6,2
1990,2025-09-14,7.0,81400.0,569800.0,397695.59,172104.41,-1.596014766619603,0,0,0,0.3020435415935416,80K-110K,4-8,7,4
1004,2024-05-29,1.0,124800.0,124800.0,84154.66,40645.34,-0.33062544203907696,0,0,0,0.3256838141025641,110K-145K,0-4,4,1
605,2023-11-12,6.0,52900.0,317400.0,237931.94,79468.06,0.7279095400215886,0,0,0,0.2503719596723377,45K-60K,4-8,5,2
309,2023-06-25,9.0,46200.0,415800.0,310631.37,105168.63,-1.366505026052799,0,0,0,0.2529308080808081,45K-60K,8-12,5,4
1417,2024-12-20,5.0,41700.0,208500.0,152429.91,56070.09,0.060364105635881224,0,0,0,0.2689212949640288,30K-45K,4-8,6,3
1639,2025-03-29,4.0,74500.0,298000.0,206882.86,91117.14,0.2175799831926898,0,0,0,0.3057622147651007,60K-80K,0-4,2,3
766,2024-01-29,1.0,74300.0,74300.0,53602.43,20697.57,0.686717427237767,0,0,0,0.2785675639300135,60K-80K,0-4,3,4
1423,2024-12-22,4.0,55300.0,221200.0,160702.84,60497.16,0.01811966524091097,0,0,0,0.2734952983725136,45K-60K,0-4,1,1
185,2023-04-17,4.0,62400.0,249600.0,181854.27,67745.73,-0.2606114627455596,0,0,0,0.2714171875,60K-80K,0-4,2,3
407,2023-08-15,5.0,45500.0,227500.0,167785.09,59714.91,-1.5853244583292276,0,0,0,0.2624831208791209,45K-60K,4-8,5,1
912,2024-04-11,7.0,61500.0,430500.0,298273.62,132226.38,-0.296179421534355,0,0,0,0.30714606271777006,60K-80K,4-8,2,1
1050,2024-06-26,8.0,36700.0,293600.0,219527.12,74072.88,-0.11870791159023697,0,0,0,0.25229182561307906,30K-45K,4-8,6,1
1232,2024-09-25,7.0,62800.0,439600.0,306871.15,132728.85,-0.2448034810616505,0,0,0,0.3019309599636033,60K-80K,4-8,2,1
1846,2025-07-03,7.0,54900.0,384300.0,270324.84,113975.16,-0.0032999790598856834,0,0,0,0.2965786104605777,45K-60K,4-8,1,2
859,2024-03-19,6.0,55100.0,330600.0,242488.34,88111.66,0.007409843090512642,0,0,0,0.2665204476709014,45K-60K,4-8,1,1
1277,2024-10-15,3.0,50900.0,152700.0,107638.36,45061.64,-0.2174964220678522,0,0,0,0.29509914865749837,45K-60K,0-4,1,3
666,2023-12-14,6.0,52200.0,313200.0,230130.1,83069.9,0.5090901077451601,0,0,0,0.2652295657726692,45K-60K,4-8,5,4
364,2023-07-28,5.0,39900.0,199500.0,146542.41,52957.59,-0.004101820565521324,0,0,0,0.2654515789473684,30K-45K,4-8,6,4
495,2023-09-24,3.0,75600.0,226800.0,159389.59,67410.41,0.9045242027882937,0,0,0,0.29722402998236336,60K-80K,0-4,3,3
1710,2025-05-01,4.0,48700.0,194800.0,142849.89,51950.11,-0.33530446572223377,0,0,0,0.2666843429158111,45K-60K,0-4,1,3
1393,2024-12-06,7.0,70500.0,493500.0,351197.57,142302.43,0.0595001663535991,0,0,0,0.2883534549138804,60K-80K,4-8,2,2
416,2023-08-21,4.0,39200.0,156800.0,118359.74,38440.26,-0.02917190297717787,0,0,0,0.24515471938775513,30K-45K,0-4,6,4
1917,2025-08-08,6.0,70100.0,420600.0,300904.13,119695.87,-0.01696600146393513,0,0,0,0.284583618640038,60K-80K,4-8,3,2
1543,2025-02-12,1.0,165700.0,165700.0,110661.9,55038.1,0.8637331824607097,0,0,0,0.3321550995775498,145K+,0-4,8,3
9,2023-01-05,2.0,136500.0,273000.0,190860.3,82139.7,1.3166552699029999,0,0,0,0.300878021978022,110K-145K,0-4,4,1
2183,2025-12-24,5.0,36300.0,181500.0,135149.05,46350.95,-0.1330336729683264,0,0,0,0.2553771349862259,30K-45K,4-8,6,2
428,2023-08-27,3.0,57800.0,173400.0,127784.77,45615.23,0.15199244212089003,0,0,0,0.26306361014994234,45K-60K,0-4,1,1
1970,2025-09-04,5.0,36400.0,182000.0,135386.19,46613.81,-0.12945223262380406,0,0,0,0.25611983516483516,30K-45K,4-8,6,1
1493,2025-01-21,3.0,53600.0,160800.0,116050.54,44749.46,0.9467289722980171,0,0,0,0.27829266169154226,45K-60K,0-4,5,3
1394,2024-12-06,1.0,139800.0,139800.0,95526.61,44273.39,1.7812729066046114,0,0,0,0.31669091559370527,110K-145K,0-4,4,3
1308,2024-10-28,8.0,47000.0,376000.0,277688.04,98311.96,-1.1164256748797379,0,0,0,0.26146797872340427,45K-60K,4-8,5,3
1751,2025-05-22,7.0,54300.0,380100.0,268743.07,111356.93,-0.03542944551108066,0,0,0,0.2929674559326493,45K-60K,4-8,1,4
1506,2025-01-28,1.0,70900.0,70900.0,50559.22,20340.78,0.11706893733638907,0,0,0,0.28689393511988714,60K-80K,0-4,3,4
797,2024-02-14,1.0,65100.0,65100.0,46197.83,18902.17,-0.8546843689659613,0,0,0,0.2903559139784946,60K-80K,0-4,3,4
1589,2025-03-06,11.0,48700.0,535700.0,386018.24,149681.76,-0.5850070536369828,0,0,0,0.2794134030240807,45K-60K,8-12,5,2
2123,2025-11-23,4.0,97300.0,389200.0,267130.88,122069.12,1.1561370671787654,0,0,0,0.3136411099691675,80K-110K,0-4,7,1
295,2023-06-17,1.0,90500.0,90500.0,64860.43,25639.57,-0.020883842873366892,0,0,0,0.2833101657458563,80K-110K,0-4,7,1
1666,2025-04-06,6.0,46000.0,276000.0,198402.03,77597.97,-1.4290248638460645,0,0,0,0.28115206521739133,45K-60K,4-8,5,3
211,2023-05-02,3.0,71100.0,213300.0,151718.42,61581.58,0.15057767203647013,0,0,0,0.28870876699484294,60K-80K,0-4,3,1
1886,2025-07-22,5.0,39800.0,199000.0,148027.1,50972.9,-0.007683260910043688,0,0,0,0.25614522613065327,30K-45K,4-8,6,1
1805,2025-06-19,3.0,37300.0,111900.0,82646.84,29253.16,-0.09721926952310278,0,0,0,0.2614223413762288,30K-45K,0-4,6,2
1367,2024-11-22,4.0,52200.0,208800.0,156044.76,52755.24,0.5090901077451601,0,0,0,0.25265919540229886,45K-60K,0-4,5,4
265,2023-06-02,1.0,172100.0,172100.0,111499.3,60600.7,1.5048280698539178,0,0,0,0.35212492736780937,145K+,0-4,8,4
654,2023-12-07,3.0,71600.0,214800.0,150069.05,64730.95,0.23434950878667274,0,0,0,0.30135451582867784,60K-80K,0-4,3,2
1062,2024-07-04,6.0,74000.0,444000.0,311831.86,132168.14,0.6364543251876453,0,0,0,0.297675990990991,60K-80K,4-8,3,1
1355,2024-11-17,7.0,66900.0,468300.0,324176.41,144123.59,-0.08277166880158253,0,0,0,0.3077591074097801,60K-80K,4-8,2,1
1577,2025-03-01,6.0,37500.0,225000.0,165776.88,59223.12,-0.09005638883405806,0,0,0,0.2632138666666667,30K-45K,4-8,6,2
1234,2024-09-26,4.0,84100.0,336400.0,240575.53,95824.47,-1.1286682288047856,0,0,0,0.28485276456599284,80K-110K,0-4,7,4
488,2023-09-22,4.0,66500.0,266000.0,193229.98,72770.02,-0.09857965048549161,0,0,0,0.27357150375939854,60K-80K,0-4,2,3
5,2023-01-03,1.0,93000.0,93000.0,65593.58,27406.42,0.41184443288109357,0,0,0,0.29469268817204297,80K-110K,0-4,7,3
1845,2025-07-03,5.0,124200.0,621000.0,414216.92,206783.08,-0.4151013759848245,0,0,0,0.33298402576489533,110K-145K,4-8,4,3
1294,2024-10-23,5.0,36900.0,184500.0,135993.65,48506.35,-0.11154503090119224,0,0,0,0.26290704607046067,30K-45K,4-8,6,1
683,2023-12-23,3.0,68000.0,204000.0,148089.53,55910.47,-0.36880771581478616,0,0,0,0.274070931372549,60K-80K,0-4,3,3
1554,2025-02-20,7.0,54100.0,378700.0,272648.28,106051.72,1.1030285667811803,0,0,0,0.28004151043041986,45K-60K,4-8,5,1
1748,2025-05-19,10.0,51600.0,516000.0,377384.14,138615.86,0.32153059436536413,0,0,0,0.2686353875968992,45K-60K,8-12,5,2
1025,2024-06-12,6.0,35600.0,213600.0,157679.43,55920.57,-0.15810375537998297,0,0,0,0.2618004213483146,30K-45K,4-8,6,1
15,2023-01-08,4.0,71000.0,284000.0,205203.7,78796.3,0.13382330468642958,0,0,0,0.2774517605633803,60K-80K,0-4,3,2
1945,2025-08-26,6.0,65400.0,392400.0,281568.4,110831.6,-0.8044212669158398,0,0,0,0.2824454638124363,60K-80K,4-8,3,2
1363,2024-11-21,7.0,37400.0,261800.0,194908.11,66891.89,-0.09363782917858042,0,0,0,0.2555076012223071,30K-45K,4-8,6,2
366,2023-07-28,7.0,70200.0,491400.0,358495.65,132904.35,0.0476441800906673,0,0,0,0.2704606227106227,60K-80K,4-8,2,4
1831,2025-06-28,9.0,39900.0,359100.0,264521.82,94578.18,-0.004101820565521324,0,0,0,0.2633756056808688,30K-45K,8-12,6,3
1476,2025-01-12,3.0,148400.0,445200.0,297422.08,147777.92,-0.8692264350240563,0,0,0,0.3319360287511231,145K+,0-4,8,3
1428,2024-12-23,7.0,51600.0,361200.0,257661.86,103538.14,-0.18001204454145806,0,0,0,0.28665044296788483,45K-60K,4-8,1,2
520,2023-10-09,1.0,62100.0,62100.0,43859.76,18240.24,-1.3573153894671772,0,0,0,0.29372367149758455,60K-80K,0-4,3,2
1834,2025-06-28,10.0,59400.0,594000.0,426813.17,167186.83,0.23767101932407664,0,0,0,0.2814593097643097,45K-60K,8-12,1,3
1811,2025-06-20,9.0,51400.0,462600.0,329571.28,133028.72,0.2590107565720988,0,0,0,0.2875674881106788,45K-60K,8-12,5,4
598,2023-11-09,1.0,159800.0,159800.0,108628.23,51171.77,0.27272383314509585,0,0,0,0.3202238423028786,145K+,0-4,8,3
162,2023-04-02,2.0,92000.0,184000.0,128386.46,55613.54,0.23875312257930936,0,0,0,0.3022475,80K-110K,0-4,7,3
1382,2024-12-03,3.0,93000.0,279000.0,200700.33,78299.67,0.41184443288109357,0,0,0,0.28064397849462364,80K-110K,0-4,7,2
100,2023-02-23,1.0,92200.0,92200.0,62802.78,29397.22,0.2733713846396662,0,0,0,0.3188418655097614,80K-110K,0-4,7,3
113,2023-03-01,6.0,47800.0,286800.0,212846.19,73953.81,-0.8663463237066767,0,0,0,0.2578584728033473,45K-60K,4-8,5,2
1029,2024-06-15,4.0,62800.0,251200.0,182959.28,68240.72,-0.2448034810616505,0,0,0,0.2716589171974522,60K-80K,0-4,2,4
42,2023-01-21,2.0,68700.0,137400.0,99758.31,37641.69,-0.25152714436450246,0,0,0,0.2739569868995633,60K-80K,0-4,3,2
1076,2024-07-12,4.0,65000.0,260000.0,182177.71,77822.29,-0.1578595818001506,0,0,0,0.2993165,60K-80K,0-4,2,3
1387,2024-12-05,6.0,41000.0,246000.0,182748.71,63251.29,0.035294023224224674,0,0,0,0.2571190650406504,30K-45K,4-8,6,4
1497,2025-01-23,6.0,54100.0,324600.0,229196.89,95403.11,-0.04613926766147899,0,0,0,0.29390976586568085,45K-60K,4-8,1,2
1685,2025-04-18,5.0,34900.0,174500.0,132132.91,42367.09,-0.1831738377916395,0,0,0,0.24279134670487104,30K-45K,4-8,6,3
4,2023-01-03,5.0,58800.0,294000.0,211939.24,82060.76,0.20554155287288164,0,0,0,0.279118231292517,45K-60K,4-8,1,2
1581,2025-03-03,8.0,97800.0,782400.0,557533.82,224866.18,1.2426827223296577,0,0,0,0.28740564928425355,80K-110K,4-8,7,3
153,2023-03-27,8.0,57100.0,456800.0,327824.65,128975.35,0.11450806459449589,0,0,0,0.2823453371278459,45K-60K,4-8,1,1
1092,2024-07-19,1.0,167300.0,167300.0,109435.13,57864.87,1.0240069043090116,0,0,0,0.34587489539748956,145K+,0-4,8,2
147,2023-03-25,9.0,47700.0,429300.0,305255.64,124044.36,-0.8976062426033093,0,0,0,0.2889456324248777,45K-60K,8-12,5,2
1115,2024-07-27,2.0,99600.0,199200.0,142661.3,56538.7,1.5542470808728692,0,0,0,0.28382881526104414,80K-110K,0-4,7,2
1480,2025-01-13,5.0,41300.0,206500.0,155272.28,51227.72,0.04603834425779177,0,0,0,0.24807612590799033,30K-45K,4-8,6,3
1219,2024-09-17,4.0,52800.0,211200.0,155944.74,55255.26,0.696649621124956,0,0,0,0.2616252840909091,45K-60K,0-4,5,1
1268,2024-10-12,13.0,52000.0,676000.0,479739.11,196260.89,-0.1585924002406614,0,0,0,0.29032676035502963,45K-60K,12-16,1,1
1987,2025-09-13,9.0,59500.0,535500.0,386125.66,149374.34,0.2430259303992758,0,0,0,0.27894367880485527,45K-60K,8-12,1,4
105,2023-02-25,2.0,50700.0,101400.0,72477.2,28922.8,-0.2282062442182505,0,0,0,0.2852347140039448,45K-60K,0-4,1,3
858,2024-03-18,5.0,53600.0,268000.0,191249.63,76750.37,-0.0729138230374748,0,0,0,0.2863819776119403,45K-60K,4-8,1,2
550,2023-10-19,6.0,61100.0,366600.0,263936.72,102663.28,-0.31198740321826407,0,0,0,0.2800416803055101,60K-80K,4-8,2,1
566,2023-10-27,6.0,51500.0,309000.0,220581.05,88418.95,-0.18536695561665723,0,0,0,0.2861454692556634,45K-60K,4-8,1,1
1794,2025-06-13,8.0,75500.0,604000.0,422638.53,181361.47,0.8877698354382533,0,0,0,0.3002673344370861,60K-80K,4-8,3,4
1778,2025-06-03,2.0,93400.0,186800.0,127215.59,59584.41,0.4810809570018072,0,0,0,0.31897435760171305,80K-110K,0-4,7,3
644,2023-12-01,8.0,66000.0,528000.0,366078.33,161921.67,-0.11833962759037794,0,0,0,0.3066698295454546,60K-80K,4-8,2,2
649,2023-12-05,2.0,89200.0,178400.0,122539.88,55860.12,-0.24590254626568633,0,0,0,0.313117264573991,80K-110K,0-4,7,4
255,2023-05-25,2.0,167400.0,334800.0,227095.84,107704.16,1.0340240119245305,0,0,0,0.32169701314217447,145K+,0-4,8,1
961,2024-05-10,9.0,50600.0,455400.0,337237.25,118162.75,0.008931405399037575,0,0,0,0.25947024593763723,45K-60K,8-12,5,4
1488,2025-01-20,6.0,36900.0,221400.0,167816.48,53583.52,-0.11154503090119224,0,0,0,0.24202131887985545,30K-45K,4-8,6,2
1541,2025-02-11,6.0,61200.0,367200.0,253718.08,113481.92,-0.3080354077972868,0,0,0,0.3090466230936819,60K-80K,4-8,2,4
868,2024-03-24,11.0,47700.0,524700.0,377276.78,147423.22,-0.8976062426033093,0,0,0,0.2809666857251763,45K-60K,8-12,5,3
1903,2025-07-31,7.0,51900.0,363300.0,259452.77,103847.23,-0.16394731131586057,0,0,0,0.2858442884668318,45K-60K,4-8,1,4
725,2024-01-10,3.0,66600.0,199800.0,140154.26,59645.74,-0.09462765506451434,0,0,0,0.29852722722722724,60K-80K,0-4,2,3
1573,2025-02-26,1.0,74100.0,74100.0,51199.65,22900.35,0.20177200150878075,0,0,0,0.3090465587044534,60K-80K,0-4,2,2
21,2023-01-12,5.0,36900.0,184500.0,134239.0,50261.0,-0.11154503090119224,0,0,0,0.2724173441734417,30K-45K,4-8,6,1
1422,2024-12-22,3.0,51200.0,153600.0,113419.0,40181.0,0.19649091877883348,0,0,0,0.26159505208333333,45K-60K,0-4,5,2
727,2024-01-11,5.0,65600.0,328000.0,228138.56,99861.44,-0.134147609274287,0,0,0,0.3044556097560976,60K-80K,4-8,2,3
445,2023-09-03,4.0,77100.0,308400.0,219823.52,88576.48,1.1558397130389015,0,0,0,0.2872129701686122,60K-80K,0-4,3,2
989,2024-05-23,6.0,149600.0,897600.0,590722.97,306877.03,-0.7490211436378298,0,0,0,0.3418861742424243,145K+,4-8,8,1
397,2023-08-11,5.0,160900.0,804500.0,526004.21,278495.79,0.3829120169158035,0,0,0,0.34617251709136104,145K+,4-8,8,2
1776,2025-06-03,4.0,41800.0,167200.0,126059.55,41140.45,0.06394554598040358,0,0,0,0.24605532296650717,30K-45K,0-4,6,1
1769,2025-06-01,3.0,57400.0,172200.0,124290.7,47909.3,0.13057279782009337,0,0,0,0.2782189314750291,45K-60K,0-4,1,4
1216,2024-09-15,3.0,141000.0,423000.0,284502.59,138497.41,-1.6104923985724533,0,0,0,0.3274170449172577,110K-145K,0-4,8,2
1542,2025-02-12,4.0,52500.0,210000.0,151530.12,58469.88,-0.13181784486466558,0,0,0,0.278428,45K-60K,0-4,1,1
534,2023-10-14,5.0,70100.0,350500.0,245900.47,104599.53,-0.01696600146393513,0,0,0,0.2984294721825963,60K-80K,4-8,3,1
2186,2025-12-26,5.0,73200.0,366000.0,258476.1,107523.9,0.5024193863873212,0,0,0,0.2937811475409836,60K-80K,4-8,3,3
1808,2025-06-20,7.0,56700.0,396900.0,291194.94,105705.06,0.09308842029369924,0,0,0,0.2663266817838246,45K-60K,4-8,1,4
1871,2025-07-15,2.0,126200.0,252400.0,170593.03,81806.97,-0.13351492949899937,0,0,0,0.3241163629160063,110K-145K,0-4,4,2
47,2023-01-24,3.0,69500.0,208500.0,148238.36,60261.64,0.019980212143826427,0,0,0,0.2890246522781775,60K-80K,0-4,2,3
1636,2025-03-26,4.0,66600.0,266400.0,186602.54,79797.46,-0.6033688587153535,0,0,0,0.29954001501501504,60K-80K,0-4,3,1
862,2024-03-21,2.0,84000.0,168000.0,116560.37,51439.63,-1.145977359834964,0,0,0,0.3061882738095238,80K-110K,0-4,7,3
2053,2025-10-09,8.0,55600.0,444800.0,325106.9,119693.1,0.034184398466508455,0,0,0,0.2690941996402878,45K-60K,4-8,1,2
2191,2025-12-28,4.0,65700.0,262800.0,189314.83,73485.17,-0.13019561385330974,0,0,0,0.27962393455098933,60K-80K,0-4,2,1
1621,2025-03-19,1.0,80300.0,80300.0,56327.47,23972.53,-1.7864152079515656,0,0,0,0.29853711083437107,80K-110K,0-4,7,4
403,2023-08-12,3.0,61300.0,183900.0,132273.96,51626.04,-0.30408341237630954,0,0,0,0.2807288743882545,60K-80K,0-4,2,1
1114,2024-07-27,4.0,35800.0,143200.0,103890.23,39309.77,-0.15094087469093825,0,0,0,0.2745095670391061,30K-45K,0-4,6,3
128,2023-03-11,2.0,169200.0,338400.0,216734.54,121665.46,1.2143319490038704,0,0,0,0.35953150118203314,145K+,0-4,8,2
804,2024-02-17,3.0,85900.0,257700.0,178677.33,79022.67,-0.8171038702615742,0,0,0,0.30664598370197904,80K-110K,0-4,7,3
276,2023-06-08,4.0,57800.0,231200.0,167776.21,63423.79,0.15199244212089003,0,0,0,0.2743243512110727,45K-60K,0-4,1,1
1501,2025-01-26,6.0,50800.0,304800.0,221511.4,83288.6,-0.22285133314305136,0,0,0,0.27325656167979007,45K-60K,4-8,1,2
288,2023-06-14,3.0,54200.0,162600.0,115048.11,47551.89,-0.040784356586279824,0,0,0,0.2924470479704797,45K-60K,0-4,1,3
519,2023-10-08,6.0,50400.0,302400.0,221747.3,80652.7,-0.244270977443848,0,0,0,0.266708664021164,45K-60K,4-8,1,3
501,2023-09-29,6.0,49000.0,294000.0,210868.32,83131.68,-0.3192397324966363,0,0,0,0.2827608163265306,45K-60K,4-8,1,2
595,2023-11-07,3.0,120100.0,360300.0,242517.49,117782.51,-0.992353591280766,0,0,0,0.32690122120455173,110K-145K,0-4,4,2
694,2023-12-30,3.0,98400.0,295200.0,210705.31,84494.69,1.346537508510728,0,0,0,0.2862286246612466,80K-110K,0-4,7,4
796,2024-02-14,2.0,71500.0,143000.0,101791.0,41209.0,0.21759514143663222,0,0,0,0.2881748251748252,60K-80K,0-4,3,4
316,2023-07-01,4.0,168800.0,675200.0,450224.02,224975.98,1.174263518541795,0,0,0,0.33319902251184835,145K+,0-4,8,2
1693,2025-04-21,4.0,36400.0,145600.0,108319.81,37280.19,-0.12945223262380406,0,0,0,0.256045260989011,30K-45K,0-4,6,1
1408,2024-12-15,5.0,54800.0,274000.0,205433.62,68566.38,1.321847999057609,0,0,0,0.25024226277372263,45K-60K,4-8,5,1
360,2023-07-27,5.0,38100.0,190500.0,141273.05,49226.95,-0.06856774676692387,0,0,0,0.258409186351706,30K-45K,4-8,6,1
348,2023-07-18,4.0,65900.0,263600.0,184934.9,78665.1,-0.12229162301135521,0,0,0,0.29842602427921094,60K-80K,0-4,2,1
1951,2025-08-28,2.0,173500.0,347000.0,226928.94,120071.06,1.6450675764711822,0,0,0,0.34602610951008644,145K+,0-4,8,2
1560,2025-02-22,1.0,115600.0,115600.0,79229.76,36370.24,-1.6259230958738724,0,0,0,0.3146214532871972,110K-145K,0-4,4,2
12,2023-01-08,6.0,40000.0,240000.0,179703.3,60296.7,-0.0005203802209989603,0,0,0,0.25123625,30K-45K,4-8,6,1
1099,2024-07-22,7.0,52800.0,369600.0,269661.54,99938.46,0.696649621124956,0,0,0,0.2703962662337662,45K-60K,4-8,5,2
1217,2024-09-15,6.0,34800.0,208800.0,156073.48,52726.52,-0.18675527813616188,0,0,0,0.2525216475095785,30K-45K,4-8,6,4
891,2024-04-04,7.0,74200.0,519400.0,358797.23,160602.77,0.6699630598877264,0,0,0,0.3092082595302272,60K-80K,4-8,3,2
177,2023-04-10,6.0,63700.0,382200.0,271969.85,110230.15,-0.2092355222728551,0,0,0,0.28840960230245943,60K-80K,4-8,2,3
1963,2025-09-02,5.0,64900.0,324500.0,226910.32,97589.68,-0.16181157722112788,0,0,0,0.3007386132511556,60K-80K,4-8,2,4
71,2023-02-06,7.0,59400.0,415800.0,306277.27,109522.73,0.23767101932407664,0,0,0,0.26340242905242905,45K-60K,4-8,1,1
1107,2024-07-24,7.0,53000.0,371000.0,264583.36,106416.64,0.7591694589182213,0,0,0,0.28683730458221024,45K-60K,4-8,5,1
175,2023-04-08,9.0,50200.0,451800.0,322072.67,129727.33,-0.2549807995942463,0,0,0,0.2871344178840195,45K-60K,8-12,1,4
679,2023-12-22,2.0,131000.0,262000.0,173414.74,88585.26,0.5422925420669809,0,0,0,0.33811167938931297,110K-145K,0-4,4,1
1713,2025-05-01,8.0,40900.0,327200.0,247759.91,79440.09,0.031712582879702314,0,0,0,0.24278756112469438,30K-45K,4-8,6,2
1799,2025-06-15,1.0,74900.0,74900.0,53251.11,21648.89,0.23338796487659888,0,0,0,0.28903724966622163,60K-80K,0-4,2,2
440,2023-08-31,3.0,65400.0,196200.0,142755.82,53444.18,-0.8044212669158398,0,0,0,0.2723964322120285,60K-80K,0-4,3,2
484,2023-09-21,4.0,117300.0,469200.0,311971.6,157228.4,-1.3865746163609212,0,0,0,0.33509889173060525,110K-145K,0-4,4,4
274,2023-06-07,5.0,46200.0,231000.0,166559.71,64440.29,-1.366505026052799,0,0,0,0.27896229437229436,45K-60K,4-8,5,1
1897,2025-07-28,5.0,47400.0,237000.0,174184.66,62815.34,-0.9913859992932074,0,0,0,0.2650436286919831,45K-60K,4-8,5,4
1209,2024-09-12,5.0,60500.0,302500.0,216595.11,85904.89,-0.33569937574412767,0,0,0,0.2839831074380165,60K-80K,4-8,2,2
1996,2025-09-16,8.0,67700.0,541600.0,375468.19,166131.81,-0.051155705433764395,0,0,0,0.3067426329394387,60K-80K,4-8,2,4
87,2023-02-14,2.0,62100.0,124200.0,89522.89,34677.11,-0.2724674490084914,0,0,0,0.2792037842190016,60K-80K,0-4,2,4
1045,2024-06-24,7.0,54100.0,378700.0,268893.98,109806.02,-0.04613926766147899,0,0,0,0.28995516239767627,45K-60K,4-8,1,3
1211,2024-09-14,7.0,53000.0,371000.0,271775.4,99224.6,0.7591694589182213,0,0,0,0.26745175202156335,45K-60K,4-8,5,2
1832,2025-06-28,4.0,63400.0,253600.0,180396.27,73203.73,-1.1395086139166504,0,0,0,0.2886582413249211,60K-80K,0-4,3,2
1432,2024-12-26,7.0,48900.0,342300.0,239866.61,102433.39,-0.32459464357183543,0,0,0,0.2992503359626059,45K-60K,4-8,1,1
1058,2024-07-01,4.0,64800.0,259200.0,182441.92,76758.08,-0.16576357264210514,0,0,0,0.2961345679012346,60K-80K,0-4,2,3
556,2023-10-20,3.0,47500.0,142500.0,101643.48,40856.52,-0.9601260803965747,0,0,0,0.28671242105263156,45K-60K,0-4,5,2
1203,2024-09-10,5.0,39200.0,196000.0,141411.74,54588.26,-0.02917190297717787,0,0,0,0.27851153061224493,30K-45K,4-8,6,1
905,2024-04-10,6.0,68700.0,412200.0,293863.95,118336.05,-0.25152714436450246,0,0,0,0.28708406113537116,60K-80K,4-8,3,3
1200,2024-09-09,2.0,84100.0,168200.0,117011.7,51188.3,-1.1286682288047856,0,0,0,0.30432996432818077,80K-110K,0-4,7,3
1673,2025-04-09,9.0,54600.0,491400.0,358461.02,132938.98,1.2593281612643437,0,0,0,0.27053109483109483,45K-60K,8-12,5,4
1162,2024-08-19,6.0,41200.0,247200.0,179918.64,67281.36,0.0424569039132694,0,0,0,0.272173786407767,30K-45K,4-8,6,3
559,2023-10-24,5.0,83600.0,418000.0,296145.43,121854.57,-1.2152138839556776,0,0,0,0.2915181100478469,80K-110K,4-8,7,2
770,2024-02-01,2.0,69900.0,139800.0,99625.43,40174.57,0.035788193827735494,0,0,0,0.2873717453505007,60K-80K,0-4,2,4
152,2023-03-26,1.0,56000.0,56000.0,40921.55,15078.45,0.05560404276730511,0,0,0,0.26925803571428575,45K-60K,0-4,1,2
1405,2024-12-14,8.0,55300.0,442400.0,311934.36,130465.64,0.01811966524091097,0,0,0,0.29490424954792044,45K-60K,4-8,1,2
526,2023-10-11,3.0,170600.0,511800.0,328620.22,183179.78,1.3545714556211348,0,0,0,0.3579128175068386,145K+,0-4,8,1
24,2023-01-14,5.0,52400.0,262000.0,184607.18,77392.82,-0.13717275593986475,0,0,0,0.2953924427480916,45K-60K,4-8,1,1
625,2023-11-23,5.0,52700.0,263500.0,190671.24,72828.76,0.6653897022283233,0,0,0,0.2763899810246679,45K-60K,4-8,5,1
1606,2025-03-11,7.0,46900.0,328300.0,241909.72,86390.28,-1.1476855937763706,0,0,0,0.2631443192202254,45K-60K,4-8,5,3
1246,2024-10-02,2.0,136100.0,272200.0,182265.52,89934.48,1.2603379806058348,0,0,0,0.33039853049228507,110K-145K,0-4,4,4
411,2023-08-17,8.0,49200.0,393600.0,289090.92,104509.08,-0.30852991034623795,0,0,0,0.26552103658536585,45K-60K,4-8,1,4
72,2023-02-06,6.0,62100.0,372600.0,258832.97,113767.03,-1.3573153894671772,0,0,0,0.3053328770799785,60K-80K,4-8,3,4
2108,2025-11-13,4.0,91100.0,364400.0,248342.04,116057.96,0.08297094330770362,0,0,0,0.31849055982436886,80K-110K,0-4,7,1
1302,2024-10-26,2.0,136100.0,272200.0,184141.59,88058.41,1.2603379806058348,0,0,0,0.32350628214548127,110K-145K,0-4,4,3
289,2023-06-14,6.0,38800.0,232800.0,174433.76,58366.24,-0.04349766435526733,0,0,0,0.250714089347079,30K-45K,4-8,6,3
913,2024-04-11,9.0,45200.0,406800.0,302030.5,104769.5,-1.6791042150191258,0,0,0,0.25754547689282203,45K-60K,8-12,5,1
467,2023-09-12,5.0,74100.0,370500.0,257383.77,113116.23,0.6532086925376859,0,0,0,0.30530696356275305,60K-80K,4-8,3,1
840,2024-03-08,7.0,36400.0,254800.0,185289.29,69510.71,-0.12945223262380406,0,0,0,0.2728049843014129,30K-45K,4-8,6,2
1516,2025-02-02,1.0,36100.0,36100.0,26724.83,9375.17,-0.14019655365737116,0,0,0,0.2597,30K-45K,0-4,6,2
1327,2024-11-05,9.0,53400.0,480600.0,347589.73,133010.27,-0.08362364518787312,0,0,0,0.2767587806908031,45K-60K,8-12,1,4
417,2023-08-22,7.0,48800.0,341600.0,250640.59,90959.41,-0.5537471347403502,0,0,0,0.2662746194379391,45K-60K,4-8,5,1
37,2023-01-19,3.0,61700.0,185100.0,130280.84,54819.16,-0.28827543069240047,0,0,0,0.296159697460832,60K-80K,0-4,2,1
2141,2025-12-02,4.0,61800.0,247200.0,175326.4,71873.6,-0.2843234352714232,0,0,0,0.2907508090614887,60K-80K,0-4,2,2
367,2023-07-29,3.0,149900.0,449700.0,287955.58,161744.42,-0.7189698207912731,0,0,0,0.35967182566155215,145K+,0-4,8,2
95,2023-02-20,5.0,52800.0,264000.0,190746.9,73253.1,-0.1157531116390681,0,0,0,0.27747386363636367,45K-60K,4-8,1,3
431,2023-08-29,2.0,133700.0,267400.0,183924.42,83475.58,0.9224342448228448,0,0,0,0.31217494390426326,110K-145K,0-4,4,1
2175,2025-12-20,5.0,36900.0,184500.0,134018.03,50481.97,-0.11154503090119224,0,0,0,0.2736150135501355,30K-45K,4-8,6,1
691,2023-12-29,6.0,77200.0,463200.0,331242.63,131957.37,1.172594080388942,0,0,0,0.28488205958549223,60K-80K,4-8,3,3
1806,2025-06-19,2.0,154900.0,309800.0,204117.17,105682.83,-0.2181144400153292,0,0,0,0.34113244028405426,145K+,0-4,8,2
1683,2025-04-18,6.0,75200.0,451200.0,312659.05,138540.95,0.8375067333881316,0,0,0,0.3070499778368795,60K-80K,4-8,3,3
1002,2024-05-28,6.0,71700.0,430200.0,298977.06,131222.94,0.10692411140532632,0,0,0,0.3050277545327755,60K-80K,4-8,2,4
1615,2025-03-16,4.0,52700.0,210800.0,150036.18,60763.82,0.6653897022283233,0,0,0,0.2882534155597723,45K-60K,0-4,5,3
67,2023-02-03,5.0,70300.0,351500.0,246757.7,104742.3,0.01654273323614592,0,0,0,0.29798662873399717,60K-80K,4-8,3,1
655,2023-12-07,6.0,73800.0,442800.0,321235.38,121564.62,0.18991601524584895,0,0,0,0.2745361788617886,60K-80K,4-8,2,2
422,2023-08-26,7.0,50000.0,350000.0,257023.65,92976.35,-0.17862810798075834,0,0,0,0.2656467142857143,45K-60K,4-8,5,1
1239,2024-09-28,7.0,56300.0,394100.0,285938.65,108161.35,0.0716687759929026,0,0,0,0.2744515351433646,45K-60K,4-8,1,1
1389,2024-12-05,4.0,49800.0,199200.0,146889.87,52310.13,-0.24114794577402365,0,0,0,0.26260105421686747,45K-60K,0-4,5,2
820,2024-02-26,4.0,52600.0,210400.0,152837.95,57562.05,-0.12646293378946644,0,0,0,0.27358388783269966,45K-60K,0-4,1,2
321,2023-07-02,4.0,61600.0,246400.0,175659.66,70740.34,-0.2922274261133777,0,0,0,0.2870955357142857,60K-80K,0-4,2,3
1088,2024-07-17,5.0,63700.0,318500.0,229201.11,89298.89,-0.2092355222728551,0,0,0,0.2803732810047096,60K-80K,4-8,2,2
896,2024-04-06,8.0,67200.0,537600.0,391372.07,146227.93,-0.07091568253865073,0,0,0,0.27200135788690477,60K-80K,4-8,2,2
2010,2025-09-21,8.0,35700.0,285600.0,212155.6,73444.4,-0.1545223150354606,0,0,0,0.2571582633053221,30K-45K,4-8,6,2
932,2024-04-25,4.0,37800.0,151200.0,111006.82,40193.18,-0.07931206780049097,0,0,0,0.26582791005291007,30K-45K,0-4,6,4
1140,2024-08-07,7.0,47400.0,331800.0,238908.61,92891.39,-0.9913859992932074,0,0,0,0.27996199517781795,45K-60K,4-8,5,5
802,2024-02-16,4.0,72600.0,290400.0,211039.85,79360.15,0.14249207019412172,0,0,0,0.27327875344352615,60K-80K,0-4,2,2
198,2023-04-26,6.0,70600.0,423600.0,293659.1,129940.9,0.06345216177457637,0,0,0,0.3067537771482531,60K-80K,4-8,2,3
697,2023-12-31,4.0,70100.0,280400.0,201263.4,79136.6,-0.01696600146393513,0,0,0,0.2822275320970043,60K-80K,0-4,3,1
2198,2025-12-29,3.0,133000.0,399000.0,275873.91,123126.09,0.823878988552806,0,0,0,0.3085866917293233,110K-145K,0-4,4,3
1888,2025-07-25,3.0,41700.0,125100.0,93853.84,31246.16,0.060364105635881224,0,0,0,0.24976946442845724,30K-45K,0-4,6,1
139,2023-03-22,6.0,40800.0,244800.0,179783.22,65016.78,0.02813114253517995,0,0,0,0.2655914215686275,30K-45K,4-8,6,1
1973,2025-09-05,9.0,48300.0,434700.0,313860.51,120839.49,-0.7100467292235134,0,0,0,0.27798364389233954,45K-60K,8-12,5,4
124,2023-03-08,4.0,131400.0,525600.0,360545.03,165054.97,0.5986098313641459,0,0,0,0.3140315258751903,110K-145K,0-4,4,5
1290,2024-10-21,7.0,53100.0,371700.0,275107.35,96592.65,0.7904293778148539,0,0,0,0.2598672316384181,45K-60K,4-8,5,1
731,2024-01-12,6.0,54000.0,324000.0,240689.06,83310.94,1.0717686478845478,0,0,0,0.2571325308641975,45K-60K,4-8,5,4
653,2023-12-07,8.0,55400.0,443200.0,313471.47,129728.53,0.023474576316110128,0,0,0,0.2927087770758123,45K-60K,4-8,1,4
374,2023-08-01,1.0,34700.0,34700.0,25006.8,9693.2,-0.19033671848068423,0,0,0,0.27934293948126804,30K-45K,0-4,6,2
1299,2024-10-24,6.0,46900.0,281400.0,204320.48,77079.52,-1.1476855937763706,0,0,0,0.27391442786069653,45K-60K,4-8,5,2
1848,2025-07-04,5.0,54800.0,274000.0,201463.57,72536.43,1.321847999057609,0,0,0,0.2647314963503649,45K-60K,4-8,5,4
920,2024-04-16,6.0,39500.0,237000.0,172144.95,64855.05,-0.018427581943610778,0,0,0,0.27365,30K-45K,4-8,6,3
1823,2025-06-25,6.0,62800.0,376800.0,262972.04,113827.96,-0.2448034810616505,0,0,0,0.3020911889596603,60K-80K,4-8,2,1
1479,2025-01-13,3.0,45400.0,136200.0,99386.98,36813.02,-1.6165843772258603,0,0,0,0.2702864904552129,45K-60K,0-4,5,1
49,2023-01-25,2.0,51400.0,102800.0,75555.13,27244.87,-0.19072186669185637,0,0,0,0.26502791828793776,45K-60K,0-4,1,4
1793,2025-06-12,3.0,138900.0,416700.0,280832.11,135867.89,1.65455900568599,0,0,0,0.3260568514518839,110K-145K,0-4,4,2
601,2023-11-10,7.0,34200.0,239400.0,179143.75,60256.25,-0.20824392020329607,0,0,0,0.2516969507101086,30K-45K,4-8,6,2
790,2024-02-12,4.0,56600.0,226400.0,162548.04,63851.96,0.08773350921850008,0,0,0,0.28203162544169613,45K-60K,0-4,1,2
1601,2025-03-09,8.0,53900.0,431200.0,318983.8,112216.2,1.0405087289879151,0,0,0,0.2602416512059369,45K-60K,4-8,5,1
141,2023-03-23,3.0,41200.0,123600.0,90030.62,33569.38,0.0424569039132694,0,0,0,0.271596925566343,30K-45K,0-4,6,4
1585,2025-03-04,5.0,47100.0,235500.0,173640.97,61859.03,-1.0851657559831054,0,0,0,0.26267104033970273,45K-60K,4-8,5,2
43,2023-01-22,2.0,85000.0,170000.0,120158.01,49841.99,-0.9728860495331799,0,0,0,0.2931881764705882,80K-110K,0-4,7,4
174,2023-04-08,6.0,51100.0,306600.0,228935.79,77664.21,0.16523099988220083,0,0,0,0.25330792563600785,45K-60K,4-8,5,4
1132,2024-08-04,6.0,136100.0,816600.0,547141.77,269458.23,1.2603379806058348,0,0,0,0.3299757898603967,110K-145K,4-8,4,3
253,2023-05-24,8.0,45100.0,360800.0,268681.45,92118.55,-1.7103641339157583,0,0,0,0.2553174889135255,45K-60K,4-8,5,3
930,2024-04-22,1.0,98500.0,98500.0,67125.3,31374.7,1.3638466395409066,0,0,0,0.3185248730964467,80K-110K,0-4,7,3
1075,2024-07-12,1.0,169100.0,169100.0,111483.22,57616.78,1.2043148413883515,0,0,0,0.3407260792430514,145K+,0-4,8,3
1258,2024-10-08,3.0,54700.0,164100.0,114992.87,49107.13,-0.014009801210284008,0,0,0,0.29925124923826935,45K-60K,0-4,1,3
269,2023-06-04,6.0,80200.0,481200.0,343964.83,137235.17,-1.803724338981744,0,0,0,0.2851936201163758,80K-110K,4-8,7,1
1427,2024-12-23,3.0,36600.0,109800.0,80874.04,28925.96,-0.12228935193475933,0,0,0,0.2634422586520947,30K-45K,0-4,6,1
1410,2024-12-18,8.0,55600.0,444800.0,311611.39,133188.61,0.034184398466508455,0,0,0,0.29943482464028776,45K-60K,4-8,1,2
549,2023-10-18,1.0,152500.0,152500.0,97788.52,54711.48,-0.4585250227877823,0,0,0,0.35876380327868856,145K+,0-4,8,1
398,2023-08-11,2.0,50100.0,100200.0,72571.36,27628.64,-0.2603357106694455,0,0,0,0.27573493013972056,45K-60K,0-4,1,4
1298,2024-10-24,2.0,121400.0,242800.0,167830.46,74969.54,-0.8093224010649797,0,0,0,0.30877075782537067,110K-145K,0-4,4,1
2089,2025-11-05,3.0,84400.0,253200.0,179977.92,73222.08,-1.0767408357142503,0,0,0,0.2891867298578199,80K-110K,0-4,7,1
1979,2025-09-09,4.0,41500.0,166000.0,123457.12,42542.88,0.053201224946836496,0,0,0,0.2562824096385542,30K-45K,0-4,6,2
498,2023-09-27,5.0,63300.0,316500.0,228944.26,87555.74,-1.156262981266691,0,0,0,0.27663740916271723,60K-80K,4-8,3,1
1914,2025-08-06,4.0,81800.0,327200.0,223627.03,103572.97,-1.5267782424988892,0,0,0,0.31654330684596577,80K-110K,0-4,7,2
1186,2024-09-01,7.0,53500.0,374500.0,276454.42,98045.58,0.9154690534013845,0,0,0,0.26180395193591455,45K-60K,4-8,5,1
1259,2024-10-08,7.0,49600.0,347200.0,249278.83,97921.17,-0.30366778356728896,0,0,0,0.28203101958525345,45K-60K,4-8,5,2
1083,2024-07-15,2.0,83800.0,167600.0,118513.17,49086.83,-1.1805956218953209,0,0,0,0.29288084725536995,80K-110K,0-4,7,1
1795,2025-06-13,8.0,53700.0,429600.0,308009.5,121590.5,0.9779888911946498,0,0,0,0.2830318901303538,45K-60K,4-8,5,1
415,2023-08-20,4.0,45400.0,181600.0,135736.83,45863.17,-1.6165843772258603,0,0,0,0.25255049559471365,45K-60K,0-4,5,1
483,2023-09-20,6.0,52400.0,314400.0,225702.46,88697.54,-0.13717275593986475,0,0,0,0.2821168575063613,45K-60K,4-8,1,4
1588,2025-03-05,6.0,77200.0,463200.0,337967.23,125232.77,1.172594080388942,0,0,0,0.2703643566493955,60K-80K,4-8,3,1
1379,2024-11-30,9.0,69200.0,622800.0,433000.39,189799.61,-0.16775530761429985,0,0,0,0.304752103403982,60K-80K,8-12,3,3
693,2023-12-29,4.0,68000.0,272000.0,189355.59,82644.41,-0.36880771581478616,0,0,0,0.3038397426470588,60K-80K,0-4,3,2
1390,2024-12-05,3.0,62100.0,186300.0,130631.93,55668.07,-1.3573153894671772,0,0,0,0.29880874932903917,60K-80K,0-4,3,4
525,2023-10-11,6.0,67600.0,405600.0,281642.95,123957.05,-0.05510770085474166,0,0,0,0.3056140285996055,60K-80K,4-8,2,4
303,2023-06-23,2.0,72800.0,145600.0,102287.99,43312.01,0.435401916987159,0,0,0,0.2974725961538462,60K-80K,0-4,3,4
59,2023-01-30,3.0,77200.0,231600.0,162966.24,68633.76,1.172594080388942,0,0,0,0.2963461139896373,60K-80K,0-4,3,2
736,2024-01-14,4.0,49500.0,198000.0,147054.31,50945.69,-0.3349277024639216,0,0,0,0.25730146464646464,45K-60K,0-4,5,3
340,2023-07-15,6.0,55100.0,330600.0,235392.4,95207.6,0.007409843090512642,0,0,0,0.28798427102238355,45K-60K,4-8,1,4
1603,2025-03-09,4.0,132200.0,528800.0,354933.58,173866.42,0.7112444099584759,0,0,0,0.3287942889561271,110K-145K,0-4,4,1
1063,2024-07-05,5.0,68600.0,343000.0,243790.18,99209.82,-0.015587746644968984,0,0,0,0.28924145772594756,60K-80K,4-8,2,1
609,2023-11-12,7.0,54300.0,380100.0,283808.46,96291.54,1.1655484045744458,0,0,0,0.25333212312549325,45K-60K,4-8,5,4
1404,2024-12-14,2.0,86200.0,172400.0,120562.26,51837.74,-0.7651764771710389,0,0,0,0.30068294663573086,80K-110K,0-4,7,3
1515,2025-02-02,7.0,49900.0,349300.0,261632.21,87667.79,-0.209888026877391,0,0,0,0.2509813627254509,45K-60K,4-8,5,4
636,2023-11-28,1.0,68900.0,68900.0,47778.07,21121.93,-0.21801840966442143,0,0,0,0.3065592162554427,60K-80K,0-4,3,2
1947,2025-08-27,7.0,38400.0,268800.0,201761.24,67038.76,-0.05782342573335678,0,0,0,0.2494001488095238,30K-45K,4-8,6,1
2134,2025-11-28,5.0,63900.0,319500.0,232727.7,86772.3,-0.20133153143090057,0,0,0,0.27158779342723005,60K-80K,4-8,2,4
1724,2025-05-08,9.0,63400.0,570600.0,399380.36,171219.64,-0.2210915085357869,0,0,0,0.30006947073256224,60K-80K,8-12,2,1
720,2024-01-08,6.0,50900.0,305400.0,225179.74,80220.26,0.10271116208893553,0,0,0,0.2626727570399476,45K-60K,4-8,5,3
874,2024-03-27,1.0,133000.0,133000.0,91347.6,41652.4,0.823878988552806,0,0,0,0.31317593984962405,110K-145K,0-4,4,1
1690,2025-04-21,6.0,60700.0,364200.0,262146.86,102053.14,-0.32779538490217314,0,0,0,0.2802118066996156,60K-80K,4-8,2,2
1552,2025-02-18,5.0,60700.0,303500.0,219992.65,83507.35,-0.32779538490217314,0,0,0,0.27514777594728174,60K-80K,4-8,2,2
648,2023-12-05,3.0,34400.0,103200.0,77421.6,25778.4,-0.20108103951425133,0,0,0,0.2497906976744186,30K-45K,0-4,6,3
1421,2024-12-22,3.0,50000.0,150000.0,109321.88,40678.12,-0.26569062174464464,0,0,0,0.2711874666666667,45K-60K,0-4,1,2
1098,2024-07-22,3.0,72300.0,216900.0,157174.01,59725.99,0.3516300802369564,0,0,0,0.27536187183033656,60K-80K,0-4,3,4
251,2023-05-23,6.0,49700.0,298200.0,213826.04,84373.96,-0.2817553549702421,0,0,0,0.2829441985244802,45K-60K,4-8,1,3
628,2023-11-24,5.0,48600.0,243000.0,176674.31,66325.69,-0.6162669725336155,0,0,0,0.27294522633744855,45K-60K,4-8,5,2
1596,2025-03-08,5.0,67100.0,335500.0,235631.95,99868.05,-0.5195970219651509,0,0,0,0.2976692995529061,60K-80K,4-8,3,3
263,2023-06-01,4.0,56500.0,226000.0,162117.73,63882.27,0.08237859814330092,0,0,0,0.28266491150442474,45K-60K,0-4,1,3
1038,2024-06-20,4.0,52900.0,211600.0,151747.17,59852.83,0.7279095400215886,0,0,0,0.2828583648393195,45K-60K,0-4,5,2
400,2023-08-12,5.0,36000.0,180000.0,130969.5,49030.5,-0.1437779940018935,0,0,0,0.27239166666666664,30K-45K,4-8,6,3
1647,2025-04-01,4.0,91000.0,364000.0,252645.48,111354.52,0.0656618122775252,0,0,0,0.305919010989011,80K-110K,0-4,7,1
1874,2025-07-17,9.0,49600.0,446400.0,319897.82,126502.18,-0.2871102660454413,0,0,0,0.28338301971326163,45K-60K,8-12,1,1
803,2024-02-16,5.0,66500.0,332500.0,233321.36,99178.64,-0.620123226065394,0,0,0,0.29828162406015035,60K-80K,4-8,3,3
1853,2025-07-08,9.0,62600.0,563400.0,406965.47,156434.53,-0.25270747190360504,0,0,0,0.27766157259495916,60K-80K,8-12,2,2
1051,2024-06-28,4.0,74000.0,296000.0,204325.56,91674.44,0.6364543251876453,0,0,0,0.30971094594594595,60K-80K,0-4,3,2
908,2024-04-11,4.0,70800.0,283200.0,202533.6,80666.4,0.0713561526165309,0,0,0,0.2848389830508474,60K-80K,0-4,2,1
337,2023-07-14,4.0,48000.0,192000.0,138061.88,53938.12,-0.3727888432486279,0,0,0,0.28092770833333336,45K-60K,0-4,1,2
96,2023-02-20,2.0,76000.0,152000.0,109672.65,42327.35,0.9715416721884559,0,0,0,0.27846940789473684,60K-80K,0-4,3,4
1333,2024-11-09,9.0,74100.0,666900.0,464924.48,201975.52,0.20177200150878075,0,0,0,0.3028572799520168,60K-80K,8-12,2,4
1104,2024-07-24,7.0,63700.0,445900.0,309694.47,136205.53,-0.2092355222728551,0,0,0,0.30546205427225837,60K-80K,4-8,2,4
1704,2025-04-27,4.0,125600.0,502400.0,338583.59,163816.41,-0.2179908634447469,0,0,0,0.32606769506369426,110K-145K,0-4,4,2
2036,2025-10-01,5.0,94700.0,473500.0,331194.18,142305.82,0.7060996603941266,0,0,0,0.3005402745512144,80K-110K,4-8,7,4
1801,2025-06-16,6.0,50200.0,301200.0,215415.24,85784.76,-0.2549807995942463,0,0,0,0.28480996015936255,45K-60K,4-8,1,3
651,2023-12-06,5.0,71400.0,357000.0,248334.49,108665.51,0.09506812514239452,0,0,0,0.3043851820728291,60K-80K,4-8,2,1
1604,2025-03-10,7.0,74700.0,522900.0,371620.37,151279.63,0.22548397403464435,0,0,0,0.28930891183782753,60K-80K,4-8,2,2
1600,2025-03-09,6.0,58800.0,352800.0,248157.58,104642.42,0.20554155287288164,0,0,0,0.2966054988662131,45K-60K,4-8,1,2
2016,2025-09-23,3.0,64500.0,193500.0,137997.86,55502.14,-0.9552105730662045,0,0,0,0.2868327648578811,60K-80K,0-4,3,1
1865,2025-07-13,6.0,55700.0,334200.0,242961.87,91238.13,0.03953930954170762,0,0,0,0.27300457809694795,45K-60K,4-8,1,4
1210,2024-09-14,6.0,34700.0,208200.0,151970.93,56229.07,-0.19033671848068423,0,0,0,0.2700723823246878,30K-45K,4-8,6,3
85,2023-02-14,2.0,160600.0,321200.0,213926.14,107273.86,0.35286069406924686,0,0,0,0.33397839352428393,145K+,0-4,8,2
148,2023-03-26,5.0,72400.0,362000.0,259068.25,102931.75,0.13458807935216718,0,0,0,0.28434185082872926,60K-80K,4-8,2,1
755,2024-01-24,6.0,40800.0,244800.0,179830.31,64969.69,0.02813114253517995,0,0,0,0.2653990604575163,30K-45K,4-8,6,2
1792,2025-06-12,7.0,46300.0,324100.0,241716.05,82383.95,-1.3352451071561664,0,0,0,0.25419299598889233,45K-60K,4-8,5,3
744,2024-01-19,6.0,147400.0,884400.0,575189.62,309210.38,-0.9693975111792451,0,0,0,0.34962729534147446,145K+,4-8,8,1
1000,2024-05-28,5.0,64300.0,321500.0,222632.74,98867.26,-0.9887193077662856,0,0,0,0.30751869362363915,60K-80K,4-8,3,1
1413,2024-12-19,5.0,99400.0,497000.0,354269.91,142730.09,1.5196288188125122,0,0,0,0.2871832796780684,80K-110K,4-8,7,1
362,2023-07-27,2.0,153400.0,306800.0,207733.55,99066.45,-0.3683710542481124,0,0,0,0.32290237940026073,145K+,0-4,8,3
1053,2024-06-28,7.0,51100.0,357700.0,265852.55,91847.45,0.16523099988220083,0,0,0,0.25677229521945766,45K-60K,4-8,5,1
1715,2025-05-03,5.0,69300.0,346500.0,239504.76,106995.24,0.01207622130187189,0,0,0,0.30878857142857147,60K-80K,4-8,2,3
2031,2025-09-29,3.0,75800.0,227400.0,160967.8,66432.2,0.9380329374883748,0,0,0,0.2921380826737027,60K-80K,0-4,3,1
965,2024-05-11,6.0,37100.0,222600.0,165537.97,57062.03,-0.10438215021214751,0,0,0,0.25634335130278524,30K-45K,4-8,6,1
1017,2024-06-10,3.0,81800.0,245400.0,176489.58,68910.42,-1.5267782424988892,0,0,0,0.2808085574572127,80K-110K,0-4,7,4
1431,2024-12-25,7.0,61000.0,427000.0,300422.72,126577.28,-0.3159393986392413,0,0,0,0.29643391100702576,60K-80K,4-8,2,4
652,2023-12-06,10.0,54900.0,549000.0,392854.88,156145.12,-0.0032999790598856834,0,0,0,0.28441734061930785,45K-60K,8-12,1,3
587,2023-11-04,4.0,73400.0,293600.0,210654.02,82945.98,0.17410803356193988,0,0,0,0.2825135558583106,60K-80K,0-4,2,3
1703,2025-04-26,8.0,69900.0,559200.0,406917.26,152282.74,0.035788193827735494,0,0,0,0.27232249642346207,60K-80K,4-8,2,4
1512,2025-02-01,1.0,37900.0,37900.0,28007.47,9892.53,-0.0757306274559686,0,0,0,0.2610166226912929,30K-45K,0-4,6,2
1918,2025-08-08,8.0,50300.0,402400.0,300281.43,102118.57,-0.08484835129086038,0,0,0,0.25377378230616304,45K-60K,4-8,5,1
1241,2024-10-01,5.0,36800.0,184000.0,136733.48,47266.52,-0.1151264712457146,0,0,0,0.2568832608695652,30K-45K,4-8,6,4
632,2023-11-27,5.0,72400.0,362000.0,255729.82,106270.18,0.36838444758699695,0,0,0,0.29356403314917123,60K-80K,4-8,3,4
740,2024-01-17,3.0,37800.0,113400.0,84205.26,29194.74,-0.07931206780049097,0,0,0,0.25744920634920637,30K-45K,0-4,6,2
1180,2024-08-28,4.0,48400.0,193600.0,142122.7,51477.3,-0.6787868103268808,0,0,0,0.2658951446280992,45K-60K,0-4,5,2
1638,2025-03-28,4.0,63900.0,255600.0,183499.03,72100.97,-0.20133153143090057,0,0,0,0.28208517214397494,60K-80K,0-4,2,2
2018,2025-09-23,5.0,48500.0,242500.0,181225.3,61274.7,-0.6475268914302481,0,0,0,0.2526791752577319,45K-60K,4-8,5,3
1322,2024-11-02,5.0,49600.0,248000.0,185351.47,62648.53,-0.30366778356728896,0,0,0,0.25261504032258064,45K-60K,4-8,5,1
574,2023-10-30,5.0,36100.0,180500.0,133248.5,47251.5,-0.14019655365737116,0,0,0,0.26178116343490304,30K-45K,4-8,6,3
1040,2024-06-21,7.0,36400.0,254800.0,189984.54,64815.46,-0.12945223262380406,0,0,0,0.25437778649921505,30K-45K,4-8,6,2
233,2023-05-14,4.0,71400.0,285600.0,207729.03,77870.97,0.2008407740865917,0,0,0,0.2726574579831933,60K-80K,0-4,3,3
379,2023-08-04,1.0,85800.0,85800.0,58886.96,26913.04,-0.8344130012917526,0,0,0,0.31367179487179486,80K-110K,0-4,7,2
1342,2024-11-11,3.0,76400.0,229200.0,159448.33,69751.67,1.038559141588618,0,0,0,0.30432665794066316,60K-80K,0-4,3,2
1452,2025-01-04,7.0,54100.0,378700.0,278367.14,100332.86,-0.04613926766147899,0,0,0,0.26494021653023503,45K-60K,4-8,1,1
570,2023-10-28,2.0,171800.0,343600.0,232001.91,111598.09,1.4747767470073614,0,0,0,0.3247907159487776,145K+,0-4,8,3
277,2023-06-09,4.0,129300.0,517200.0,342441.68,174758.32,0.3029440625540295,0,0,0,0.337893116782676,110K-145K,0-4,4,4
68,2023-02-03,2.0,80700.0,161400.0,110113.89,51286.11,-1.7171786838308518,0,0,0,0.3177578066914498,80K-110K,0-4,7,4
2033,2025-09-29,6.0,54000.0,324000.0,228090.86,95909.14,-0.051494178736678144,0,0,0,0.29601586419753084,45K-60K,4-8,1,2
979,2024-05-18,6.0,68100.0,408600.0,290912.4,117687.6,-0.3520533484647456,0,0,0,0.2880264317180617,60K-80K,4-8,3,4
27,2023-01-15,4.0,65100.0,260400.0,188737.05,71662.95,-0.8546843689659613,0,0,0,0.2752033410138249,60K-80K,0-4,3,3
1139,2024-08-06,6.0,48200.0,289200.0,202493.76,86706.24,-0.3620790210982296,0,0,0,0.29981410788381746,45K-60K,4-8,1,3
663,2023-12-12,8.0,51300.0,410400.0,304184.42,106215.58,0.22775083767546614,0,0,0,0.25880989278752436,45K-60K,4-8,5,1
2102,2025-11-09,9.0,53600.0,482400.0,340827.77,141572.23,-0.0729138230374748,0,0,0,0.293474771973466,45K-60K,8-12,1,4
204,2023-04-28,6.0,74200.0,445200.0,315005.21,130194.79,0.205723996929758,0,0,0,0.2924411275831087,60K-80K,4-8,2,4
2073,2025-10-26,5.0,75000.0,375000.0,263242.81,111757.19,0.8039979986880506,0,0,0,0.29801917333333333,60K-80K,4-8,3,4
546,2023-10-17,6.0,52600.0,315600.0,232512.12,83087.88,0.6341297833316907,0,0,0,0.26326958174904946,45K-60K,4-8,5,4
1185,2024-08-31,5.0,119100.0,595500.0,401349.76,194150.24,-1.1331468145236785,0,0,0,0.3260289504617968,110K-145K,4-8,4,4
1374,2024-11-27,6.0,71800.0,430800.0,310509.85,120290.15,0.11087610682630358,0,0,0,0.2792250464252553,60K-80K,4-8,2,4
1240,2024-09-28,6.0,51900.0,311400.0,220479.56,90920.44,-0.16394731131586057,0,0,0,0.29197315350032116,45K-60K,4-8,1,2
1906,2025-08-02,1.0,130900.0,130900.0,91100.69,39799.31,0.5282132197426896,0,0,0,0.30404362108479754,110K-145K,0-4,4,2
1130,2024-08-03,3.0,64300.0,192900.0,138234.85,54665.15,-0.9887193077662856,0,0,0,0.28338595127008814,60K-80K,0-4,3,2
1790,2025-06-11,5.0,55600.0,278000.0,200067.99,77932.01,0.034184398466508455,0,0,0,0.2803309712230216,45K-60K,4-8,1,2
1758,2025-05-25,2.0,90300.0,180600.0,123434.59,57165.41,-0.05550210493372373,0,0,0,0.3165305094130676,80K-110K,0-4,7,1
844,2024-03-10,7.0,48100.0,336700.0,246332.35,90367.65,-0.36743393217342873,0,0,0,0.26839218889218885,45K-60K,4-8,1,4
2143,2025-12-03,1.0,84400.0,84400.0,58406.49,25993.51,-1.0767408357142503,0,0,0,0.3079799763033175,80K-110K,0-4,7,1
1204,2024-09-10,3.0,127100.0,381300.0,256194.46,125105.54,-0.006801028580378083,0,0,0,0.32810264883293994,110K-145K,0-4,4,3
909,2024-04-11,5.0,82700.0,413500.0,294839.12,118660.88,-1.3709960632272835,0,0,0,0.286967061668682,80K-110K,4-8,7,3
1354,2024-11-17,3.0,134800.0,404400.0,280326.22,124073.78,1.0773067903900486,0,0,0,0.3068095450049456,110K-145K,0-4,4,1
594,2023-11-07,4.0,71000.0,284000.0,201987.18,82012.82,0.13382330468642958,0,0,0,0.28877753521126764,60K-80K,0-4,3,4
1118,2024-07-29,8.0,55600.0,444800.0,326262.2,118537.8,1.5719273502306703,0,0,0,0.2664968525179856,45K-60K,4-8,5,1
943,2024-04-28,1.0,90100.0,90100.0,61859.63,28240.37,-0.09012036699408056,0,0,0,0.3134336293007769,80K-110K,0-4,7,5
514,2023-10-05,6.0,49300.0,295800.0,215385.95,80414.05,-0.3974475402571869,0,0,0,0.2718527721433401,45K-60K,4-8,5,3
29,2023-01-15,6.0,55900.0,335400.0,244899.65,90500.35,0.050249131692105944,0,0,0,0.2698281156827669,45K-60K,4-8,1,2
2128,2025-11-25,7.0,58000.0,406000.0,295341.71,110658.29,0.16270226427128837,0,0,0,0.2725573645320197,45K-60K,4-8,1,2
388,2023-08-07,4.0,119400.0,477600.0,320074.26,157525.74,-1.0909088475508046,0,0,0,0.32982776381909545,110K-145K,0-4,4,2
1356,2024-11-18,6.0,69800.0,418800.0,303570.23,115229.77,0.03183619840675823,0,0,0,0.27514271728748807,60K-80K,4-8,2,1
1317,2024-10-31,6.0,50500.0,303000.0,217806.06,85193.94,-0.022328513497595077,0,0,0,0.2811681188118812,45K-60K,4-8,5,3
243,2023-05-19,3.0,76500.0,229500.0,166246.45,63253.55,1.0553135089386585,0,0,0,0.2756145969498911,60K-80K,0-4,3,2
1020,2024-06-11,8.0,48200.0,385600.0,279269.4,106330.6,-0.3620790210982296,0,0,0,0.2757536307053942,45K-60K,4-8,1,2
531,2023-10-13,1.0,89600.0,89600.0,61512.71,28087.29,-0.17666602214497265,0,0,0,0.31347421875000003,80K-110K,0-4,7,2
1819,2025-06-23,2.0,159300.0,318600.0,209354.44,109245.56,0.22263829506750146,0,0,0,0.34289252981795354,145K+,0-4,8,2
1759,2025-05-25,2.0,95700.0,191400.0,137261.1,54138.9,0.8791909706959108,0,0,0,0.28285736677115986,80K-110K,0-4,7,4
84,2023-02-13,2.0,88000.0,176000.0,122425.23,53574.77,-0.45361211862782735,0,0,0,0.30440210227272724,80K-110K,0-4,7,4
1629,2025-03-24,4.0,134700.0,538800.0,374407.61,164392.39,1.0632274680657574,0,0,0,0.3051083704528582,110K-145K,0-4,4,2
475,2023-09-16,4.0,72200.0,288800.0,207642.85,81157.15,0.3348757128869159,0,0,0,0.2810150623268698,60K-80K,0-4,3,2
986,2024-05-21,1.0,93300.0,93300.0,66365.1,26934.9,0.4637718259716288,0,0,0,0.2886913183279743,80K-110K,0-4,7,1
547,2023-10-18,8.0,53500.0,428000.0,320324.77,107675.23,0.9154690534013845,0,0,0,0.25157764018691586,45K-60K,4-8,5,2
461,2023-09-07,5.0,71600.0,358000.0,254604.4,103395.6,0.23434950878667274,0,0,0,0.2888145251396648,60K-80K,4-8,3,4
1120,2024-07-30,4.0,122400.0,489600.0,333900.59,155699.41,-0.6685291778220671,0,0,0,0.3180135008169935,110K-145K,0-4,4,3
213,2023-05-03,5.0,55700.0,278500.0,199321.04,79178.96,1.6031872691273028,0,0,0,0.2843050628366248,45K-60K,4-8,5,4
1648,2025-04-02,8.0,37400.0,299200.0,220732.55,78467.45,-0.09363782917858042,0,0,0,0.2622575200534759,30K-45K,4-8,6,1
429,2023-08-27,3.0,66600.0,199800.0,141666.48,58133.52,-0.09462765506451434,0,0,0,0.29095855855855857,60K-80K,0-4,2,2
1830,2025-06-28,7.0,53900.0,377300.0,275595.87,101704.13,-0.05684908981187731,0,0,0,0.26955772594752186,45K-60K,4-8,1,3
16,2023-01-08,7.0,37500.0,262500.0,196198.81,66301.19,-0.09005638883405806,0,0,0,0.2525759619047619,30K-45K,4-8,6,1
865,2024-03-23,8.0,51700.0,413600.0,304996.89,108603.11,-0.17465713346625888,0,0,0,0.26258005319148936,45K-60K,4-8,1,2
2169,2025-12-15,9.0,59700.0,537300.0,397552.46,139747.54,0.2537357525496741,0,0,0,0.2600922017494882,45K-60K,8-12,1,2
2047,2025-10-04,2.0,61400.0,122800.0,88130.05,34669.95,-0.30013141695533224,0,0,0,0.28232858306188924,60K-80K,0-4,2,1
172,2023-04-08,4.0,47600.0,190400.0,140050.26,50349.74,-0.9288661614999421,0,0,0,0.2644419117647059,45K-60K,0-4,5,4
889,2024-04-04,5.0,54300.0,271500.0,194012.65,77487.35,1.1655484045744458,0,0,0,0.2854046040515654,45K-60K,4-8,5,3
1905,2025-08-01,5.0,69500.0,347500.0,244374.52,103125.48,0.019980212143826427,0,0,0,0.29676397122302156,60K-80K,4-8,2,2
1048,2024-06-25,9.0,51700.0,465300.0,338241.47,127058.53,-0.17465713346625888,0,0,0,0.27306797764882873,45K-60K,8-12,1,2
2009,2025-09-20,5.0,34300.0,171500.0,125422.0,46078.0,-0.2046624798587737,0,0,0,0.2686763848396502,30K-45K,4-8,6,4
425,2023-08-26,7.0,34400.0,240800.0,177845.39,62954.61,-0.20108103951425133,0,0,0,0.2614394102990033,30K-45K,4-8,6,2
1414,2024-12-19,4.0,117900.0,471600.0,320051.38,151548.62,-1.3020986824151735,0,0,0,0.32134991518235795,110K-145K,0-4,4,4
1310,2024-10-29,6.0,71400.0,428400.0,305322.01,123077.99,0.2008407740865917,0,0,0,0.2872968954248366,60K-80K,4-8,3,3
2138,2025-12-01,8.0,54600.0,436800.0,310682.66,126117.34,1.2593281612643437,0,0,0,0.288730173992674,45K-60K,4-8,5,2
466,2023-09-12,5.0,48400.0,242000.0,177819.34,64180.66,-0.6787868103268808,0,0,0,0.2652093388429752,45K-60K,4-8,5,3
157,2023-03-29,4.0,55400.0,221600.0,157290.06,64309.94,0.023474576316110128,0,0,0,0.2902073104693141,45K-60K,0-4,1,2
168,2023-04-05,8.0,55500.0,444000.0,316464.13,127535.87,1.5406674313340376,0,0,0,0.28724295045045045,45K-60K,4-8,5,4
2184,2025-12-24,5.0,46200.0,231000.0,169076.93,61923.07,-1.366505026052799,0,0,0,0.2680652380952381,45K-60K,4-8,5,2
421,2023-08-25,2.0,37100.0,74200.0,55463.15,18736.85,-0.10438215021214751,0,0,0,0.25251819407008086,30K-45K,0-4,6,4
730,2024-01-12,4.0,58200.0,232800.0,164759.64,68040.36,0.17341208642168668,0,0,0,0.29226958762886596,45K-60K,0-4,1,3
826,2024-03-01,6.0,60700.0,364200.0,251832.95,112367.05,-0.32779538490217314,0,0,0,0.308531164195497,60K-80K,4-8,2,1
1513,2025-02-01,5.0,71000.0,355000.0,254148.35,100851.65,0.13382330468642958,0,0,0,0.2840891549295774,60K-80K,4-8,3,2
271,2023-06-05,7.0,52000.0,364000.0,264656.88,99343.12,0.4465702699518947,0,0,0,0.27292065934065934,45K-60K,4-8,5,4
203,2023-04-28,2.0,48900.0,97800.0,70953.95,26846.05,-0.32459464357183543,0,0,0,0.27449948875255625,45K-60K,0-4,1,3
170,2023-04-06,3.0,90800.0,272400.0,187081.49,85318.51,0.031043550217168363,0,0,0,0.313210389133627,80K-110K,0-4,7,1
468,2023-09-13,4.0,37600.0,150400.0,110327.31,40072.69,-0.08647494848953569,0,0,0,0.2664407579787234,30K-45K,0-4,6,1
1223,2024-09-19,2.0,129700.0,259400.0,174824.19,84575.81,0.35926135185119457,0,0,0,0.32604398612181956,110K-145K,0-4,4,2
916,2024-04-13,3.0,150700.0,452100.0,304858.65,147241.35,-0.6388329598671221,0,0,0,0.32568314532183146,145K+,0-4,8,3
1361,2024-11-20,3.0,76000.0,228000.0,158726.79,69273.21,0.9715416721884559,0,0,0,0.30382986842105264,60K-80K,0-4,3,3
77,2023-02-09,4.0,74800.0,299200.0,215805.97,83394.03,0.2294359694556216,0,0,0,0.27872336229946526,60K-80K,0-4,2,3
2161,2025-12-12,6.0,54300.0,325800.0,241777.23,84022.77,1.1655484045744458,0,0,0,0.25789677716390425,45K-60K,4-8,5,2
639,2023-11-30,7.0,52400.0,366800.0,270502.6,96297.4,-0.13717275593986475,0,0,0,0.2625338058887677,45K-60K,4-8,1,1
1851,2025-07-07,2.0,70500.0,141000.0,97407.35,43592.65,0.0595001663535991,0,0,0,0.3091677304964539,60K-80K,0-4,2,3
849,2024-03-14,7.0,41400.0,289800.0,216748.76,73051.24,0.049619784602314136,0,0,0,0.2520746721877157,30K-45K,4-8,6,3
1774,2025-06-02,4.0,50600.0,202400.0,147471.88,54928.12,-0.23356115529344967,0,0,0,0.2713839920948617,45K-60K,0-4,1,2
1100,2024-07-23,5.0,62900.0,314500.0,218056.56,96443.44,-0.24085148564067324,0,0,0,0.30665640699523056,60K-80K,4-8,2,2
1858,2025-07-10,6.0,72000.0,432000.0,302660.49,129339.51,0.30136697818683483,0,0,0,0.2993970138888889,60K-80K,4-8,3,1
2150,2025-12-07,3.0,66700.0,200100.0,138363.0,61737.0,-0.09067565964353708,0,0,0,0.30853073463268366,60K-80K,0-4,2,4
1014,2024-06-07,2.0,34900.0,69800.0,52702.47,17097.53,-0.1831738377916395,0,0,0,0.24495028653295128,30K-45K,0-4,6,1
93,2023-02-19,5.0,53500.0,267500.0,198715.95,68784.05,0.9154690534013845,0,0,0,0.2571366355140187,45K-60K,4-8,5,3
1165,2024-08-20,2.0,158500.0,317000.0,214752.5,102247.5,0.14250143414335043,0,0,0,0.3225473186119874,145K+,0-4,8,2
111,2023-03-01,8.0,48600.0,388800.0,284541.62,104258.38,-0.3406593767974329,0,0,0,0.26815426954732513,45K-60K,4-8,1,3
236,2023-05-15,1.0,129200.0,129200.0,89029.91,40170.09,0.2888647402297383,0,0,0,0.3109140092879257,110K-145K,0-4,4,4
2127,2025-11-25,8.0,71500.0,572000.0,413038.08,158961.92,0.09902012056337178,0,0,0,0.27790545454545457,60K-80K,4-8,2,2
1828,2025-06-27,8.0,59900.0,479200.0,345028.12,134171.88,0.26444557470007246,0,0,0,0.27999140233722875,45K-60K,4-8,1,2
308,2023-06-24,6.0,58600.0,351600.0,247088.87,104511.13,0.19483173072248333,0,0,0,0.2972443970420933,45K-60K,4-8,1,4
1403,2024-12-13,1.0,67600.0,67600.0,48849.15,18750.85,-0.4358251852149483,0,0,0,0.27737943786982244,60K-80K,0-4,3,3
870,2024-03-25,7.0,38600.0,270200.0,204651.71,65548.29,-0.050660545044312055,0,0,0,0.24259174685418206,30K-45K,4-8,6,1
962,2024-05-11,5.0,67000.0,335000.0,239078.66,95921.34,-0.07881967338060526,0,0,0,0.2863323582089552,60K-80K,4-8,2,4
1620,2025-03-18,5.0,39000.0,195000.0,143794.48,51205.52,-0.0363347836662226,0,0,0,0.2625924102564102,30K-45K,4-8,6,4
974,2024-05-16,4.0,95500.0,382000.0,265988.39,116011.61,0.844572708635554,0,0,0,0.30369531413612566,80K-110K,0-4,7,2
1022,2024-06-12,3.0,55000.0,165000.0,119737.71,45262.29,1.3843678368508743,0,0,0,0.2743169090909091,45K-60K,0-4,5,2
1034,2024-06-17,4.0,71900.0,287600.0,203143.42,84456.58,0.11482810224728085,0,0,0,0.2936598748261474,60K-80K,0-4,2,2
2000,2025-09-18,4.0,55300.0,221200.0,159877.54,61322.46,0.01811966524091097,0,0,0,0.2772263110307414,45K-60K,0-4,1,1
718,2024-01-07,5.0,126500.0,632500.0,438084.63,194415.37,-0.09127696252612562,0,0,0,0.30737607905138337,110K-145K,4-8,4,2
2100,2025-11-08,6.0,62000.0,372000.0,269457.29,102542.71,-1.3740697568172178,0,0,0,0.27565244623655916,60K-80K,4-8,3,2
548,2023-10-18,5.0,36400.0,182000.0,137101.53,44898.47,-0.12945223262380406,0,0,0,0.24669489010989012,30K-45K,4-8,6,2
2063,2025-10-17,7.0,56100.0,392700.0,288828.77,103871.23,0.06095895384250427,0,0,0,0.2645052966641202,45K-60K,4-8,1,2
1056,2024-06-30,4.0,51700.0,206800.0,148738.11,58061.89,0.3527905132619968,0,0,0,0.2807634912959381,45K-60K,0-4,5,1
884,2024-04-01,7.0,38100.0,266700.0,195788.72,70911.28,-0.06856774676692387,0,0,0,0.2658840644919385,30K-45K,4-8,6,2
1381,2024-12-02,7.0,55600.0,389200.0,287691.04,101508.96,0.034184398466508455,0,0,0,0.2608143884892086,45K-60K,4-8,1,1
1448,2025-01-02,4.0,53600.0,214400.0,153747.69,60652.31,-0.0729138230374748,0,0,0,0.2828932369402985,45K-60K,0-4,1,4
1481,2025-01-14,5.0,36200.0,181000.0,132861.42,48138.58,-0.13661511331284878,0,0,0,0.2659590055248619,30K-45K,4-8,6,2
365,2023-07-28,2.0,168800.0,337600.0,224570.52,113029.48,1.174263518541795,0,0,0,0.334802962085308,145K+,0-4,8,1
378,2023-08-03,3.0,38100.0,114300.0,85120.12,29179.88,-0.06856774676692387,0,0,0,0.2552920384951881,30K-45K,0-4,6,1
1242,2024-10-01,5.0,72200.0,361000.0,253228.03,107771.97,0.3348757128869159,0,0,0,0.29853731301939057,60K-80K,4-8,3,2
1950,2025-08-28,1.0,171900.0,171900.0,110074.2,61825.8,1.4847938546228803,0,0,0,0.35966143106457243,145K+,0-4,8,3
2008,2025-09-20,8.0,53500.0,428000.0,302134.68,125865.32,-0.07826873411267396,0,0,0,0.29407785046728974,45K-60K,4-8,1,4
813,2024-02-23,2.0,70300.0,140600.0,102466.89,38133.11,0.01654273323614592,0,0,0,0.2712169985775249,60K-80K,0-4,3,4
1009,2024-06-02,8.0,51300.0,410400.0,287779.48,122620.52,-0.19607677776705554,0,0,0,0.29878294346978557,45K-60K,4-8,1,2
1862,2025-07-12,1.0,121100.0,121100.0,81761.82,39338.18,-0.8515603680378534,0,0,0,0.32484046242774567,110K-145K,0-4,4,2
704,2024-01-02,5.0,39600.0,198000.0,149618.91,48381.09,-0.014846141599088416,0,0,0,0.24434893939393937,30K-45K,4-8,6,4
102,2023-02-23,2.0,41300.0,82600.0,61964.8,20635.2,0.04603834425779177,0,0,0,0.24982082324455207,30K-45K,0-4,6,1
1579,2025-03-03,7.0,76600.0,536200.0,385078.2,151121.8,1.072067876288699,0,0,0,0.2818384930995897,60K-80K,4-8,3,4
1842,2025-07-02,8.0,51500.0,412000.0,304227.95,107772.05,-0.18536695561665723,0,0,0,0.261582645631068,45K-60K,4-8,1,4
1733,2025-05-12,11.0,54800.0,602800.0,439272.52,163527.48,1.321847999057609,0,0,0,0.2712798274717983,45K-60K,8-12,5,1
1986,2025-09-12,6.0,64400.0,386400.0,280477.23,105922.77,-0.18157155432601424,0,0,0,0.27412725155279505,60K-80K,4-8,2,3
782,2024-02-10,5.0,66400.0,332000.0,236311.79,95688.21,-0.10253164590646888,0,0,0,0.2882175,60K-80K,4-8,2,1
221,2023-05-09,6.0,51400.0,308400.0,223476.42,84923.58,0.2590107565720988,0,0,0,0.2753682879377432,45K-60K,4-8,5,1
669,2023-12-15,6.0,76800.0,460800.0,328706.21,132093.79,1.1055766109887801,0,0,0,0.28666187065972226,60K-80K,4-8,3,4
626,2023-11-23,5.0,55900.0,279500.0,206023.91,73476.09,1.6657071069205682,0,0,0,0.26288404293381035,45K-60K,4-8,5,1
1656,2025-04-03,5.0,68600.0,343000.0,241012.25,101987.75,-0.015587746644968984,0,0,0,0.2973403790087464,60K-80K,4-8,2,2
933,2024-04-25,2.0,72200.0,144400.0,100676.05,43723.95,0.3348757128869159,0,0,0,0.30279743767313017,60K-80K,0-4,3,3
2110,2025-11-14,8.0,53500.0,428000.0,307382.58,120617.42,0.9154690534013845,0,0,0,0.28181640186915885,45K-60K,4-8,5,2
2048,2025-10-05,4.0,128600.0,514400.0,343116.26,171283.74,0.20438880628399075,0,0,0,0.33297772161741834,110K-145K,0-4,4,1
70,2023-02-03,3.0,41200.0,123600.0,89916.68,33683.32,0.0424569039132694,0,0,0,0.2725187702265372,30K-45K,0-4,6,2
1885,2025-07-21,3.0,74000.0,222000.0,156378.48,65621.52,0.6364543251876453,0,0,0,0.29559243243243244,60K-80K,0-4,3,2
1919,2025-08-08,6.0,53000.0,318000.0,228414.09,89585.91,-0.10504328948866977,0,0,0,0.28171669811320754,45K-60K,4-8,1,1
173,2023-04-08,6.0,49400.0,296400.0,220092.63,76307.37,-0.36618762136055427,0,0,0,0.2574472672064777,45K-60K,4-8,5,3
433,2023-08-29,5.0,64100.0,320500.0,223164.1,97335.9,-0.19342754058894604,0,0,0,0.30370015600624023,60K-80K,4-8,2,1
150,2023-03-26,4.0,71300.0,285200.0,199757.41,85442.59,0.18408640673655116,0,0,0,0.2995883239831697,60K-80K,0-4,3,2
1261,2024-10-09,6.0,48200.0,289200.0,209859.98,79340.02,-0.3620790210982296,0,0,0,0.2743430843706777,45K-60K,4-8,1,4
482,2023-09-20,2.0,53200.0,106400.0,78630.39,27769.61,0.8216892967114866,0,0,0,0.2609925751879699,45K-60K,0-4,5,2
283,2023-06-11,6.0,36000.0,216000.0,155627.81,60372.19,-0.1437779940018935,0,0,0,0.27950087962962966,30K-45K,4-8,6,4
1867,2025-07-14,7.0,49100.0,343700.0,247473.04,96226.96,-0.3138848214214371,0,0,0,0.27997369799243527,45K-60K,4-8,1,2
386,2023-08-06,2.0,138100.0,276200.0,189654.76,86545.24,1.5419244270916599,0,0,0,0.31334265025343955,110K-145K,0-4,4,2
50,2023-01-25,3.0,126800.0,380400.0,258864.44,121535.56,-0.04903899555325185,0,0,0,0.3194941114616193,110K-145K,0-4,4,1
210,2023-05-02,8.0,55000.0,440000.0,321818.68,118181.32,1.3843678368508743,0,0,0,0.26859390909090913,45K-60K,4-8,5,4
341,2023-07-16,2.0,68200.0,136400.0,96297.76,40102.24,-0.33529898111470513,0,0,0,0.29400469208211144,60K-80K,0-4,3,1
1717,2025-05-05,5.0,53800.0,269000.0,191632.39,77367.61,-0.06220400088707647,0,0,0,0.28761193308550187,45K-60K,4-8,1,1
1637,2025-03-27,6.0,46000.0,276000.0,205369.9,70630.1,-1.4290248638460645,0,0,0,0.2559061594202899,45K-60K,4-8,5,2
599,2023-11-09,5.0,119700.0,598500.0,398559.91,199940.09,-1.048670880577931,0,0,0,0.3340686549707602,110K-145K,4-8,4,3
1152,2024-08-14,6.0,46900.0,281400.0,204941.61,76458.39,-1.1476855937763706,0,0,0,0.27170714285714287,45K-60K,4-8,5,2
126,2023-03-10,6.0,65200.0,391200.0,281434.33,109765.67,-0.8379300016159209,0,0,0,0.280587091002045,60K-80K,4-8,3,4
2006,2025-09-19,4.0,54000.0,216000.0,159697.96,56302.04,1.0717686478845478,0,0,0,0.2606575925925926,45K-60K,0-4,5,4
339,2023-07-15,1.0,157700.0,157700.0,104947.56,52752.44,0.0623645732191994,0,0,0,0.3345113506658212,145K+,0-4,8,2
1091,2024-07-19,6.0,54200.0,325200.0,239570.44,85629.56,-0.040784356586279824,0,0,0,0.26331353013530134,45K-60K,4-8,1,4
1640,2025-03-29,7.0,51300.0,359100.0,259624.88,99475.12,0.22775083767546614,0,0,0,0.27701230854915065,45K-60K,4-8,5,4
1837,2025-06-30,4.0,34100.0,136400.0,103599.37,32800.63,-0.21182536054781842,0,0,0,0.24047382697947212,30K-45K,0-4,6,2
522,2023-10-10,5.0,75700.0,378500.0,271146.54,107353.46,0.9212785701383343,0,0,0,0.2836286922060766,60K-80K,4-8,3,4
1861,2025-07-11,2.0,73200.0,146400.0,105474.31,40925.69,0.5024193863873212,0,0,0,0.2795470628415301,60K-80K,0-4,3,4
1783,2025-06-07,3.0,51600.0,154800.0,109135.46,45664.54,-0.18001204454145806,0,0,0,0.2949905684754522,45K-60K,0-4,1,3
1763,2025-05-29,2.0,129300.0,258600.0,178015.06,80584.94,0.3029440625540295,0,0,0,0.3116200309358082,110K-145K,0-4,4,1
1657,2025-04-04,3.0,67200.0,201600.0,140132.74,61467.26,-0.07091568253865073,0,0,0,0.304897123015873,60K-80K,0-4,2,1
1613,2025-03-15,6.0,41800.0,250800.0,181479.71,69320.29,0.06394554598040358,0,0,0,0.2763966905901116,30K-45K,4-8,6,3
390,2023-08-08,3.0,94800.0,284400.0,195788.12,88611.88,0.723408791424305,0,0,0,0.3115748241912799,80K-110K,0-4,7,2
1078,2024-07-13,1.0,74500.0,74500.0,52747.64,21752.36,0.7202261619378479,0,0,0,0.2919779865771812,60K-80K,0-4,3,2
1254,2024-10-04,1.0,143700.0,143700.0,96717.54,46982.46,-1.3400304929534437,0,0,0,0.32694822546972857,110K-145K,0-4,8,3
36,2023-01-18,3.0,74300.0,222900.0,162688.85,60211.15,0.686717427237767,0,0,0,0.270126289816061,60K-80K,0-4,3,1
287,2023-06-13,4.0,65400.0,261600.0,184658.68,76941.32,-0.8044212669158398,0,0,0,0.29411819571865444,60K-80K,0-4,3,3
623,2023-11-20,8.0,47700.0,381600.0,281827.84,99772.16,-0.8976062426033093,0,0,0,0.2614574423480084,45K-60K,4-8,5,2
315,2023-06-30,6.0,72000.0,432000.0,311603.03,120396.97,0.30136697818683483,0,0,0,0.2786966898148148,60K-80K,4-8,3,3
1032,2024-06-16,5.0,75400.0,377000.0,261536.28,115463.72,0.8710154680882127,0,0,0,0.30626981432360745,60K-80K,4-8,3,1
1562,2025-02-22,2.0,60600.0,121200.0,84150.6,37049.4,-0.3317473803231504,0,0,0,0.3056881188118812,60K-80K,0-4,2,3
1740,2025-05-18,1.0,164200.0,164200.0,111651.89,52548.11,0.7134765682279265,0,0,0,0.32002503045066993,145K+,0-4,8,4
1138,2024-08-06,7.0,52100.0,364700.0,263292.2,101407.8,0.47783018884852735,0,0,0,0.27805812996983825,45K-60K,4-8,5,1
319,2023-07-02,5.0,47100.0,235500.0,169196.3,66303.7,-1.0851657559831054,0,0,0,0.2815443736730361,45K-60K,4-8,5,4
775,2024-02-06,4.0,67300.0,269200.0,189838.11,79361.89,-0.48608828726506986,0,0,0,0.294806426448737,60K-80K,0-4,3,4
1335,2024-11-09,5.0,57700.0,288500.0,206288.02,82211.98,0.14663753104569086,0,0,0,0.28496353552859616,45K-60K,4-8,1,1
2170,2025-12-16,4.0,50900.0,203600.0,146412.24,57187.76,-0.2174964220678522,0,0,0,0.2808829076620825,45K-60K,0-4,1,2
1326,2024-11-05,1.0,88800.0,88800.0,62696.48,26103.52,-0.3151390703864,0,0,0,0.29395855855855857,80K-110K,0-4,7,4
1429,2024-12-24,2.0,50700.0,101400.0,72033.44,29366.56,0.04019132429567023,0,0,0,0.2896110453648915,45K-60K,0-4,5,4
1997,2025-09-17,4.0,70900.0,283600.0,202544.6,81055.4,0.07530814803750817,0,0,0,0.2858088857545839,60K-80K,0-4,2,1
1744,2025-05-18,4.0,56700.0,226800.0,164184.47,62615.53,0.09308842029369924,0,0,0,0.27608258377425043,45K-60K,0-4,1,2
1291,2024-10-21,6.0,53600.0,321600.0,235697.75,85902.25,0.9467289722980171,0,0,0,0.26710898631840796,45K-60K,4-8,5,2
1557,2025-02-21,7.0,46400.0,324800.0,243537.74,81262.26,-1.303985188259534,0,0,0,0.2501916871921182,45K-60K,4-8,5,1
716,2024-01-06,5.0,74800.0,374000.0,259322.65,114677.35,0.7704892639879696,0,0,0,0.30662393048128345,60K-80K,4-8,3,2
1385,2024-12-04,7.0,50600.0,354200.0,252121.85,102078.15,-0.23356115529344967,0,0,0,0.2881935347261434,45K-60K,4-8,1,4
1546,2025-02-14,5.0,49400.0,247000.0,183286.46,63713.54,-0.36618762136055427,0,0,0,0.25794955465587044,45K-60K,4-8,5,4
1111,2024-07-26,1.0,53400.0,53400.0,38845.32,14554.68,-0.08362364518787312,0,0,0,0.27255955056179776,45K-60K,0-4,1,1
183,2023-04-16,1.0,117800.0,117800.0,79470.57,38329.43,-1.316178004739465,0,0,0,0.3253771646859083,110K-145K,0-4,4,3
1887,2025-07-24,9.0,48200.0,433800.0,320490.69,113309.31,-0.3620790210982296,0,0,0,0.26120172890733057,45K-60K,8-12,1,3
62,2023-01-31,1.0,73100.0,73100.0,51169.77,21930.23,0.16225204729900808,0,0,0,0.300003146374829,60K-80K,0-4,2,1
453,2023-09-05,1.0,67800.0,67800.0,49030.2,18769.8,-0.04720371001278713,0,0,0,0.27684070796460175,60K-80K,0-4,2,4
2004,2025-09-19,5.0,52800.0,264000.0,188806.31,75193.69,0.696649621124956,0,0,0,0.2848245833333333,45K-60K,4-8,5,4
1536,2025-02-09,6.0,53300.0,319800.0,224320.27,95479.73,-0.08897855626307229,0,0,0,0.29856075672295185,45K-60K,4-8,1,4
631,2023-11-27,7.0,50900.0,356300.0,252981.15,103318.85,0.10271116208893553,0,0,0,0.2899771260174011,45K-60K,4-8,5,4
1213,2024-09-15,8.0,45100.0,360800.0,261878.63,98921.37,-1.7103641339157583,0,0,0,0.2741723115299335,45K-60K,4-8,5,2
163,2023-04-02,6.0,515200.0,386400.0,268257.92,118142.08,17.634023803439508,1,0,0,0.30575072463768116,145K+,4-8,2,2
1267,2024-10-12,9.0,54300.0,488700.0,357459.78,131240.22,-0.03542944551108066,0,0,0,0.26854966236955186,45K-60K,8-12,1,1
1010,2024-06-05,4.0,73900.0,295600.0,206244.2,89355.8,0.1938680106668262,0,0,0,0.30228619756427605,60K-80K,0-4,2,2
1169,2024-08-22,4.0,64300.0,257200.0,187606.7,69593.3,-0.1855235497469915,0,0,0,0.27058048211508556,60K-80K,0-4,2,2
729,2024-01-12,3.0,84400.0,253200.0,174012.79,79187.21,-1.0767408357142503,0,0,0,0.31274569510268563,80K-110K,0-4,7,2
1556,2025-02-20,7.0,68800.0,481600.0,338087.66,143512.34,-0.23477277701446195,0,0,0,0.2979907392026578,60K-80K,4-8,3,2
1396,2024-12-09,4.0,94600.0,378400.0,272416.22,105983.78,0.6887905293639482,0,0,0,0.28008398520084565,80K-110K,0-4,7,1
876,2024-03-28,4.0,41000.0,164000.0,121776.82,42223.18,0.035294023224224674,0,0,0,0.25745841463414637,30K-45K,0-4,6,4
2099,2025-11-07,7.0,49300.0,345100.0,252660.29,92439.71,-0.3031749992710388,0,0,0,0.2678635467980296,45K-60K,4-8,1,4
358,2023-07-25,1.0,133400.0,133400.0,89612.05,43787.95,0.880196277849971,0,0,0,0.32824550224887555,110K-145K,0-4,4,1
254,2023-05-25,8.0,52600.0,420800.0,306186.71,114613.29,-0.12646293378946644,0,0,0,0.27236998574144483,45K-60K,4-8,1,3
1400,2024-12-12,2.0,124800.0,249600.0,174485.45,75114.55,-0.33062544203907696,0,0,0,0.30093970352564103,110K-145K,0-4,4,2
97,2023-02-21,3.0,87600.0,262800.0,181510.48,81289.52,-0.522848642748541,0,0,0,0.30932085235920853,80K-110K,0-4,7,3
245,2023-05-21,6.0,84700.0,508200.0,359488.47,148711.53,-1.0248134426237152,0,0,0,0.292624025974026,80K-110K,4-8,7,2
114,2023-03-01,9.0,35300.0,317700.0,240549.32,77150.68,-0.16884807641355007,0,0,0,0.2428412968209002,30K-45K,8-12,6,1
527,2023-10-11,3.0,41000.0,123000.0,90382.47,32617.53,0.035294023224224674,0,0,0,0.26518317073170733,30K-45K,0-4,6,4
1779,2025-06-06,1.0,135500.0,135500.0,91570.89,43929.11,1.1758620466600873,0,0,0,0.324200073800738,110K-145K,0-4,4,2
1461,2025-01-07,6.0,120600.0,723600.0,485878.98,237721.02,-0.9219569796593097,0,0,0,0.328525456053068,110K-145K,4-8,4,2
1451,2025-01-03,4.0,87700.0,350800.0,252348.62,98451.38,-0.5055395117183626,0,0,0,0.2806481755986317,80K-110K,0-4,7,1
1743,2025-05-18,3.0,68300.0,204900.0,145069.58,59830.42,-0.027443732907900788,0,0,0,0.2919981454367984,60K-80K,0-4,2,4
745,2024-01-20,7.0,48500.0,339500.0,243111.19,96388.81,-0.6475268914302481,0,0,0,0.2839140206185567,45K-60K,4-8,5,3
1110,2024-07-26,1.0,80700.0,80700.0,56072.07,24627.93,-1.7171786838308518,0,0,0,0.3051788104089219,80K-110K,0-4,7,3
137,2023-03-21,2.0,75700.0,151400.0,105813.06,45586.94,0.9212785701383343,0,0,0,0.301102642007926,60K-80K,0-4,3,2
1441,2024-12-31,7.0,66300.0,464100.0,328522.84,135577.16,-0.10648364132744614,0,0,0,0.29212919629390216,60K-80K,4-8,2,2
13,2023-01-08,6.0,53100.0,318600.0,226773.74,91826.26,-0.09968837841347061,0,0,0,0.28821801632140615,45K-60K,4-8,1,2
392,2023-08-08,4.0,47000.0,188000.0,136148.26,51851.74,-1.1164256748797379,0,0,0,0.27580712765957444,45K-60K,0-4,5,3
1875,2025-07-17,6.0,45500.0,273000.0,195750.69,77249.31,-1.5853244583292276,0,0,0,0.28296450549450547,45K-60K,4-8,5,2
1877,2025-07-18,4.0,63100.0,252400.0,182144.44,70255.56,-1.189771715966772,0,0,0,0.27835007923930266,60K-80K,0-4,3,3
1909,2025-08-03,6.0,37000.0,222000.0,166464.1,55535.9,-0.10796359055666988,0,0,0,0.2501617117117117,30K-45K,4-8,6,3
1188,2024-09-03,5.0,54300.0,271500.0,198278.22,73221.78,1.1655484045744458,0,0,0,0.26969348066298343,45K-60K,4-8,5,1
1416,2024-12-20,5.0,70800.0,354000.0,250089.81,103910.19,0.0713561526165309,0,0,0,0.29353161016949153,60K-80K,4-8,2,2
2096,2025-11-07,10.0,57400.0,574000.0,405787.01,168212.99,0.13057279782009337,0,0,0,0.2930539895470383,45K-60K,8-12,1,3
2054,2025-10-10,8.0,34100.0,272800.0,198260.78,74539.22,-0.21182536054781842,0,0,0,0.2732376099706745,30K-45K,4-8,6,3
1311,2024-10-29,6.0,37300.0,223800.0,161535.57,62264.43,-0.09721926952310278,0,0,0,0.27821461126005365,30K-45K,4-8,6,1
1786,2025-06-09,3.0,71000.0,213000.0,153133.13,59866.87,0.07926014345848545,0,0,0,0.281065117370892,60K-80K,0-4,2,3
506,2023-09-30,6.0,52000.0,312000.0,226329.21,85670.79,-0.1585924002406614,0,0,0,0.2745858653846154,45K-60K,4-8,1,1
1289,2024-10-21,2.0,90100.0,180200.0,125308.65,54891.35,-0.09012036699408056,0,0,0,0.30461348501664814,80K-110K,0-4,7,2
1307,2024-10-28,7.0,40900.0,286300.0,211486.3,74813.7,0.031712582879702314,0,0,0,0.2613122598672721,30K-45K,4-8,6,4
493,2023-09-24,6.0,90800.0,544800.0,626520.0,-81720.0,0.031043550217168363,0,1,0,-0.15,80K-110K,4-8,7,2
294,2023-06-17,5.0,52500.0,262500.0,184045.97,78454.03,-0.13181784486466558,0,0,0,0.2988724952380952,45K-60K,4-8,1,4
1863,2025-07-12,4.0,137100.0,548400.0,370640.61,177759.39,1.4011312038487473,0,0,0,0.3241418490153173,110K-145K,0-4,4,2
207,2023-05-01,5.0,77700.0,388500.0,282225.46,106274.54,1.2563659171391448,0,0,0,0.2735509395109395,60K-80K,4-8,3,2
807,2024-02-20,8.0,53300.0,426400.0,319554.87,106845.13,0.8529492156081192,0,0,0,0.250574882739212,45K-60K,4-8,5,3
1257,2024-10-07,1.0,172500.0,172500.0,114941.35,57558.65,1.5448965003159933,0,0,0,0.3336733333333333,145K+,0-4,8,4
2165,2025-12-12,3.0,121500.0,364500.0,250743.47,113756.53,-0.7952430787406883,0,0,0,0.31208924554183815,110K-145K,0-4,4,1
714,2024-01-05,6.0,52100.0,312600.0,224168.39,88431.61,0.47783018884852735,0,0,0,0.2828906269993602,45K-60K,4-8,5,3
817,2024-02-26,1.0,120800.0,120800.0,80005.61,40794.39,-0.8937983350107271,0,0,0,0.3377019039735099,110K-145K,0-4,4,4
1916,2025-08-07,3.0,75800.0,227400.0,162847.47,64552.53,0.9380329374883748,0,0,0,0.2838721635883905,60K-80K,0-4,3,2
80,2023-02-11,4.0,53400.0,213600.0,158394.97,55205.03,0.8842091345047519,0,0,0,0.2584505149812734,45K-60K,0-4,5,3
883,2024-03-31,5.0,49200.0,246000.0,175693.23,70306.77,-0.4287074591538196,0,0,0,0.2857998780487805,45K-60K,4-8,5,2
1936,2025-08-20,4.0,60700.0,242800.0,171289.39,71510.61,-0.32779538490217314,0,0,0,0.2945247528830313,60K-80K,0-4,2,4
1026,2024-06-13,6.0,71200.0,427200.0,306539.08,120660.92,0.08716413430043998,0,0,0,0.28244597378277153,60K-80K,4-8,2,4
401,2023-08-12,6.0,35200.0,211200.0,155498.22,55701.78,-0.17242951675807242,0,0,0,0.26373948863636365,30K-45K,4-8,6,2
2158,2025-12-11,8.0,41900.0,335200.0,242230.48,92969.52,0.06752698632492596,0,0,0,0.277355369928401,30K-45K,4-8,6,4
1708,2025-04-30,7.0,48200.0,337400.0,248582.48,88817.52,-0.3620790210982296,0,0,0,0.26324101956135154,45K-60K,4-8,1,3
2126,2025-11-24,7.0,52900.0,370300.0,268370.63,101929.37,-0.11039820056386894,0,0,0,0.2752615987037537,45K-60K,4-8,1,4
158,2023-03-30,9.0,48600.0,437400.0,312551.92,124848.08,-0.3406593767974329,0,0,0,0.28543228166438045,45K-60K,8-12,1,2
1533,2025-02-08,1.0,35000.0,35000.0,25219.07,9780.93,-0.17959239744711716,0,0,0,0.27945514285714285,30K-45K,0-4,6,3
1679,2025-04-14,4.0,85800.0,343200.0,245118.46,98081.54,-0.8344130012917526,0,0,0,0.28578537296037293,80K-110K,0-4,7,2
492,2023-09-23,4.0,35400.0,141600.0,102129.13,39470.87,-0.1652666360690277,0,0,0,0.278749081920904,30K-45K,0-4,6,1
1844,2025-07-02,4.0,62200.0,248800.0,177525.16,71274.84,-1.3405610221171367,0,0,0,0.2864744372990354,60K-80K,0-4,3,4
1288,2024-10-21,9.0,50100.0,450900.0,328113.79,122786.21,-0.1473681890841257,0,0,0,0.2723136172100244,45K-60K,8-12,5,4
292,2023-06-16,7.0,54600.0,382200.0,281771.46,100428.54,1.2593281612643437,0,0,0,0.2627643642072213,45K-60K,4-8,5,4
2086,2025-11-04,1.0,87700.0,87700.0,62228.14,25471.86,-0.5055395117183626,0,0,0,0.2904431014823261,80K-110K,0-4,7,3
1364,2024-11-21,7.0,65100.0,455700.0,330701.98,124998.02,-0.15390758637917334,0,0,0,0.2742989247311828,60K-80K,4-8,2,4
726,2024-01-11,4.0,57200.0,228800.0,163112.5,65687.5,0.11986297566969506,0,0,0,0.28709571678321677,45K-60K,0-4,1,1
681,2023-12-23,4.0,74700.0,298800.0,208574.12,90225.88,0.753734896637929,0,0,0,0.3019607764390897,60K-80K,0-4,3,1
2002,2025-09-19,5.0,45600.0,228000.0,167438.03,60561.97,-1.5540645394325951,0,0,0,0.2656226754385965,45K-60K,4-8,5,4
1402,2024-12-12,1.0,97900.0,97900.0,70138.89,27761.11,1.259991853359836,0,0,0,0.28356598569969355,80K-110K,0-4,7,1
402,2023-08-12,10.0,58400.0,584000.0,412680.71,171319.29,0.18412190857208502,0,0,0,0.293354948630137,45K-60K,8-12,1,1
1472,2025-01-11,5.0,55600.0,278000.0,203815.23,74184.77,0.034184398466508455,0,0,0,0.26685169064748204,45K-60K,4-8,1,4
1330,2024-11-06,2.0,35000.0,70000.0,80500.0,-10500.0,-0.17959239744711716,0,1,0,-0.15,30K-45K,0-4,6,1
1181,2024-08-28,5.0,88400.0,442000.0,508300.0,-66299.99999999994,-0.38437559450711367,0,1,0,-0.14999999999999986,80K-110K,4-8,7,1
1411,2024-12-18,3.0,126600.0,379800.0,256441.48,123358.52,-0.07719764020183435,0,0,0,0.3247986308583465,110K-145K,0-4,4,1
180,2023-04-14,4.0,51500.0,206000.0,146245.75,59754.25,-0.18536695561665723,0,0,0,0.29006917475728156,45K-60K,0-4,1,2
922,2024-04-18,2.0,158600.0,317200.0,205411.87,111788.13,0.1525185417588693,0,0,0,0.35242159520807065,145K+,0-4,8,2
1689,2025-04-19,11.0,52300.0,575300.0,410809.87,164490.13,-0.14252766701506392,0,0,0,0.2859206153311316,45K-60K,8-12,1,1
1688,2025-04-19,3.0,150300.0,450900.0,305983.36,144916.64,-0.6789013903291976,0,0,0,0.32139418939897985,145K+,0-4,8,2
79,2023-02-10,5.0,55000.0,275000.0,203365.5,71634.5,0.002054932015313479,0,0,0,0.2604890909090909,45K-60K,4-8,1,4
1735,2025-05-13,7.0,75000.0,525000.0,377334.07,147665.93,0.8039979986880506,0,0,0,0.2812684380952381,60K-80K,4-8,3,1
987,2024-05-21,5.0,34300.0,171500.0,126072.1,45427.9,-0.2046624798587737,0,0,0,0.2648857142857143,30K-45K,4-8,6,3
1677,2025-04-13,10.0,50300.0,503000.0,354050.25,148949.75,-0.24962588851904716,0,0,0,0.2961227634194831,45K-60K,8-12,1,1
2155,2025-12-09,7.0,61500.0,430500.0,307868.56,122631.44,-0.296179421534355,0,0,0,0.2848581649245064,60K-80K,4-8,2,3
1572,2025-02-26,4.0,56200.0,224800.0,161782.45,63017.55,0.06631386491770343,0,0,0,0.2803271797153025,45K-60K,0-4,1,4
1117,2024-07-29,5.0,48000.0,240000.0,176196.69,63803.31,-0.8038264859134114,0,0,0,0.265847125,45K-60K,4-8,5,2
737,2024-01-15,6.0,65100.0,390600.0,281053.96,109546.04,-0.8546843689659613,0,0,0,0.2804558115719406,60K-80K,4-8,3,1
695,2023-12-30,6.0,38500.0,231000.0,172742.45,58257.55,-0.054241985388834416,0,0,0,0.25219718614718617,30K-45K,4-8,6,1
320,2023-07-02,5.0,59500.0,297500.0,210274.46,87225.54,0.2430259303992758,0,0,0,0.2931950924369748,45K-60K,4-8,1,2
1668,2025-04-07,6.0,46400.0,278400.0,206997.18,71402.82,-1.303985188259534,0,0,0,0.25647564655172417,45K-60K,4-8,5,2
1734,2025-05-13,1.0,89500.0,89500.0,61529.86,27970.14,-0.19397515317515107,0,0,0,0.312515530726257,80K-110K,0-4,7,2
485,2023-09-21,7.0,35200.0,246400.0,180289.23,66110.77,-0.17242951675807242,0,0,0,0.26830669642857147,30K-45K,4-8,6,1
1720,2025-05-06,3.0,77600.0,232800.0,166394.97,66405.03,1.2396115497891043,0,0,0,0.2852449742268041,60K-80K,0-4,3,2
199,2023-04-27,3.0,139000.0,417000.0,285145.19,131854.81,1.6686383280102812,0,0,0,0.31619858513189447,110K-145K,0-4,4,3
1129,2024-08-03,6.0,35700.0,214200.0,155272.11,58927.89,-0.1545223150354606,0,0,0,0.27510686274509805,30K-45K,4-8,6,1
2152,2025-12-09,5.0,157300.0,786500.0,518083.93,268416.07,0.02229614275712389,0,0,0,0.341279173553719,145K+,4-8,8,4
818,2024-02-26,5.0,70400.0,352000.0,243938.03,108061.97,0.055548170932621835,0,0,0,0.3069942329545455,60K-80K,4-8,2,1
1549,2025-02-16,3.0,41200.0,123600.0,90942.57,32657.43,0.0424569039132694,0,0,0,0.26421868932038833,30K-45K,0-4,6,3
712,2024-01-04,2.0,67000.0,134000.0,92516.7,41483.3,-0.5363513893151914,0,0,0,0.30957686567164183,60K-80K,0-4,3,3
1893,2025-07-26,5.0,72500.0,362500.0,263542.67,98957.33,0.3851388149370375,0,0,0,0.2729857379310345,60K-80K,4-8,3,4
621,2023-11-20,2.0,88800.0,177600.0,127757.29,49842.71,-0.3151390703864,0,0,0,0.28064588963963966,80K-110K,0-4,7,4
2195,2025-12-28,9.0,51600.0,464400.0,339756.46,124643.54,0.32153059436536413,0,0,0,0.2683969422911283,45K-60K,8-12,5,2
1047,2024-06-25,5.0,71800.0,359000.0,255724.12,103275.88,0.2678582434867538,0,0,0,0.2876765459610028,60K-80K,4-8,3,3
439,2023-08-31,4.0,55900.0,223600.0,157533.7,66066.3,0.050249131692105944,0,0,0,0.295466457960644,45K-60K,0-4,1,3
246,2023-05-21,2.0,83600.0,167200.0,117827.37,49372.63,-1.2152138839556776,0,0,0,0.29529084928229665,80K-110K,0-4,7,4
134,2023-03-17,4.0,66700.0,266800.0,184559.5,82240.5,-0.586614491365313,0,0,0,0.3082477511244378,60K-80K,0-4,3,1
1143,2024-08-10,5.0,34600.0,173000.0,130540.61,42459.39,-0.1939181588252066,0,0,0,0.24543,30K-45K,4-8,6,4
1907,2025-08-02,2.0,92900.0,185800.0,126887.61,58912.39,0.3945353018509151,0,0,0,0.317074219590958,80K-110K,0-4,7,1
815,2024-02-25,5.0,45800.0,229000.0,169598.84,59401.16,-1.4915447016393297,0,0,0,0.25939371179039306,45K-60K,4-8,5,2
647,2023-12-05,5.0,75400.0,377000.0,273996.69,103003.31,0.8710154680882127,0,0,0,0.27321832891246683,60K-80K,4-8,3,4
1771,2025-06-01,7.0,50600.0,354200.0,252235.13,101964.87,0.008931405399037575,0,0,0,0.28787371541501977,45K-60K,4-8,5,4
1566,2025-02-25,1.0,89900.0,89900.0,62009.37,27890.63,-0.1247386290544374,0,0,0,0.3102406006674082,80K-110K,0-4,7,3
863,2024-03-22,4.0,64100.0,256400.0,177846.52,78553.48,-1.0222280424663666,0,0,0,0.3063708268330733,60K-80K,0-4,3,4
900,2024-04-08,5.0,50200.0,251000.0,187167.62,63832.38,-0.11610827018749303,0,0,0,0.2543122709163346,45K-60K,4-8,5,3
408,2023-08-16,6.0,52100.0,312600.0,223441.99,89158.01,-0.15323748916546223,0,0,0,0.2852143634037108,45K-60K,4-8,1,1
155,2023-03-27,4.0,65000.0,260000.0,180327.55,79672.45,-0.8714387363160019,0,0,0,0.3064325,60K-80K,0-4,3,3
1030,2024-06-15,6.0,50000.0,300000.0,210702.12,89297.88,-0.26569062174464464,0,0,0,0.2976596,45K-60K,4-8,1,3
279,2023-06-10,3.0,70000.0,210000.0,153084.32,56915.68,-0.03372036881397566,0,0,0,0.2710270476190476,60K-80K,0-4,3,3
1705,2025-04-27,4.0,77400.0,309600.0,223799.91,85800.09,1.2061028150890232,0,0,0,0.27713207364341086,60K-80K,0-4,3,1
795,2024-02-13,4.0,57600.0,230400.0,163804.84,66595.16,0.1412826199704917,0,0,0,0.2890414930555556,45K-60K,0-4,1,4
1340,2024-11-10,5.0,47300.0,236500.0,172865.1,63634.9,-1.02264591818984,0,0,0,0.2690693446088795,45K-60K,4-8,5,4
1884,2025-07-20,3.0,91000.0,273000.0,186890.35,86109.65,0.0656618122775252,0,0,0,0.31541996336996336,80K-110K,0-4,7,2
116,2023-03-06,3.0,63500.0,190500.0,131872.6,58627.4,-1.1227542465666098,0,0,0,0.30775538057742785,60K-80K,0-4,3,1
1233,2024-09-25,8.0,38400.0,307200.0,222255.12,84944.88,-0.05782342573335678,0,0,0,0.27651328125,30K-45K,4-8,6,2
1612,2025-03-14,6.0,34600.0,207600.0,153376.1,54223.9,-0.1939181588252066,0,0,0,0.2611941233140655,30K-45K,4-8,6,2
597,2023-11-08,8.0,35300.0,282400.0,207955.74,74444.26,-0.16884807641355007,0,0,0,0.26361281869688385,30K-45K,4-8,6,3
2024,2025-09-26,3.0,84400.0,253200.0,175580.32,77619.68,-1.0767408357142503,0,0,0,0.3065548183254344,80K-110K,0-4,7,1
1930,2025-08-17,3.0,70800.0,212400.0,150476.06,61923.94,0.0713561526165309,0,0,0,0.2915439736346516,60K-80K,0-4,2,3
1358,2024-11-18,0.0,34200.0,171000.0,123566.78,47433.22,-0.20824392020329607,0,0,1,0.27738725146198834,30K-45K,0-4,6,2
209,2023-05-01,5.0,69600.0,348000.0,243228.8,104771.2,-0.10073783821413776,0,0,0,0.30106666666666665,60K-80K,4-8,3,4
1033,2024-06-17,3.0,50100.0,150300.0,108775.24,41524.76,-0.2603357106694455,0,0,0,0.2762791749833666,45K-60K,0-4,1,3
1247,2024-10-03,6.0,52000.0,312000.0,221578.82,90421.18,0.4465702699518947,0,0,0,0.28981147435897436,45K-60K,4-8,5,1
469,2023-09-14,4.0,69400.0,277600.0,198661.52,78938.48,0.01602821672284916,0,0,0,0.2843605187319885,60K-80K,0-4,2,3
540,2023-10-14,10.0,56700.0,567000.0,401682.08,165317.92,0.09308842029369924,0,0,0,0.2915659964726632,45K-60K,8-12,1,2
1540,2025-02-11,5.0,53700.0,268500.0,196133.36,72366.64,-0.06755891196227563,0,0,0,0.2695219366852886,45K-60K,4-8,1,4
836,2024-03-07,1.0,99900.0,99900.0,69665.68,30234.32,1.6061744739634043,0,0,0,0.30264584584584586,80K-110K,0-4,7,4
1941,2025-08-24,3.0,34300.0,102900.0,77240.15,25659.85,-0.2046624798587737,0,0,0,0.2493668610301263,30K-45K,0-4,6,1
240,2023-05-17,2.0,62900.0,125800.0,88867.01,36932.99,-1.2232804506668529,0,0,0,0.2935849761526232,60K-80K,0-4,3,3
1578,2025-03-01,4.0,85600.0,342400.0,241269.41,101130.59,-0.8690312633521093,0,0,0,0.2953580315420561,80K-110K,0-4,7,4
689,2023-12-26,7.0,63900.0,447300.0,316932.65,130367.35,-0.20133153143090057,0,0,0,0.29145394589760787,60K-80K,4-8,2,3
242,2023-05-18,8.0,51200.0,409600.0,303490.26,106109.74,0.19649091877883348,0,0,0,0.259056982421875,45K-60K,4-8,5,3
264,2023-06-02,6.0,47100.0,282600.0,204909.85,77690.15,-1.0851657559831054,0,0,0,0.27491206652512384,45K-60K,4-8,5,2
1939,2025-08-23,7.0,58500.0,409500.0,298703.01,110796.99,0.18947681964728416,0,0,0,0.27056652014652016,45K-60K,4-8,1,1
1962,2025-09-02,8.0,49400.0,395200.0,283825.98,111374.02,-0.2978200881958396,0,0,0,0.28181685222672065,45K-60K,4-8,1,3
1345,2024-11-13,8.0,40400.0,323200.0,239417.93,83782.07,0.013805381157090495,0,0,0,0.2592267017326733,30K-45K,4-8,6,2
178,2023-04-11,8.0,50300.0,402400.0,288755.06,113644.94,-0.24962588851904716,0,0,0,0.28241784294234595,45K-60K,4-8,1,3
937,2024-04-26,4.0,34700.0,138800.0,100386.59,38413.41,-0.19033671848068423,0,0,0,0.27675367435158504,30K-45K,0-4,6,2
307,2023-06-24,1.0,139400.0,139400.0,96410.3,42989.7,1.7249556173074463,0,0,0,0.3083909612625538,110K-145K,0-4,4,2
1013,2024-06-07,6.0,40200.0,241200.0,179676.0,61524.0,0.006642500468045767,0,0,0,0.2550746268656716,30K-45K,4-8,6,1
1226,2024-09-21,4.0,41600.0,166400.0,122876.11,43523.89,0.056782665291358864,0,0,0,0.26156183894230767,30K-45K,0-4,6,4
83,2023-02-13,1.0,72300.0,72300.0,52504.92,19795.08,0.3516300802369564,0,0,0,0.27379087136929464,60K-80K,0-4,3,1
86,2023-02-14,4.0,53500.0,214000.0,160015.06,53984.94,0.9154690534013845,0,0,0,0.25226607476635515,45K-60K,0-4,5,1
1728,2025-05-11,7.0,52400.0,366800.0,266780.13,100019.87,-0.13717275593986475,0,0,0,0.27268230643402397,45K-60K,4-8,1,1
154,2023-03-27,1.0,80100.0,80100.0,57502.12,22597.88,-1.8210334700119224,0,0,0,0.2821208489388265,80K-110K,0-4,7,2
1179,2024-08-28,7.0,70900.0,496300.0,346255.41,150044.59,0.11706893733638907,0,0,0,0.302326395325408,60K-80K,4-8,3,4
1430,2024-12-25,8.0,54600.0,436800.0,326129.62,110670.38,1.2593281612643437,0,0,0,0.2533662545787546,45K-60K,4-8,5,2
1934,2025-08-19,4.0,73500.0,294000.0,205880.69,88119.31,0.17806002898291715,0,0,0,0.29972554421768705,60K-80K,0-4,2,4
523,2023-10-10,7.0,66900.0,468300.0,336335.61,131964.39,-0.553105756665232,0,0,0,0.2817945547725817,60K-80K,4-8,3,2
1442,2025-01-01,4.0,57500.0,230000.0,166779.96,63220.04,0.13592770889529254,0,0,0,0.2748697391304348,45K-60K,0-4,1,1
1750,2025-05-22,8.0,48700.0,389600.0,289642.6,99957.4,-0.5850070536369828,0,0,0,0.2565641683778234,45K-60K,4-8,5,1
1406,2024-12-15,7.0,50000.0,350000.0,255788.93,94211.07,-0.17862810798075834,0,0,0,0.26917448571428576,45K-60K,4-8,5,1
824,2024-02-29,4.0,72000.0,288000.0,210228.33,77771.67,0.11878009766825812,0,0,0,0.27004052083333335,60K-80K,0-4,2,2
2044,2025-10-03,7.0,41400.0,289800.0,216062.32,73737.68,0.049619784602314136,0,0,0,0.25444334023464454,30K-45K,4-8,6,1
620,2023-11-19,8.0,53000.0,424000.0,299367.41,124632.59,-0.10504328948866977,0,0,0,0.29394478773584903,45K-60K,4-8,1,4
1008,2024-06-01,4.0,56300.0,225200.0,165626.95,59573.05,0.0716687759929026,0,0,0,0.26453396980461813,45K-60K,0-4,1,1
711,2024-01-03,10.0,49800.0,498000.0,354811.86,143188.14,-0.276400443895043,0,0,0,0.2875263855421687,45K-60K,8-12,1,4
1818,2025-06-21,5.0,61000.0,305000.0,217243.61,87756.39,-0.3159393986392413,0,0,0,0.287725868852459,60K-80K,4-8,2,4
739,2024-01-17,6.0,37200.0,223200.0,162467.68,60732.32,-0.10080070986762514,0,0,0,0.27209820788530464,30K-45K,4-8,6,1
1502,2025-01-26,4.0,36000.0,144000.0,108398.42,35601.58,-0.1437779940018935,0,0,0,0.24723319444444444,30K-45K,0-4,6,3
1054,2024-06-28,4.0,34500.0,138000.0,103610.1,34389.9,-0.19749959916972898,0,0,0,0.2492021739130435,30K-45K,0-4,6,4
1460,2025-01-07,5.0,45500.0,227500.0,161795.14,65704.86,-1.5853244583292276,0,0,0,0.2888125714285714,45K-60K,4-8,5,2
967,2024-05-13,4.0,174700.0,698800.0,453545.16,245254.84,1.7652728678574088,0,0,0,0.35096571265025756,145K+,0-4,8,4
524,2023-10-10,6.0,100000.0,600000.0,426057.2,173942.8,1.6234836049935828,0,0,0,0.28990466666666664,80K-110K,4-8,7,2
907,2024-04-10,5.0,65800.0,329000.0,235495.02,93504.98,-0.7374037975156778,0,0,0,0.2842096656534954,60K-80K,4-8,3,1
2156,2025-12-10,10.0,51600.0,516000.0,372474.53,143525.47,0.32153059436536413,0,0,0,0.2781501356589147,45K-60K,8-12,5,3
1723,2025-05-08,6.0,55000.0,330000.0,239644.97,90355.03,0.002054932015313479,0,0,0,0.2738031212121212,45K-60K,4-8,1,3
286,2023-06-12,6.0,74600.0,447600.0,313283.69,134316.31,0.22153197861366708,0,0,0,0.30008112153708666,60K-80K,4-8,2,1
779,2024-02-08,5.0,67700.0,338500.0,239784.22,98715.78,-0.41907081786490774,0,0,0,0.2916271196454948,60K-80K,4-8,3,1
376,2023-08-01,5.0,75000.0,375000.0,267849.61,107150.39,0.23733996029757615,0,0,0,0.28573437333333335,60K-80K,4-8,2,3
842,2024-03-09,6.0,154000.0,924000.0,593429.64,330570.36,-0.3082684085549991,0,0,0,0.35776012987012984,145K+,4-8,8,2
299,2023-06-20,6.0,39800.0,238800.0,180913.43,57886.57,-0.007683260910043688,0,0,0,0.24240607202680067,30K-45K,4-8,6,2
827,2024-03-02,5.0,37800.0,189000.0,138522.36,50477.64,-0.07931206780049097,0,0,0,0.2670774603174603,30K-45K,4-8,6,3
1273,2024-10-14,5.0,85200.0,426000.0,304810.35,121189.65,-0.938267787472823,0,0,0,0.2844827464788732,80K-110K,4-8,7,4
306,2023-06-24,5.0,51200.0,256000.0,185645.47,70354.53,-0.2014316888422547,0,0,0,0.2748223828125,45K-60K,4-8,1,4
1044,2024-06-23,2.0,68100.0,136200.0,96451.82,39748.18,-0.03534772374985532,0,0,0,0.29183685756240824,60K-80K,0-4,2,4
44,2023-01-22,3.0,92500.0,277500.0,193089.7,84410.3,0.32529877773020144,0,0,0,0.30418126126126127,80K-110K,0-4,7,4
2021,2025-09-24,7.0,36400.0,254800.0,192679.65,62120.35,-0.12945223262380406,0,0,0,0.243800431711146,30K-45K,4-8,6,3
1570,2025-02-25,7.0,53300.0,373100.0,274207.71,98892.29,0.8529492156081192,0,0,0,0.265055722326454,45K-60K,4-8,5,1
1068,2024-07-08,6.0,48400.0,290400.0,209849.4,80550.6,-0.6787868103268808,0,0,0,0.2773780991735537,45K-60K,4-8,5,3
1650,2025-04-02,6.0,39800.0,238800.0,177685.44,61114.56,-0.007683260910043688,0,0,0,0.2559236180904523,30K-45K,4-8,6,1
1580,2025-03-03,7.0,72300.0,506100.0,357683.79,148416.21,0.13063608393118992,0,0,0,0.2932547125074096,60K-80K,4-8,2,3
2196,2025-12-29,7.0,49500.0,346500.0,243180.85,103319.15,-0.29246517712064046,0,0,0,0.29817936507936504,45K-60K,4-8,1,4
2120,2025-11-20,10.0,54500.0,545000.0,394675.22,150324.78,1.228068242367711,0,0,0,0.2758252844036697,45K-60K,8-12,5,2
1957,2025-08-31,4.0,77100.0,308400.0,214833.01,93566.99,1.1558397130389015,0,0,0,0.30339490920881973,60K-80K,0-4,3,2
1624,2025-03-21,1.0,149600.0,149600.0,100200.1,49399.9,-0.7490211436378298,0,0,0,0.33021323529411767,145K+,0-4,8,4
657,2023-12-08,10.0,54400.0,544000.0,397763.05,146236.95,-0.030074534435881498,0,0,0,0.26881792279411765,45K-60K,8-12,1,3
1251,2024-10-04,8.0,70000.0,560000.0,397759.54,162240.46,0.03974018924871277,0,0,0,0.28971510714285714,60K-80K,4-8,2,4
699,2024-01-01,1.0,74900.0,74900.0,52858.6,22041.4,0.23338796487659888,0,0,0,0.29427770360480643,60K-80K,0-4,2,4
34,2023-01-18,2.0,62200.0,124400.0,86884.7,37515.3,-1.3405610221171367,0,0,0,0.30156993569131835,60K-80K,0-4,3,4
686,2023-12-25,6.0,68700.0,412200.0,298228.43,113971.57,-0.25152714436450246,0,0,0,0.27649580300824844,60K-80K,4-8,3,1
1,2023-01-01,9.0,51000.0,459000.0,337908.81,121091.19,-0.21214151099265302,0,0,0,0.26381522875816993,45K-60K,8-12,1,1
1160,2024-08-17,5.0,57600.0,288000.0,212090.73,75909.27,0.1412826199704917,0,0,0,0.2635738541666667,45K-60K,4-8,1,3
1490,2025-01-20,7.0,50700.0,354900.0,263871.23,91028.77,0.04019132429567023,0,0,0,0.2564913214990138,45K-60K,4-8,5,3
2174,2025-12-19,7.0,34300.0,240100.0,181943.97,58156.03,-0.2046624798587737,0,0,0,0.24221586838817158,30K-45K,4-8,6,3
1215,2024-09-15,4.0,73400.0,293600.0,209188.03,84411.97,0.17410803356193988,0,0,0,0.2875067098092643,60K-80K,0-4,2,3
1764,2025-05-29,2.0,87800.0,175600.0,124358.06,51241.94,-0.4882303806881842,0,0,0,0.2918105922551253,80K-110K,0-4,7,4
23,2023-01-14,7.0,47700.0,333900.0,247875.94,86024.06,-0.8976062426033093,0,0,0,0.2576342018568434,45K-60K,4-8,5,1
244,2023-05-19,7.0,47700.0,333900.0,245287.22,88612.78,-0.8976062426033093,0,0,0,0.2653871817909554,45K-60K,4-8,5,1
886,2024-04-01,5.0,63100.0,315500.0,227679.82,87820.18,-1.189771715966772,0,0,0,0.2783523930269413,60K-80K,4-8,3,4
945,2024-04-29,7.0,37900.0,265300.0,199000.36,66299.64,-0.0757306274559686,0,0,0,0.24990441010177158,30K-45K,4-8,6,2
1073,2024-07-10,4.0,46500.0,186000.0,133863.89,52136.11,-1.2727252693629012,0,0,0,0.28030166666666667,45K-60K,0-4,5,3
2071,2025-10-22,9.0,53000.0,477000.0,345810.84,131189.16,0.7591694589182213,0,0,0,0.27502968553459123,45K-60K,8-12,5,2
1420,2024-12-22,5.0,65500.0,327500.0,235873.06,91626.94,-0.7876668995657993,0,0,0,0.27977691603053434,60K-80K,4-8,3,2
1357,2024-11-18,3.0,73800.0,221400.0,153251.41,68148.59,0.6029455904875644,0,0,0,0.3078075429087624,60K-80K,0-4,3,3
1492,2025-01-21,4.0,48400.0,193600.0,135813.23,57786.77,-0.35136919894783125,0,0,0,0.2984853822314049,45K-60K,0-4,1,3
854,2024-03-16,4.0,52200.0,208800.0,149269.48,59530.52,0.5090901077451601,0,0,0,0.28510785440613023,45K-60K,0-4,5,2
1978,2025-09-09,2.0,121800.0,243600.0,162540.61,81059.39,-0.7530051117678146,0,0,0,0.33275611658456483,110K-145K,0-4,4,2
1747,2025-05-19,4.0,45900.0,183600.0,134361.96,49238.04,-1.460284782742697,0,0,0,0.268181045751634,45K-60K,0-4,5,2
983,2024-05-21,6.0,58100.0,348600.0,250777.22,97822.78,0.1680571753464875,0,0,0,0.28061612162937466,45K-60K,4-8,1,2
2029,2025-09-28,2.0,40100.0,80200.0,59826.3,20373.7,0.0030610601235234033,0,0,0,0.2540361596009975,30K-45K,0-4,6,2
2040,2025-10-02,8.0,59600.0,476800.0,339105.88,137694.12,0.24838084147447495,0,0,0,0.2887880033557047,45K-60K,4-8,1,4
1399,2024-12-11,8.0,36300.0,290400.0,217051.08,73348.92,-0.1330336729683264,0,0,0,0.2525789256198347,30K-45K,4-8,6,1
1895,2025-07-28,4.0,72900.0,291600.0,211661.05,79938.95,0.45215628433719957,0,0,0,0.2741390603566529,60K-80K,0-4,3,1
1089,2024-07-17,3.0,58400.0,175200.0,123763.69,51436.31,0.18412190857208502,0,0,0,0.29358624429223745,45K-60K,0-4,1,3
929,2024-04-22,8.0,48600.0,388800.0,276092.1,112707.9,-0.6162669725336155,0,0,0,0.28988657407407403,45K-60K,4-8,5,2
860,2024-03-20,7.0,36700.0,256900.0,188169.76,68730.24,-0.11870791159023697,0,0,0,0.2675369404437525,30K-45K,4-8,6,2
1694,2025-04-21,5.0,61900.0,309500.0,219589.16,89910.84,-0.28037143985044594,0,0,0,0.29050352180936995,60K-80K,4-8,2,1
1228,2024-09-23,4.0,70600.0,282400.0,199531.07,82868.93,0.06345216177457637,0,0,0,0.2934452195467422,60K-80K,0-4,2,1
1849,2025-07-04,9.0,67200.0,604800.0,433337.22,171462.78,-0.5028426546151104,0,0,0,0.2835032738095238,60K-80K,8-12,3,4
1707,2025-04-29,6.0,72400.0,434400.0,304748.2,129651.8,0.36838444758699695,0,0,0,0.2984617863720074,60K-80K,4-8,3,3
997,2024-05-26,1.0,81700.0,81700.0,57266.49,24433.51,-1.5440873735290677,0,0,0,0.29906376988984085,80K-110K,0-4,7,4
145,2023-03-24,9.0,54200.0,487800.0,354096.18,133703.82,-0.040784356586279824,0,0,0,0.2740955719557196,45K-60K,8-12,1,4
2168,2025-12-15,5.0,72100.0,360500.0,256310.85,104189.15,0.3181213455368754,0,0,0,0.2890128987517337,60K-80K,4-8,3,1
1249,2024-10-03,5.0,41100.0,205500.0,148469.66,57030.34,0.03887546356874704,0,0,0,0.27751990267639903,30K-45K,4-8,6,2
1522,2025-02-03,7.0,143300.0,1003100.0,642488.7,360611.3,-1.3800989234155192,0,0,0,0.35949685973482204,110K-145K,4-8,8,2
1684,2025-04-18,5.0,50600.0,253000.0,188380.05,64619.95,0.008931405399037575,0,0,0,0.2554148221343873,45K-60K,4-8,5,2
355,2023-07-24,1.0,130800.0,130800.0,89821.46,40978.54,0.5141338974183983,0,0,0,0.3132915902140673,110K-145K,0-4,4,2
414,2023-08-19,5.0,68000.0,340000.0,235793.13,104206.87,-0.03929971917083259,0,0,0,0.30649079411764707,60K-80K,4-8,2,1
963,2024-05-11,4.0,126900.0,507600.0,349361.97,158238.03,-0.0349596732289606,0,0,0,0.3117376477541371,110K-145K,0-4,4,3
231,2023-05-13,6.0,52100.0,312600.0,222300.06,90299.94,-0.15323748916546223,0,0,0,0.2888673704414587,45K-60K,4-8,1,3
1525,2025-02-05,5.0,34000.0,170000.0,126138.84,43861.16,-0.2154068008923408,0,0,0,0.2580068235294118,30K-45K,4-8,6,3
241,2023-05-18,1.0,117500.0,117500.0,77707.81,39792.19,-1.3584159717123385,0,0,0,0.3386569361702128,110K-145K,0-4,4,2
1651,2025-04-02,5.0,50400.0,252000.0,177222.21,74777.79,-0.244270977443848,0,0,0,0.2967372619047619,45K-60K,4-8,1,2
1006,2024-05-30,3.0,74100.0,222300.0,154956.72,67343.28,0.6532086925376859,0,0,0,0.3029387314439946,60K-80K,0-4,3,1
291,2023-06-16,3.0,95700.0,287100.0,197150.81,89949.19,0.8791909706959108,0,0,0,0.3133026471612679,80K-110K,0-4,7,2
2,2023-01-01,3.0,34600.0,103800.0,75602.75,28197.25,-0.1939181588252066,0,0,0,0.27164980732177263,30K-45K,0-4,6,1
1985,2025-09-12,3.0,142800.0,428400.0,277050.84,151349.16,-1.4301844614931136,0,0,0,0.3532893557422969,110K-145K,0-4,8,2
329,2023-07-08,7.0,48700.0,340900.0,244713.89,96186.11,-0.33530446572223377,0,0,0,0.28215344675858023,45K-60K,4-8,1,4
2176,2025-12-20,5.0,49600.0,248000.0,178343.57,69656.43,-0.30366778356728896,0,0,0,0.2808727016129032,45K-60K,4-8,5,1
927,2024-04-21,3.0,62800.0,188400.0,133110.64,55289.36,-1.2400348180168934,0,0,0,0.29346794055201697,60K-80K,0-4,3,3
1561,2025-02-22,4.0,53100.0,212400.0,154225.27,58174.73,0.7904293778148539,0,0,0,0.27389232580037665,45K-60K,0-4,5,2
262,2023-05-31,2.0,61200.0,122400.0,85211.07,37188.93,-0.3080354077972868,0,0,0,0.3038311274509804,60K-80K,0-4,2,1
389,2023-08-07,5.0,39900.0,199500.0,148190.25,51309.75,-0.004101820565521324,0,0,0,0.25719172932330825,30K-45K,4-8,6,4
843,2024-03-10,3.0,92800.0,278400.0,198073.74,80326.26,0.37722617082073673,0,0,0,0.28852823275862066,80K-110K,0-4,7,2
641,2023-11-30,7.0,49200.0,344400.0,243209.15,101190.85,-0.30852991034623795,0,0,0,0.2938177990708479,45K-60K,4-8,1,4
1077,2024-07-13,1.0,125400.0,125400.0,85055.24,40344.76,-0.24614950809332942,0,0,0,0.32172854864433814,110K-145K,0-4,4,4
435,2023-08-29,6.0,74600.0,447600.0,319837.15,127762.85,0.22153197861366708,0,0,0,0.28543978999106345,60K-80K,4-8,2,1
2043,2025-10-03,7.0,51800.0,362600.0,258619.3,103980.7,-0.16930222239105971,0,0,0,0.2867642029784887,45K-60K,4-8,1,2
2107,2025-11-13,6.0,63900.0,383400.0,265226.71,118173.29,-1.0557367771664476,0,0,0,0.3082245435576421,60K-80K,4-8,3,4
444,2023-09-02,1.0,36700.0,36700.0,26562.23,10137.77,-0.11870791159023697,0,0,0,0.27623351498637605,30K-45K,0-4,6,1
960,2024-05-08,5.0,51200.0,256000.0,186618.65,69381.35,0.19649091877883348,0,0,0,0.27102089843750005,45K-60K,4-8,5,1
2098,2025-11-07,10.0,40000.0,400000.0,303357.71,96642.29,-0.0005203802209989603,0,0,0,0.241605725,30K-45K,8-12,6,2
1337,2024-11-09,5.0,41200.0,206000.0,149640.98,56359.02,0.0424569039132694,0,0,0,0.27358747572815534,30K-45K,4-8,6,4
1511,2025-01-31,9.0,54800.0,493200.0,348513.78,144686.22,-0.008654890135084846,0,0,0,0.29336216545012167,45K-60K,8-12,1,3
396,2023-08-10,7.0,69800.0,488600.0,345279.46,143320.54,0.03183619840675823,0,0,0,0.293328980761359,60K-80K,4-8,2,2
2178,2025-12-22,5.0,38100.0,190500.0,144063.13,46436.87,-0.06856774676692387,0,0,0,0.2437630971128609,30K-45K,4-8,6,3
1037,2024-06-20,8.0,55000.0,440000.0,309906.89,130093.11,0.002054932015313479,0,0,0,0.2956661590909091,45K-60K,4-8,1,3
831,2024-03-04,2.0,156800.0,313600.0,202524.81,111075.19,-0.027789395320470506,0,0,0,0.35419384566326534,145K+,0-4,8,1
953,2024-05-05,1.0,70800.0,70800.0,51048.26,19751.74,0.10031456998634855,0,0,0,0.27897937853107346,60K-80K,0-4,3,4
239,2023-05-17,5.0,38800.0,194000.0,142487.25,51512.75,-0.04349766435526733,0,0,0,0.26552963917525774,30K-45K,4-8,6,2
957,2024-05-07,6.0,46900.0,281400.0,205153.64,76246.36,-1.1476855937763706,0,0,0,0.27095366027007817,45K-60K,4-8,5,1
1654,2025-04-03,8.0,63800.0,510400.0,362697.78,147702.22,-0.20528352685187784,0,0,0,0.28938522727272725,60K-80K,4-8,2,2
1321,2024-11-02,3.0,55100.0,165300.0,118826.68,46473.32,1.415627755747507,0,0,0,0.2811453115547489,45K-60K,0-4,5,2
437,2023-08-30,7.0,74300.0,520100.0,364527.28,155572.72,0.686717427237767,0,0,0,0.29912078446452606,60K-80K,4-8,3,2
1559,2025-02-22,6.0,51800.0,310800.0,223662.0,87138.0,0.38405043215862944,0,0,0,0.2803667953667954,45K-60K,4-8,5,3
578,2023-10-31,4.0,49600.0,198400.0,139535.08,58864.92,-0.2871102660454413,0,0,0,0.29669818548387095,45K-60K,0-4,1,1
1150,2024-08-13,7.0,56800.0,397600.0,289517.17,108082.83,0.0984433313688984,0,0,0,0.2718381036217304,45K-60K,4-8,1,4
919,2024-04-16,3.0,65800.0,197400.0,140768.91,56631.09,-0.12624361843233248,0,0,0,0.28688495440729483,60K-80K,0-4,2,4
1788,2025-06-10,2.0,39200.0,78400.0,59395.06,19004.94,-0.02917190297717787,0,0,0,0.2424099489795918,30K-45K,0-4,6,3
2105,2025-11-12,8.0,53100.0,424800.0,302508.92,122291.08,0.7904293778148539,0,0,0,0.2878791902071563,45K-60K,4-8,5,2
502,2023-09-29,2.0,85000.0,170000.0,120778.02,49221.98,-0.9728860495331799,0,0,0,0.28954105882352943,80K-110K,0-4,7,2
349,2023-07-19,1.0,89100.0,89100.0,62246.67,26853.33,-0.26321167729586475,0,0,0,0.3013841750841751,80K-110K,0-4,7,3
383,2023-08-06,4.0,52900.0,211600.0,152414.17,59185.83,0.7279095400215886,0,0,0,0.279706190926276,45K-60K,0-4,5,1
