Record_ID,Date,Model,Region,Units_Sold,Price,Revenue,Cost,Profit
509,2023-10-02,Mercedes GLC,West,8.0,52100.0,416800.0,294901.44,121898.56
1435,2024-12-27,Mercedes GLC,West,7.0,52300.0,366100.0,260809.37,105290.63
915,2024-04-13,Mercedes E-Class,North,3.0,74400.0,223200.0,161471.44,61728.56
1550,2025-02-17,Mercedes E-Class,West,5.0,75000.0,375000.0,271360.26,103639.74
1592,2025-03-07,Mercedes E-Class,East,3.0,70200.0,210600.0,151545.61,59054.39
1418,2024-12-21,Mercedes GLC,East,9.0,57900.0,521100.0,372545.11,148554.89
1900,2025-07-29,Mercedes GLE,North,5.0,73500.0,367500.0,256191.48,111308.52
707,2024-01-02,Mercedes S-Class,South,4.0,138300.0,553200.0,387139.06,166060.94
73,2023-02-07,Mercedes E-Class,West,5.0,68300.0,341500.0,236347.24,105152.76
569,2023-10-28,Mercedes C-Class,North,6.0,46600.0,279600.0,199385.97,80214.03
1172,2024-08-24,Mercedes A-Class,South,6.0,38900.0,233400.0,177110.88,56289.12
272,2023-06-05,Mercedes GLC,North,9.0,52300.0,470700.0,339144.83,131555.17
2079,2025-10-28,Mercedes GLE,South,6.0,63600.0,381600.0,275629.59,105970.41
1712,2025-05-01,Mercedes GLC,West,5.0,57900.0,289500.0,211847.41,77652.59
1116,2024-07-29,Mercedes C-Class,South,6.0,47300.0,283800.0,203619.75,80180.25
1555,2025-02-20,Mercedes E-Class,South,3.0,66000.0,198000.0,143467.5,54532.5
650,2023-12-06,Mercedes C-Class,East,5.0,52900.0,264500.0,188257.27,76242.73
1031,2024-06-16,Mercedes GLS,North,2.0,87600.0,175200.0,120619.32,54580.68
2087,2025-11-04,Mercedes GLE,West,8.0,72100.0,576800.0,416741.29,160058.71
503,2023-09-29,Mercedes S-Class,East,5.0,120100.0,600500.0,397207.99,203292.01
783,2024-02-10,Mercedes GLE,North,2.0,75200.0,150400.0,107654.43,42745.57
2190,2025-12-27,Mercedes G-Class,East,1.0,161500.0,161500.0,103372.63,58127.37
1591,2025-03-06,Mercedes GLE,West,6.0,78000.0,468000.0,323311.94,144688.06
872,2024-03-27,Mercedes E-Class,South,7.0,65900.0,461300.0,329355.74,131944.26
394,2023-08-09,Mercedes GLE,North,3.0,62500.0,187500.0,132893.12,54606.88
363,2023-07-27,Mercedes E-Class,South,3.0,60800.0,182400.0,128356.28,54043.72
877,2024-03-29,Mercedes GLC,East,9.0,56900.0,512100.0,370433.31,141666.69
226,2023-05-11,Mercedes GLE,East,3.0,70300.0,210900.0,150453.71,60446.29
1171,2024-08-23,Mercedes GLC,East,4.0,49400.0,197600.0,145413.26,52186.74
910,2024-04-11,Mercedes C-Class,North,6.0,55000.0,330000.0,239680.75,90319.25
966,2024-05-12,Mercedes GLE,East,5.0,71200.0,356000.0,247617.08,108382.92
819,2024-02-26,Mercedes A-Class,North,4.0,38000.0,152000.0,115003.81,36996.19
847,2024-03-11,Mercedes E-Class,West,3.0,73600.0,220800.0,161172.77,59627.23
1070,2024-07-09,Mercedes C-Class,East,7.0,54800.0,383600.0,284339.27,99260.73
78,2023-02-10,Mercedes GLC,West,5.0,58300.0,291500.0,204118.75,87381.25
258,2023-05-26,Mercedes GLC,East,4.0,54800.0,219200.0,154555.22,64644.78
471,2023-09-15,Mercedes GLE,North,3.0,66900.0,200700.0,143587.19,57112.81
1212,2024-09-14,Mercedes A-Class,West,,37700.0,301600.0,219126.81,82473.19
259,2023-05-26,Mercedes E-Class,West,5.0,69200.0,346000.0,246072.04,99927.96
441,2023-08-31,Mercedes A-Class,South,3.0,36300.0,108900.0,79145.56,29754.44
1721,2025-05-07,Mercedes G-Class,North,2.0,154200.0,308400.0,209647.28,98752.72
1910,2025-08-04,Mercedes A-Class,West,2.0,37300.0,74600.0,54271.75,20328.25
1164,2024-08-20,Mercedes C-Class,South,6.0,49600.0,297600.0,220571.23,77028.77
1531,2025-02-07,Mercedes E-Class,North,5.0,71600.0,358000.0,261213.47,96786.53
931,2024-04-25,Mercedes G-Class,North,2.0,171100.0,342200.0,220864.97,121335.03
1320,2024-11-01,Mercedes GLS,North,5.0,98700.0,493500.0,349815.08,143684.92
1785,2025-06-09,Mercedes GLC,West,6.0,54300.0,325800.0,236394.33,89405.67
103,2023-02-24,Mercedes E-Class,West,6.0,69000.0,414000.0,290057.18,123942.82
1868,2025-07-14,Mercedes GLC,North,7.0,58000.0,406000.0,289114.69,116885.31
1206,2024-09-12,Mercedes C-Class,West,4.0,55500.0,222000.0,157756.16,64243.84
624,2023-11-21,Mercedes GLE,South,4.0,71100.0,284400.0,203895.22,80504.78
399,2023-08-11,Mercedes GLS,North,1.0,95300.0,95300.0,65616.78,29683.22
1260,2024-10-09,Mercedes C-Class,West,5.0,46700.0,233500.0,166422.79,67077.21
318,2023-07-01,Mercedes C-Class,North,7.0,55500.0,388500.0,275884.69,112615.31
1383,2024-12-03,Mercedes GLC,South,9.0,60000.0,540000.0,392365.69,147634.31
1198,2024-09-08,Mercedes E-Class,West,3.0,67400.0,202200.0,144149.81,58050.19
2112,2025-11-15,Mercedes C-Class,South,6.0,53200.0,319200.0,227904.7,91295.3
710,2024-01-03,Mercedes GLS,South,2.0,98000.0,196000.0,140420.93,55579.07
1925,2025-08-15,Mercedes E-Class,West,5.0,64000.0,320000.0,228965.46,91034.54
717,2024-01-07,Mercedes A-Class,East,5.0,35500.0,177500.0,133869.59,43630.41
688,2023-12-26,Mercedes C-Class,West,6.0,46300.0,277800.0,199058.51,78741.49
2101,2025-11-08,Mercedes GLC,West,5.0,52500.0,262500.0,189198.37,73301.63
2005,2025-09-19,Mercedes GLE,North,4.0,68400.0,273600.0,193467.12,80132.88
2160,2025-12-11,Mercedes S-Class,East,3.0,127100.0,381300.0,259039.94,122260.06
413,2023-08-17,Mercedes G-Class,South,1.0,146600.0,146600.0,97590.49,49009.51
2144,2025-12-03,Mercedes C-Class,East,7.0,52000.0,364000.0,262422.09,101577.91
1725,2025-05-08,Mercedes GLC,East,6.0,50400.0,302400.0,221102.48,81297.52
806,2024-02-18,Mercedes GLE,South,7.0,77200.0,540400.0,384867.48,155532.52
508,2023-09-30,Mercedes GLC,East,6.0,56700.0,340200.0,240738.65,99461.35
1669,2025-04-07,Mercedes E-Class,West,6.0,66700.0,400200.0,288757.77,111442.23
1220,2024-09-18,Mercedes GLC,East,7.0,56300.0,394100.0,288602.58,105497.42
2067,2025-10-20,Mercedes E-Class,North,8.0,69000.0,552000.0,386221.99,165778.01
1738,2025-05-17,Mercedes S-Class,North,4.0,135700.0,542800.0,361088.36,181711.64
1989,2025-09-14,Mercedes E-Class,North,3.0,65600.0,196800.0,138274.96,58525.04
122,2023-03-08,Mercedes GLE,North,2.0,67700.0,135400.0,97084.65,38315.35
1061,2024-07-04,Mercedes GLE,South,1.0,72000.0,72000.0,50760.5,21239.5
1872,2025-07-16,Mercedes C-Class,North,7.0,46900.0,328300.0,237385.52,90914.48
1923,2025-08-14,Mercedes GLC,South,9.0,58400.0,525600.0,381505.28,144094.72
1599,2025-03-09,Mercedes GLC,North,7.0,57900.0,405300.0,293847.74,111452.26
1532,2025-02-07,Mercedes GLE,West,1.0,76700.0,76700.0,53327.05,23372.95
1315,2024-10-30,Mercedes E-Class,North,3.0,65600.0,196800.0,136947.22,59852.78
635,2023-11-28,Mercedes GLE,South,1.0,63600.0,63600.0,45921.37,17678.63
1060,2024-07-03,Mercedes GLC,South,9.0,51900.0,467100.0,331556.83,135543.17
1318,2024-10-31,Mercedes E-Class,West,3.0,66800.0,200400.0,138495.24,61904.76
1419,2024-12-21,Mercedes E-Class,West,5.0,,314500.0,222496.48,92003.52
1537,2025-02-09,Mercedes GLC,North,7.0,53100.0,371700.0,272360.74,99339.26
237,2023-05-16,Mercedes C-Class,East,2.0,48400.0,96800.0,69652.0,27148.0
304,2023-06-23,Mercedes A-Class,East,4.0,39900.0,159600.0,118449.76,41150.24
1855,2025-07-10,Mercedes A-Class,North,3.0,41600.0,124800.0,92721.02,32078.98
949,2024-05-02,Mercedes GLC,West,10.0,49600.0,496000.0,366067.19,129932.81
573,2023-10-30,Mercedes E-Class,West,4.0,72300.0,289200.0,202349.73,86850.27
618,2023-11-18,Mercedes GLS,West,3.0,94600.0,283800.0,201023.07,82776.93
2159,2025-12-11,Mercedes GLC,East,8.0,51100.0,408800.0,290550.75,118249.25
1687,2025-04-18,Mercedes GLE,North,6.0,68200.0,409200.0,283097.98,126102.02
1178,2024-08-27,Mercedes GLC,West,8.0,59500.0,476000.0,350605.78,125394.22
1797,2025-06-14,Mercedes GLS,East,2.0,92700.0,185400.0,132790.03,52609.97
35,2023-01-18,Mercedes E-Class,North,5.0,61000.0,305000.0,218506.55,86493.45
581,2023-11-02,Mercedes A-Class,North,7.0,38400.0,268800.0,195128.3,73671.7
871,2024-03-26,Mercedes GLC,South,8.0,56800.0,454400.0,321818.9,132581.1
1854,2025-07-09,Mercedes E-Class,West,4.0,74800.0,299200.0,216933.08,82266.92
313,2023-06-29,Mercedes GLS,South,3.0,85600.0,256800.0,183711.15,73088.85
867,2024-03-24,Mercedes E-Class,North,6.0,60500.0,363000.0,260321.82,102678.18
457,2023-09-06,Mercedes E-Class,East,4.0,72700.0,290800.0,206146.13,84653.87
1714,2025-05-01,Mercedes E-Class,North,4.0,74100.0,296400.0,211117.78,85282.22
728,2024-01-11,Mercedes GLE,East,1.0,73600.0,73600.0,52283.6,21316.4
1662,2025-04-05,Mercedes C-Class,South,5.0,45400.0,227000.0,168908.81,58091.19
1146,2024-08-12,Mercedes GLE,South,3.0,,219900.0,154264.06,65635.94
1086,2024-07-16,Mercedes S-Class,West,6.0,127300.0,763800.0,512670.71,251129.29
541,2023-10-14,Mercedes C-Class,East,8.0,51300.0,410400.0,302794.79,107605.21
357,2023-07-25,Mercedes GLS,East,2.0,96500.0,193000.0,133956.33,59043.67
530,2023-10-12,Mercedes GLS,North,2.0,91600.0,183200.0,125516.52,57683.48
419,2023-08-23,Mercedes A-Class,North,4.0,38500.0,154000.0,112222.66,41777.34
970,2024-05-14,Mercedes C-Class,West,10.0,55100.0,551000.0,409293.5,141706.5
914,2024-04-11,Mercedes C-Class,South,8.0,50100.0,400800.0,289906.85,110893.15
1551,2025-02-18,Mercedes GLC,West,2.0,56600.0,113200.0,81829.72,31370.28
646,2023-12-04,Mercedes C-Class,South,5.0,48500.0,242500.0,181822.28,60677.72
1727,2025-05-10,Mercedes G-Class,East,3.0,153100.0,459300.0,310327.58,148972.42
1286,2024-10-20,Mercedes GLE,North,0.0,67500.0,202500.0,139853.58,62646.42
2146,2025-12-06,Mercedes A-Class,East,7.0,40300.0,282100.0,209505.45,72594.55
516,2023-10-05,Mercedes S-Class,East,4.0,119100.0,476400.0,328050.59,148349.41
1642,2025-03-30,Mercedes GLC,South,6.0,59100.0,354600.0,251767.32,102832.68
1762,2025-05-28,Mercedes C-Class,North,8.0,54300.0,434400.0,325357.72,109042.28
676,2023-12-20,Mercedes A-Class,East,7.0,36800.0,257600.0,190067.7,67532.3
311,2023-06-28,Mercedes GLS,East,1.0,99500.0,99500.0,70060.62,29439.38
1084,2024-07-16,Mercedes GLC,South,6.0,440800.0,330600.0,237526.08,93073.92
529,2023-10-12,Mercedes C-Class,North,5.0,47100.0,235500.0,170827.89,64672.11
1316,2024-10-30,Mercedes GLC,North,7.0,56300.0,394100.0,290217.54,103882.46
1125,2024-08-02,Mercedes E-Class,South,5.0,65800.0,329000.0,227699.13,101300.87
1035,2024-06-18,Mercedes E-Class,West,5.0,69800.0,349000.0,254102.54,94897.46
552,2023-10-19,Mercedes C-Class,North,6.0,49500.0,297000.0,220703.57,76296.43
748,2024-01-21,Mercedes A-Class,West,2.0,36600.0,73200.0,54096.64,19103.36
640,2023-11-30,Mercedes C-Class,South,7.0,54400.0,380800.0,273739.62,107060.38
808,2024-02-20,Mercedes GLE,South,2.0,64800.0,129600.0,89627.89,39972.11
1622,2025-03-19,Mercedes GLC,South,5.0,59600.0,298000.0,216241.3,81758.7
1244,2024-10-01,Mercedes C-Class,North,6.0,50700.0,304200.0,225193.74,79006.26
758,2024-01-26,Mercedes E-Class,East,3.0,60300.0,180900.0,129817.46,51082.54
1931,2025-08-18,Mercedes C-Class,West,3.0,54900.0,164700.0,118215.18,46484.82
338,2023-07-15,Mercedes C-Class,West,6.0,54800.0,328800.0,245301.54,83498.46
1789,2025-06-10,Mercedes GLE,East,2.0,72400.0,144800.0,100943.05,43856.95
217,2023-05-07,Mercedes G-Class,West,1.0,161400.0,161400.0,104035.04,57364.96
2062,2025-10-16,Mercedes GLC,South,6.0,53900.0,323400.0,229764.9,93635.1
638,2023-11-29,Mercedes E-Class,South,7.0,61600.0,431200.0,312639.07,118560.93
334,2023-07-10,Mercedes GLS,North,3.0,88000.0,264000.0,185376.06,78623.94
690,2023-12-29,Mercedes C-Class,West,2.0,54700.0,109400.0,77782.47,31617.53
423,2023-08-26,Mercedes GLE,South,4.0,63500.0,254000.0,183916.31,70083.69
971,2024-05-16,Mercedes C-Class,North,4.0,55800.0,223200.0,162537.96,60662.04
2115,2025-11-17,Mercedes GLC,South,8.0,50400.0,403200.0,288694.5,114505.5
784,2024-02-10,Mercedes GLE,South,5.0,69800.0,349000.0,249915.39,99084.61
1081,2024-07-13,Mercedes C-Class,West,6.0,45400.0,272400.0,196399.87,76000.13
1264,2024-10-11,Mercedes GLE,West,7.0,77200.0,540400.0,388423.83,151976.17
208,2023-05-01,Mercedes GLS,West,5.0,95300.0,476500.0,328823.57,147676.43
2148,2025-12-06,Mercedes C-Class,East,8.0,52100.0,416800.0,307871.99,108928.01
1681,2025-04-16,Mercedes A-Class,East,9.0,36100.0,324900.0,234020.45,90879.55
1105,2024-07-24,Mercedes A-Class,East,2.0,35200.0,70400.0,51597.72,18802.28
1780,2025-06-06,Mercedes GLC,South,6.0,57100.0,342600.0,251051.85,91548.15
750,2024-01-22,Mercedes GLE,East,1.0,68600.0,68600.0,48872.16,19727.84
1324,2024-11-04,Mercedes C-Class,North,9.0,47400.0,426600.0,312569.3,114030.7
1933,2025-08-18,Mercedes A-Class,South,4.0,38600.0,154400.0,117206.65,37193.35
832,2024-03-05,Mercedes C-Class,South,5.0,52700.0,263500.0,194776.34,68723.66
1052,2024-06-28,Mercedes C-Class,South,3.0,46300.0,138900.0,102406.73,36493.27
1148,2024-08-12,Mercedes GLE,North,3.0,73700.0,221100.0,156280.24,64819.76
1275,2024-10-14,Mercedes GLE,West,5.0,75800.0,379000.0,263458.45,115541.55
230,2023-05-13,Mercedes C-Class,North,8.0,54800.0,438400.0,314894.08,123505.92
1325,2024-11-04,Mercedes E-Class,North,8.0,61500.0,492000.0,353827.85,138172.15
2042,2025-10-02,Mercedes A-Class,West,6.0,35500.0,213000.0,156804.51,56195.49
56,2023-01-27,Mercedes C-Class,East,7.0,53200.0,372400.0,267429.19,104970.81
369,2023-07-30,Mercedes A-Class,South,6.0,34200.0,205200.0,148136.62,57063.38
2001,2025-09-19,Mercedes GLC,East,5.0,52100.0,260500.0,185167.94,75332.06
1265,2024-10-11,Mercedes C-Class,South,7.0,54700.0,382900.0,272377.93,110522.07
771,2024-02-03,Mercedes GLE,South,4.0,71400.0,285600.0,204317.47,81282.53
1346,2024-11-13,Mercedes GLC,West,6.0,49800.0,298800.0,220328.34,78471.66
2045,2025-10-03,Mercedes GLS,West,2.0,89400.0,178800.0,124537.5,54262.5
1135,2024-08-05,Mercedes E-Class,South,6.0,64800.0,388800.0,268709.74,120090.26
110,2023-02-28,Mercedes A-Class,North,6.0,41100.0,246600.0,177889.57,68710.43
1155,2024-08-15,Mercedes C-Class,South,7.0,46600.0,326200.0,238370.82,87829.18
346,2023-07-18,Mercedes C-Class,North,5.0,45300.0,226500.0,168037.82,58462.18
267,2023-06-03,Mercedes C-Class,East,4.0,51300.0,205200.0,150996.59,54203.41
2139,2025-12-01,Mercedes C-Class,North,8.0,52700.0,421600.0,313403.47,108196.53
1201,2024-09-09,Mercedes S-Class,North,1.0,130200.0,130200.0,87918.4,42281.6
335,2023-07-10,Mercedes GLC,West,6.0,59600.0,357600.0,257567.88,100032.12
1272,2024-10-13,Mercedes GLC,West,5.0,49200.0,246000.0,174412.28,71587.72
1891,2025-07-26,Mercedes C-Class,South,6.0,52900.0,317400.0,233378.14,84021.86
1676,2025-04-12,Mercedes C-Class,West,4.0,47900.0,191600.0,141571.6,50028.4
1350,2024-11-14,Mercedes E-Class,North,4.0,69500.0,278000.0,199986.9,78013.1
1528,2025-02-06,Mercedes C-Class,South,5.0,54500.0,272500.0,203892.26,68607.74
135,2023-03-17,Mercedes A-Class,North,2.0,41700.0,83400.0,60774.72,22625.28
947,2024-04-30,Mercedes S-Class,East,2.0,135300.0,270600.0,188235.39,82364.61
715,2024-01-05,Mercedes C-Class,South,5.0,51500.0,257500.0,184814.54,72685.46
1280,2024-10-16,Mercedes A-Class,East,6.0,41300.0,247800.0,182262.84,65537.16
2052,2025-10-08,Mercedes GLC,North,4.0,53300.0,213200.0,155504.11,57695.89
373,2023-08-01,Mercedes E-Class,South,2.0,64100.0,128200.0,89818.98,38381.02
1802,2025-06-16,Mercedes E-Class,East,2.0,63700.0,127400.0,89234.62,38165.38
2182,2025-12-24,Mercedes E-Class,West,5.0,67500.0,337500.0,234461.47,103038.53
1293,2024-10-23,Mercedes GLS,South,2.0,96600.0,193200.0,133986.17,59213.83
1386,2024-12-05,Mercedes GLC,East,8.0,53100.0,424800.0,310034.93,114765.07
2106,2025-11-12,Mercedes C-Class,West,8.0,47100.0,376800.0,267779.99,109020.01
1250,2024-10-03,Mercedes E-Class,North,5.0,74300.0,371500.0,264907.98,106592.02
1718,2025-05-06,Mercedes C-Class,East,5.0,47000.0,235000.0,174299.16,60700.84
660,2023-12-09,Mercedes GLS,East,5.0,80900.0,404500.0,283352.25,121147.75
99,2023-02-22,Mercedes C-Class,South,4.0,55200.0,220800.0,161853.44,58946.56
1269,2024-10-12,Mercedes S-Class,West,6.0,119800.0,718800.0,490456.51,228343.49
1898,2025-07-28,Mercedes C-Class,East,8.0,48600.0,388800.0,276998.35,111801.65
2189,2025-12-27,Mercedes A-Class,East,8.0,41200.0,329600.0,243270.88,86329.12
1998,2025-09-17,Mercedes S-Class,North,1.0,124400.0,124400.0,84970.37,39429.63
1066,2024-07-06,Mercedes GLC,West,3.0,58300.0,174900.0,122965.38,51934.62
852,2024-03-15,Mercedes E-Class,South,5.0,66800.0,334000.0,240412.67,93587.33
1248,2024-10-03,Mercedes G-Class,North,4.0,148600.0,594400.0,385683.0,208717.0
1569,2025-02-25,Mercedes G-Class,North,4.0,157300.0,629200.0,424402.27,204797.73
63,2023-02-01,Mercedes S-Class,West,1.0,119200.0,119200.0,82063.87,37136.13
1263,2024-10-10,Mercedes E-Class,South,9.0,60200.0,541800.0,384665.99,157134.01
2103,2025-11-12,Mercedes GLE,West,8.0,63800.0,510400.0,368984.14,141415.86
132,2023-03-15,Mercedes GLC,North,7.0,53600.0,375200.0,275143.09,100056.91
1981,2025-09-10,Mercedes C-Class,South,5.0,49100.0,245500.0,179665.9,65834.1
108,2023-02-27,Mercedes GLE,West,2.0,73300.0,146600.0,101987.29,44612.71
1646,2025-04-01,Mercedes E-Class,South,5.0,64500.0,322500.0,235047.88,87452.12
1112,2024-07-26,Mercedes GLS,West,4.0,89300.0,357200.0,244013.82,113186.18
1436,2024-12-28,Mercedes A-Class,North,4.0,35300.0,141200.0,105124.4,36075.6
430,2023-08-29,Mercedes S-Class,South,2.0,131200.0,262400.0,174800.08,87599.92
1388,2024-12-05,Mercedes C-Class,West,5.0,47300.0,236500.0,176482.24,60017.76
1726,2025-05-09,Mercedes GLC,West,6.0,57900.0,347400.0,255708.75,91691.25
3,2023-01-02,Mercedes GLC,East,4.0,59200.0,236800.0,172390.92,64409.08
1659,2025-04-04,Mercedes GLC,North,5.0,48400.0,242000.0,174563.96,67436.04
1271,2024-10-13,Mercedes E-Class,East,5.0,69000.0,345000.0,251532.35,93467.65
432,2023-08-29,Mercedes GLS,South,3.0,95500.0,286500.0,197535.4,88964.6
1458,2025-01-07,Mercedes E-Class,West,8.0,73000.0,584000.0,418130.24,165869.76
1958,2025-08-31,Mercedes C-Class,West,8.0,52600.0,420800.0,302954.49,117845.51
2061,2025-10-16,Mercedes C-Class,West,7.0,47200.0,330400.0,241497.9,88902.1
1447,2025-01-02,Mercedes GLC,West,,51700.0,413600.0,291958.74,121641.26
20,2023-01-11,Mercedes GLE,West,2.0,76900.0,153800.0,111462.03,42337.97
1658,2025-04-04,Mercedes GLC,East,4.0,49200.0,196800.0,144120.52,52679.48
227,2023-05-11,Mercedes GLE,North,3.0,76800.0,230400.0,160265.42,70134.58
1949,2025-08-27,Mercedes GLC,South,9.0,56500.0,508500.0,358221.41,150278.59
1800,2025-06-15,Mercedes GLC,South,5.0,58700.0,293500.0,214311.01,79188.99
702,2024-01-01,Mercedes GLC,South,5.0,54100.0,270500.0,191670.82,78829.18
596,2023-11-08,Mercedes E-Class,East,8.0,71700.0,573600.0,398233.76,175366.24
161,2023-04-02,Mercedes E-Class,North,4.0,61500.0,246000.0,177971.0,68029.0
1777,2025-06-03,Mercedes GLS,North,1.0,81300.0,81300.0,57487.44,23812.56
1836,2025-06-30,Mercedes A-Class,North,7.0,42000.0,294000.0,223282.12,70717.88
2083,2025-11-01,Mercedes C-Class,South,4.0,52200.0,208800.0,151665.09,57134.91
2020,2025-09-24,Mercedes C-Class,West,6.0,46500.0,279000.0,207846.24,71153.76
1332,2024-11-08,Mercedes C-Class,West,9.0,55800.0,502200.0,376390.57,125809.43
1189,2024-09-03,Mercedes C-Class,North,8.0,51200.0,409600.0,292574.01,117025.99
733,2024-01-13,Mercedes GLC,West,4.0,50200.0,200800.0,146482.7,54317.3
205,2023-04-29,Mercedes E-Class,East,5.0,74700.0,373500.0,272356.9,101143.1
786,2024-02-11,Mercedes S-Class,South,1.0,116900.0,116900.0,77630.49,39269.51
1928,2025-08-16,Mercedes GLC,West,5.0,49600.0,248000.0,175006.61,72993.39
1943,2025-08-25,Mercedes GLC,North,7.0,56000.0,392000.0,287435.52,104564.48
634,2023-11-27,Mercedes GLE,North,5.0,62200.0,311000.0,225996.02,85003.98
1754,2025-05-23,Mercedes GLC,North,4.0,56800.0,227200.0,161720.43,65479.57
892,2024-04-06,Mercedes E-Class,West,7.0,62400.0,436800.0,302679.85,134120.15
521,2023-10-09,Mercedes A-Class,North,5.0,40700.0,203500.0,148403.87,55096.13
2181,2025-12-22,Mercedes GLC,South,6.0,53700.0,322200.0,228250.24,93949.76
1539,2025-02-11,Mercedes GLC,South,5.0,53500.0,267500.0,194713.23,72786.77
735,2024-01-14,Mercedes GLS,North,1.0,97900.0,97900.0,69296.18,28603.82
561,2023-10-24,Mercedes GLS,South,3.0,86100.0,258300.0,178902.16,79397.84
1722,2025-05-08,Mercedes GLC,West,5.0,54500.0,272500.0,198757.51,73742.49
622,2023-11-20,Mercedes GLC,South,7.0,48900.0,342300.0,252552.17,89747.83
1908,2025-08-03,Mercedes GLE,East,5.0,77100.0,385500.0,278813.37,106686.63
1446,2025-01-02,Mercedes A-Class,North,5.0,35500.0,177500.0,133539.74,43960.26
1590,2025-03-06,Mercedes GLC,North,6.0,58500.0,351000.0,252277.58,98722.42
273,2023-06-07,Mercedes A-Class,East,5.0,38000.0,190000.0,140681.94,49318.06
214,2023-05-04,Mercedes E-Class,South,7.0,69100.0,483700.0,348072.25,135627.75
855,2024-03-16,Mercedes A-Class,North,5.0,41100.0,205500.0,154304.18,51195.82
479,2023-09-18,Mercedes G-Class,North,1.0,141100.0,141100.0,90931.1,50168.9
60,2023-01-31,Mercedes GLS,North,2.0,99400.0,198800.0,142550.47,56249.53
734,2024-01-13,Mercedes E-Class,East,3.0,64800.0,194400.0,140976.07,53423.93
1338,2024-11-09,Mercedes A-Class,East,1.0,41000.0,41000.0,31010.56,9989.44
1055,2024-06-30,Mercedes GLE,East,4.0,74300.0,297200.0,209112.01,88087.99
1281,2024-10-16,Mercedes G-Class,North,3.0,151300.0,453900.0,304221.27,149678.73
1231,2024-09-24,Mercedes A-Class,South,4.0,34100.0,136400.0,100153.88,36246.12
1440,2024-12-31,Mercedes G-Class,East,1.0,147800.0,147800.0,98073.87,49726.13
115,2023-03-02,Mercedes A-Class,East,4.0,41200.0,164800.0,123788.12,41011.88
1838,2025-06-30,Mercedes GLS,West,5.0,82700.0,413500.0,290952.34,122547.66
996,2024-05-26,Mercedes A-Class,West,7.0,40700.0,284900.0,208433.58,76466.42
2172,2025-12-17,Mercedes GLE,West,2.0,72900.0,145800.0,100849.02,44950.98
515,2023-10-05,Mercedes C-Class,West,8.0,48900.0,391200.0,287708.0,103492.0
347,2023-07-18,Mercedes E-Class,West,5.0,63200.0,316000.0,224613.74,91386.26
576,2023-10-30,Mercedes GLC,West,7.0,53400.0,373800.0,267371.95,106428.05
250,2023-05-23,Mercedes E-Class,North,5.0,73500.0,367500.0,258246.45,109253.55
1192,2024-09-03,Mercedes GLC,North,3.0,56400.0,169200.0,124985.69,44214.31
481,2023-09-19,Mercedes A-Class,North,7.0,38000.0,266000.0,201876.67,64123.33
1664,2025-04-06,Mercedes S-Class,West,1.0,115500.0,115500.0,77266.36,38233.64
1791,2025-06-11,Mercedes E-Class,North,4.0,70200.0,280800.0,201427.06,79372.94
2192,2025-12-28,Mercedes C-Class,North,6.0,54000.0,324000.0,241927.68,82072.32
1438,2024-12-29,Mercedes A-Class,West,7.0,35800.0,250600.0,190107.44,60492.56
1633,2025-03-25,Mercedes C-Class,South,7.0,50300.0,352100.0,251714.55,100385.45
136,2023-03-20,Mercedes E-Class,East,7.0,67800.0,474600.0,336047.36,138552.64
480,2023-09-19,Mercedes E-Class,South,8.0,72800.0,582400.0,424404.19,157995.81
948,2024-05-01,Mercedes E-Class,North,7.0,67600.0,473200.0,334496.77,138703.23
2014,2025-09-22,Mercedes G-Class,North,1.0,156600.0,156600.0,102335.16,54264.84
829,2024-03-03,Mercedes GLC,West,5.0,52600.0,263000.0,186263.25,76736.75
1372,2024-11-26,Mercedes C-Class,West,4.0,48900.0,195600.0,140295.32,55304.68
142,2023-03-23,Mercedes GLS,West,4.0,87300.0,349200.0,247465.81,101734.19
1176,2024-08-26,Mercedes C-Class,East,5.0,54200.0,271000.0,192666.68,78333.32
1235,2024-09-27,Mercedes C-Class,North,8.0,50700.0,405600.0,292085.76,113514.24
627,2023-11-24,Mercedes GLC,West,8.0,59400.0,475200.0,546480.0,-71280.0
1491,2025-01-21,Mercedes GLC,North,5.0,58700.0,293500.0,208383.32,85116.68
1746,2025-05-18,Mercedes A-Class,West,5.0,40900.0,204500.0,155001.99,49498.01
2173,2025-12-17,Mercedes G-Class,East,1.0,157400.0,157400.0,105976.81,51423.19
2059,2025-10-15,Mercedes GLC,North,9.0,52400.0,471600.0,345160.1,126439.9
131,2023-03-14,Mercedes E-Class,East,5.0,70100.0,350500.0,241966.53,108533.47
327,2023-07-05,Mercedes GLE,North,3.0,66900.0,200700.0,144631.03,56068.97
125,2023-03-09,Mercedes S-Class,West,2.0,119500.0,239000.0,274850.0,-35850.0
875,2024-03-28,Mercedes S-Class,South,3.0,120500.0,361500.0,249402.25,112097.75
149,2023-03-26,Mercedes GLE,West,3.0,63600.0,190800.0,138095.23,52704.77
196,2023-04-24,Mercedes E-Class,South,2.0,71200.0,142400.0,98783.17,43616.83
924,2024-04-19,Mercedes C-Class,North,3.0,54900.0,164700.0,119390.98,45309.02
778,2024-02-08,Mercedes GLC,East,4.0,52400.0,209600.0,147306.66,62293.34
1850,2025-07-06,Mercedes E-Class,South,4.0,74200.0,296800.0,207715.15,89084.85
2026,2025-09-26,Mercedes C-Class,North,8.0,49800.0,398400.0,289973.97,108426.03
973,2024-05-16,Mercedes S-Class,West,2.0,119300.0,238600.0,160447.79,78152.21
1520,2025-02-03,Mercedes GLE,East,6.0,77300.0,463800.0,320228.86,143571.14
743,2024-01-18,Mercedes E-Class,East,5.0,63700.0,318500.0,229533.11,88966.89
1534,2025-02-09,Mercedes A-Class,South,4.0,40800.0,163200.0,120962.63,42237.37
109,2023-02-27,Mercedes GLC,East,4.0,58200.0,232800.0,163072.37,69727.63
1529,2025-02-07,Mercedes C-Class,East,4.0,49800.0,199200.0,142114.81,57085.19
976,2024-05-16,Mercedes C-Class,East,7.0,47500.0,332500.0,245616.16,86883.84
1159,2024-08-17,Mercedes GLE,East,1.0,76300.0,76300.0,55245.36,21054.64
1457,2025-01-06,Mercedes GLE,South,3.0,64100.0,192300.0,136247.23,56052.77
1313,2024-10-30,Mercedes C-Class,West,6.0,48500.0,291000.0,209775.57,81224.43
814,2024-02-23,Mercedes S-Class,North,2.0,128700.0,257400.0,177439.95,79960.05
405,2023-08-13,Mercedes GLC,North,8.0,48500.0,388000.0,276111.02,111888.98
954,2024-05-05,Mercedes E-Class,West,4.0,67400.0,269600.0,187239.83,82360.17
757,2024-01-25,Mercedes S-Class,East,3.0,127500.0,382500.0,265802.96,116697.04
1737,2025-05-15,Mercedes E-Class,South,5.0,72200.0,361000.0,257954.25,103045.75
26,2023-01-14,Mercedes E-Class,West,4.0,67300.0,269200.0,194603.58,74596.42
1889,2025-07-25,Mercedes E-Class,North,7.0,72500.0,507500.0,352738.87,154761.13
1984,2025-09-11,Mercedes A-Class,South,6.0,34300.0,205800.0,156066.48,49733.52
1608,2025-03-12,Mercedes A-Class,East,5.0,37700.0,188500.0,140786.05,47713.95
1711,2025-05-01,Mercedes A-Class,North,4.0,41400.0,165600.0,119800.7,45799.3
2066,2025-10-19,Mercedes GLS,North,5.0,93000.0,465000.0,324681.55,140318.45
2055,2025-10-11,Mercedes GLC,North,9.0,52500.0,472500.0,337805.06,134694.94
1377,2024-11-29,Mercedes E-Class,South,7.0,65500.0,458500.0,324699.8,133800.2
1214,2024-09-15,Mercedes GLS,North,3.0,96500.0,289500.0,206540.01,82959.99
512,2023-10-03,Mercedes GLC,East,5.0,57000.0,285000.0,202863.55,82136.45
1921,2025-08-09,Mercedes GLC,East,5.0,59800.0,299000.0,210912.84,88087.16
486,2023-09-21,Mercedes GLC,North,7.0,51900.0,363300.0,254556.41,108743.59
975,2024-05-16,Mercedes S-Class,South,4.0,133900.0,535600.0,360832.5,174767.5
151,2023-03-26,Mercedes GLC,North,5.0,53600.0,268000.0,192612.15,75387.85
290,2023-06-15,Mercedes GLC,East,5.0,58700.0,293500.0,213941.89,79558.11
2080,2025-10-29,Mercedes G-Class,East,1.0,141200.0,141200.0,94875.2,46324.8
1582,2025-03-03,Mercedes E-Class,East,4.0,71200.0,284800.0,205664.63,79135.37
188,2023-04-17,Mercedes A-Class,East,4.0,39400.0,157600.0,115628.86,41971.14
579,2023-10-31,Mercedes A-Class,South,9.0,40000.0,360000.0,265151.43,94848.57
1144,2024-08-10,Mercedes GLC,South,8.0,52800.0,422400.0,297859.32,124540.68
611,2023-11-14,Mercedes A-Class,South,8.0,34300.0,274400.0,206059.7,68340.3
1469,2025-01-10,Mercedes GLC,East,5.0,54900.0,274500.0,194652.32,79847.68
455,2023-09-06,Mercedes GLC,East,8.0,48300.0,386400.0,280217.62,106182.38
19,2023-01-11,Mercedes GLS,East,5.0,91100.0,455500.0,324325.35,131174.65
494,2023-09-24,Mercedes GLC,East,8.0,49900.0,399200.0,292949.15,106250.85
2003,2025-09-19,Mercedes GLE,West,1.0,70200.0,70200.0,48851.83,21348.17
1956,2025-08-30,Mercedes C-Class,West,5.0,46700.0,233500.0,171156.35,62343.65
1706,2025-04-29,Mercedes A-Class,West,6.0,36700.0,220200.0,158566.59,61633.41
412,2023-08-17,Mercedes C-Class,North,8.0,48900.0,391200.0,281642.51,109557.49
1954,2025-08-30,Mercedes GLC,East,4.0,57800.0,231200.0,170902.1,60297.9
1096,2024-07-20,Mercedes A-Class,West,5.0,41200.0,206000.0,152863.93,53136.07
1568,2025-02-25,Mercedes C-Class,West,3.0,51200.0,153600.0,110327.34,43272.66
223,2023-05-11,Mercedes E-Class,West,6.0,72300.0,433800.0,313189.29,120610.71
762,2024-01-26,Mercedes GLE,North,6.0,65100.0,390600.0,276478.71,114121.29
897,2024-04-07,Mercedes E-Class,South,2.0,71600.0,143200.0,100511.24,42688.76
673,2023-12-17,Mercedes GLC,South,6.0,48300.0,289800.0,208058.64,81741.36
1587,2025-03-05,Mercedes GLC,West,6.0,53600.0,321600.0,237734.31,83865.69
1101,2024-07-23,Mercedes GLS,North,3.0,98400.0,295200.0,207022.7,88177.3
2074,2025-10-27,Mercedes G-Class,South,2.0,147400.0,294800.0,199314.88,95485.12
133,2023-03-16,Mercedes GLC,West,4.0,50500.0,202000.0,148630.67,53369.33
1443,2025-01-01,Mercedes GLE,North,4.0,75800.0,303200.0,209787.77,93412.23
1362,2024-11-21,Mercedes GLE,North,2.0,74700.0,149400.0,104134.76,45265.24
2200,2025-12-29,Mercedes GLS,East,1.0,94300.0,94300.0,64349.51,29950.49
1899,2025-07-29,Mercedes C-Class,North,7.0,50900.0,356300.0,266841.85,89458.15
1102,2024-07-23,Mercedes GLE,South,5.0,71200.0,356000.0,254404.4,101595.6
1732,2025-05-12,Mercedes GLS,West,4.0,84800.0,339200.0,232525.69,106674.31
1444,2025-01-01,Mercedes GLC,South,4.0,52900.0,211600.0,148597.79,63002.21
1538,2025-02-10,Mercedes G-Class,East,3.0,150200.0,450600.0,290061.36,160538.64
610,2023-11-13,Mercedes C-Class,South,5.0,49700.0,248500.0,181763.88,66736.12
75,2023-02-08,Mercedes GLE,South,4.0,63900.0,255600.0,176557.99,79042.01
555,2023-10-20,Mercedes G-Class,East,2.0,174900.0,349800.0,226624.61,123175.39
798,2024-02-14,Mercedes C-Class,West,1.0,54100.0,54100.0,39808.6,14291.4
633,2023-11-27,Mercedes A-Class,West,3.0,39400.0,118200.0,87917.01,30282.99
22,2023-01-13,Mercedes C-Class,South,1.0,45700.0,45700.0,32542.25,13157.75
380,2023-08-04,Mercedes A-Class,South,5.0,36000.0,180000.0,131767.98,48232.02
1955,2025-08-30,Mercedes E-Class,West,5.0,68600.0,343000.0,242086.72,100913.28
146,2023-03-24,Mercedes A-Class,East,6.0,38200.0,229200.0,168457.05,60742.95
249,2023-05-23,Mercedes A-Class,East,5.0,35100.0,175500.0,131597.7,43902.3
1974,2025-09-06,Mercedes C-Class,South,8.0,53800.0,430400.0,316754.54,113645.46
1401,2024-12-12,Mercedes G-Class,West,1.0,168200.0,168200.0,110599.7,57600.3
268,2023-06-04,Mercedes G-Class,North,1.0,169400.0,169400.0,112046.81,57353.19
991,2024-05-24,Mercedes C-Class,South,7.0,48300.0,338100.0,247846.53,90253.47
1929,2025-08-17,Mercedes S-Class,West,2.0,118300.0,236600.0,158932.68,77667.32
500,2023-09-29,Mercedes E-Class,South,3.0,74000.0,222000.0,161002.07,60997.93
1391,2024-12-05,Mercedes GLS,North,2.0,87000.0,174000.0,125040.5,48959.5
446,2023-09-03,Mercedes A-Class,East,4.0,37600.0,150400.0,110888.51,39511.49
1508,2025-01-30,Mercedes GLS,North,3.0,92900.0,278700.0,191686.86,87013.14
1972,2025-09-04,Mercedes A-Class,South,4.0,37000.0,148000.0,109816.75,38183.25
1968,2025-09-04,Mercedes S-Class,West,1.0,131300.0,131300.0,90628.04,40671.96
942,2024-04-28,Mercedes A-Class,East,6.0,34500.0,207000.0,152396.85,54603.15
565,2023-10-26,Mercedes E-Class,West,5.0,69600.0,348000.0,248487.0,99513.0
1057,2024-06-30,Mercedes E-Class,South,8.0,61200.0,489600.0,346634.34,142965.66
1709,2025-04-30,Mercedes A-Class,South,5.0,40800.0,204000.0,151802.69,52197.31
2145,2025-12-04,Mercedes GLE,South,5.0,77400.0,387000.0,275360.92,111639.08
463,2023-09-10,Mercedes GLE,West,2.0,68900.0,137800.0,98588.72,39211.28
181,2023-04-14,Mercedes S-Class,East,1.0,118300.0,118300.0,78579.25,39720.75
1772,2025-06-01,Mercedes E-Class,East,5.0,65400.0,327000.0,238118.97,88881.03
1314,2024-10-30,Mercedes GLC,South,11.0,53800.0,591800.0,430022.13,161777.87
936,2024-04-26,Mercedes GLE,North,4.0,73200.0,292800.0,209643.72,83156.28
52,2023-01-26,Mercedes A-Class,West,7.0,37700.0,263900.0,199037.72,64862.28
420,2023-08-23,Mercedes GLC,West,5.0,58200.0,291000.0,211276.67,79723.33
2197,2025-12-29,Mercedes GLE,West,3.0,66600.0,199800.0,144633.63,55166.37
1465,2025-01-09,Mercedes C-Class,West,5.0,47800.0,239000.0,175366.79,63633.21
496,2023-09-25,Mercedes GLC,North,2.0,53800.0,107600.0,77216.72,30383.28
164,2023-04-04,Mercedes E-Class,West,3.0,70500.0,211500.0,146549.11,64950.89
1901,2025-07-29,Mercedes GLC,South,9.0,58300.0,524700.0,382974.05,141725.95
682,2023-12-23,Mercedes A-Class,South,4.0,34200.0,136800.0,102589.49,34210.51
464,2023-09-10,Mercedes GLS,West,1.0,96700.0,96700.0,67206.94,29493.06
1103,2024-07-24,Mercedes GLC,South,6.0,53600.0,321600.0,235514.4,86085.6
1953,2025-08-29,Mercedes GLC,East,7.0,56400.0,394800.0,279605.18,115194.82
123,2023-03-08,Mercedes A-Class,West,3.0,34100.0,102300.0,74283.61,28016.39
1655,2025-04-03,Mercedes GLS,South,4.0,80900.0,323600.0,228701.49,94898.51
1571,2025-02-26,Mercedes GLC,East,5.0,59200.0,296000.0,211943.64,84056.36
890,2024-04-04,Mercedes G-Class,West,4.0,159800.0,639200.0,434600.08,204599.92
1702,2025-04-25,Mercedes GLC,South,6.0,49100.0,294600.0,209205.83,85394.17
98,2023-02-21,Mercedes E-Class,North,3.0,66100.0,198300.0,140460.18,57839.82
1292,2024-10-22,Mercedes E-Class,West,6.0,70500.0,423000.0,302520.67,120479.33
1366,2024-11-22,Mercedes GLS,South,5.0,85100.0,425500.0,300261.64,125238.36
1489,2025-01-20,Mercedes GLE,North,1.0,65500.0,65500.0,47075.75,18424.25
706,2024-01-02,Mercedes GLC,North,1.0,56500.0,56500.0,41761.37,14738.63
823,2024-02-29,Mercedes A-Class,North,6.0,38500.0,231000.0,169801.86,61198.14
1667,2025-04-06,Mercedes E-Class,East,8.0,61000.0,488000.0,341242.87,146757.13
427,2023-08-26,Mercedes C-Class,North,5.0,51600.0,258000.0,191460.96,66539.04
459,2023-09-07,Mercedes A-Class,East,1.0,37200.0,37200.0,28029.42,9170.58
1607,2025-03-11,Mercedes G-Class,West,1.0,142500.0,142500.0,95342.5,47157.5
1069,2024-07-09,Mercedes GLE,East,3.0,62700.0,188100.0,130348.39,57751.61
404,2023-08-13,Mercedes GLS,South,3.0,99200.0,297600.0,206464.41,91135.59
1466,2025-01-09,Mercedes GLC,North,7.0,52800.0,369600.0,269304.81,100295.19
906,2024-04-10,Mercedes S-Class,South,5.0,125600.0,628000.0,427580.11,200419.89
2038,2025-10-01,Mercedes GLC,North,7.0,48200.0,337400.0,244688.68,92711.32
1477,2025-01-13,Mercedes C-Class,North,3.0,54700.0,164100.0,121970.05,42129.95
1878,2025-07-18,Mercedes C-Class,East,6.0,50800.0,304800.0,224852.01,79947.99
1839,2025-06-30,Mercedes A-Class,West,4.0,41700.0,166800.0,123241.78,43558.22
2011,2025-09-21,Mercedes GLS,North,6.0,89600.0,537600.0,369108.36,168491.64
176,2023-04-09,Mercedes GLC,West,6.0,58000.0,348000.0,244439.19,103560.81
377,2023-08-02,Mercedes GLS,East,5.0,98700.0,493500.0,340278.04,153221.96
1530,2025-02-07,Mercedes GLC,East,5.0,55900.0,279500.0,203339.23,76160.77
517,2023-10-07,Mercedes C-Class,North,7.0,48800.0,341600.0,248947.12,92652.88
709,2024-01-03,Mercedes GLC,North,4.0,59100.0,236400.0,168162.97,68237.03
828,2024-03-03,Mercedes A-Class,East,3.0,39700.0,119100.0,85936.9,33163.1
1641,2025-03-29,Mercedes A-Class,West,6.0,38000.0,228000.0,172582.88,55417.12
1880,2025-07-19,Mercedes GLE,South,5.0,69800.0,349000.0,247419.34,101580.66
2188,2025-12-27,Mercedes G-Class,South,2.0,152000.0,304000.0,198868.13,105131.87
1439,2024-12-30,Mercedes GLC,North,3.0,58500.0,175500.0,128510.02,46989.98
2166,2025-12-14,Mercedes A-Class,North,4.0,36000.0,144000.0,104135.15,39864.85
372,2023-07-31,Mercedes E-Class,East,3.0,61700.0,185100.0,134583.98,50516.02
344,2023-07-17,Mercedes C-Class,East,5.0,50300.0,251500.0,180539.65,70960.35
533,2023-10-14,Mercedes A-Class,West,5.0,36600.0,183000.0,139011.31,43988.69
864,2024-03-23,Mercedes C-Class,South,4.0,54800.0,219200.0,157991.26,61208.74
1375,2024-11-28,Mercedes C-Class,South,6.0,47000.0,282000.0,200799.53,81200.47
1822,2025-06-25,Mercedes E-Class,North,6.0,65800.0,394800.0,287856.46,106943.54
724,2024-01-10,Mercedes C-Class,North,7.0,53900.0,377300.0,281037.42,96262.58
1365,2024-11-21,Mercedes C-Class,East,7.0,55300.0,387100.0,289219.54,97880.46
167,2023-04-04,Mercedes C-Class,South,5.0,51700.0,258500.0,192941.78,65558.22
248,2023-05-23,Mercedes GLC,North,5.0,59600.0,298000.0,211927.17,86072.83
1384,2024-12-03,Mercedes A-Class,West,3.0,36400.0,109200.0,80954.58,28245.42
812,2024-02-21,Mercedes C-Class,North,4.0,49800.0,199200.0,147201.9,51998.1
2058,2025-10-14,Mercedes A-Class,East,5.0,40700.0,203500.0,153869.89,49630.11
1767,2025-05-30,Mercedes GLE,East,4.0,73200.0,292800.0,203413.93,89386.07
1207,2024-09-12,Mercedes GLC,South,7.0,51700.0,361900.0,265531.05,96368.95
1309,2024-10-29,Mercedes GLC,North,7.0,48400.0,338800.0,246074.07,92725.93
538,2023-10-14,Mercedes E-Class,East,4.0,60500.0,242000.0,167225.53,74774.47
1935,2025-08-20,Mercedes C-Class,South,7.0,48200.0,337400.0,242678.0,94722.0
2116,2025-11-18,Mercedes A-Class,West,4.0,34800.0,139200.0,101733.22,37466.78
1478,2025-01-13,Mercedes C-Class,West,4.0,54900.0,219600.0,161935.22,57664.78
342,2023-07-17,Mercedes GLE,North,3.0,74200.0,222600.0,157976.44,64623.56
773,2024-02-04,Mercedes C-Class,South,4.0,45100.0,180400.0,130745.75,49654.25
1175,2024-08-26,Mercedes C-Class,South,7.0,45200.0,316400.0,232149.91,84250.09
911,2024-04-11,Mercedes GLC,North,7.0,52900.0,370300.0,266110.94,104189.06
1682,2025-04-17,Mercedes A-Class,West,9.0,39400.0,354600.0,257286.12,97313.88
2072,2025-10-24,Mercedes GLE,North,5.0,64400.0,322000.0,225614.27,96385.73
1351,2024-11-15,Mercedes A-Class,South,9.0,34200.0,307800.0,223717.97,84082.03
1653,2025-04-03,Mercedes C-Class,North,3.0,53900.0,161700.0,119449.13,42250.87
791,2024-02-12,Mercedes E-Class,North,1.0,67500.0,67500.0,46633.02,20866.98
487,2023-09-22,Mercedes GLC,South,4.0,52600.0,210400.0,153202.1,57197.9
630,2023-11-26,Mercedes GLC,South,3.0,59600.0,178800.0,129238.91,49561.09
7,2023-01-05,Mercedes GLE,East,4.0,71700.0,286800.0,197941.09,88858.91
1039,2024-06-20,Mercedes A-Class,North,7.0,41200.0,288400.0,211817.08,76582.92
40,2023-01-21,Mercedes GLS,North,3.0,98100.0,294300.0,207889.59,86410.41
76,2023-02-08,Mercedes E-Class,West,3.0,64000.0,192000.0,139879.49,52120.51
1097,2024-07-22,Mercedes A-Class,West,7.0,41600.0,291200.0,213715.6,77484.4
1109,2024-07-25,Mercedes C-Class,West,5.0,48500.0,242500.0,180757.15,61742.85
1067,2024-07-07,Mercedes GLC,North,6.0,56400.0,338400.0,241423.15,96976.85
1626,2025-03-21,Mercedes GLC,West,4.0,55000.0,220000.0,156961.74,63038.26
789,2024-02-11,Mercedes G-Class,West,1.0,173300.0,173300.0,115510.73,57789.27
1995,2025-09-16,Mercedes G-Class,East,1.0,150000.0,150000.0,98294.45,51705.55
1023,2024-06-12,Mercedes GLC,South,3.0,55500.0,166500.0,117346.43,49153.57
939,2024-04-27,Mercedes GLC,North,11.0,50300.0,553300.0,401007.96,152292.04
1205,2024-09-10,Mercedes C-Class,South,5.0,54200.0,271000.0,197433.82,73566.18
1932,2025-08-18,Mercedes GLE,North,5.0,69200.0,346000.0,238812.68,107187.32
1803,2025-06-17,Mercedes E-Class,North,6.0,69800.0,418800.0,296332.1,122467.9
1814,2025-06-21,Mercedes GLE,East,4.0,69400.0,277600.0,197400.91,80199.09
1208,2024-09-12,Mercedes C-Class,East,7.0,54700.0,382900.0,276644.63,106255.37
1303,2024-10-26,Mercedes C-Class,West,8.0,50000.0,400000.0,296698.26,103301.74
1445,2025-01-02,Mercedes E-Class,North,3.0,73400.0,220200.0,160350.43,59849.57
1455,2025-01-05,Mercedes GLC,East,5.0,52000.0,260000.0,185149.41,74850.59
613,2023-11-15,Mercedes A-Class,North,6.0,34700.0,208200.0,157662.28,50537.72
722,2024-01-09,Mercedes GLS,South,4.0,89400.0,357600.0,256739.15,100860.85
326,2023-07-05,Mercedes A-Class,West,6.0,36900.0,221400.0,166857.5,54542.5
952,2024-05-03,Mercedes C-Class,North,6.0,47200.0,283200.0,201253.68,81946.32
256,2023-05-26,Mercedes GLC,North,3.0,50700.0,152100.0,107013.49,45086.51
1857,2025-07-10,Mercedes GLC,East,6.0,56900.0,341400.0,242527.41,98872.59
841,2024-03-09,Mercedes E-Class,East,5.0,73900.0,369500.0,265492.39,104007.61
1187,2024-09-01,Mercedes GLE,East,8.0,68300.0,546400.0,395012.88,151387.12
904,2024-04-10,Mercedes C-Class,South,5.0,53900.0,269500.0,194145.72,75354.28
156,2023-03-28,Mercedes E-Class,North,4.0,74500.0,298000.0,215866.24,82133.76
8,2023-01-05,Mercedes GLC,North,2.0,56900.0,113800.0,82249.37,31550.63
2030,2025-09-28,Mercedes GLS,West,4.0,92000.0,368000.0,260355.91,107644.09
2025,2025-09-26,Mercedes S-Class,West,3.0,120800.0,362400.0,240063.98,122336.02
1334,2024-11-09,Mercedes GLE,North,7.0,73000.0,511000.0,358079.86,152920.14
270,2023-06-05,Mercedes A-Class,South,5.0,36700.0,183500.0,135031.8,48468.2
882,2024-03-31,Mercedes G-Class,West,2.0,161300.0,322600.0,211386.69,111213.31
1415,2024-12-20,Mercedes GLC,East,7.0,53400.0,373800.0,270853.26,102946.74
391,2023-08-08,Mercedes A-Class,West,3.0,36600.0,109800.0,81395.82,28404.18
302,2023-06-23,Mercedes C-Class,West,7.0,54700.0,382900.0,272621.16,110278.84
1094,2024-07-19,Mercedes E-Class,North,2.0,63200.0,126400.0,87875.73,38524.27
1348,2024-11-14,Mercedes C-Class,East,8.0,50400.0,403200.0,298277.53,104922.47
590,2023-11-05,Mercedes C-Class,South,5.0,45400.0,227000.0,169082.57,57917.43
1106,2024-07-24,Mercedes GLE,West,6.0,74600.0,447600.0,320632.78,126967.22
2017,2025-09-23,Mercedes E-Class,North,4.0,69900.0,279600.0,203828.12,75771.88
1085,2024-07-16,Mercedes A-Class,East,4.0,38300.0,153200.0,114580.48,38619.52
1860,2025-07-10,Mercedes GLC,South,7.0,56900.0,398300.0,285751.42,112548.58
314,2023-06-29,Mercedes GLE,West,5.0,64000.0,320000.0,221003.33,98996.67
1940,2025-08-23,Mercedes A-Class,East,4.0,41300.0,165200.0,123231.18,41968.82
901,2024-04-08,Mercedes A-Class,North,5.0,41100.0,205500.0,153709.99,51790.01
1304,2024-10-27,Mercedes E-Class,East,4.0,65700.0,262800.0,186646.35,76153.65
490,2023-09-22,Mercedes GLE,West,3.0,65400.0,196200.0,135760.06,60439.94
201,2023-04-27,Mercedes A-Class,West,7.0,34900.0,244300.0,176532.46,67767.54
1892,2025-07-26,Mercedes E-Class,East,7.0,64600.0,452200.0,315124.38,137075.62
1731,2025-05-12,Mercedes GLC,South,6.0,51200.0,307200.0,227153.08,80046.92
978,2024-05-18,Mercedes GLS,North,1.0,90400.0,90400.0,63488.65,26911.35
1425,2024-12-22,Mercedes E-Class,South,8.0,65300.0,522400.0,377206.15,145193.85
138,2023-03-21,Mercedes E-Class,South,6.0,74900.0,449400.0,312323.61,137076.39
1276,2024-10-15,Mercedes GLC,North,10.0,56800.0,568000.0,400571.01,167428.99
2121,2025-11-21,Mercedes S-Class,East,1.0,132700.0,132700.0,91674.42,41025.58
602,2023-11-10,Mercedes C-Class,North,7.0,51600.0,361200.0,259403.63,101796.37
1883,2025-07-20,Mercedes S-Class,West,3.0,117300.0,351900.0,236815.68,115084.32
1760,2025-05-26,Mercedes GLC,North,7.0,50400.0,352800.0,256132.76,96667.24
799,2024-02-15,Mercedes GLC,South,7.0,55300.0,387100.0,273733.0,113367.0
368,2023-07-30,Mercedes GLC,South,5.0,56500.0,282500.0,198697.79,83802.21
462,2023-09-10,Mercedes GLC,West,3.0,57300.0,171900.0,126904.76,44995.24
825,2024-03-01,Mercedes E-Class,West,7.0,66800.0,467600.0,331310.43,136289.57
325,2023-07-05,Mercedes C-Class,North,7.0,49800.0,348600.0,259673.24,88926.76
1485,2025-01-18,Mercedes GLC,West,6.0,57100.0,342600.0,246673.07,95926.93
1840,2025-06-30,Mercedes A-Class,North,4.0,39400.0,157600.0,115697.28,41902.72
1177,2024-08-27,Mercedes C-Class,East,7.0,46800.0,327600.0,239778.81,87821.19
66,2023-02-03,Mercedes E-Class,West,2.0,61900.0,123800.0,89669.09,34130.91
247,2023-05-21,Mercedes A-Class,South,6.0,37100.0,222600.0,168022.48,54577.52
848,2024-03-12,Mercedes C-Class,North,8.0,48400.0,387200.0,279798.46,107401.54
296,2023-06-19,Mercedes GLC,South,5.0,54600.0,273000.0,193745.85,79254.15
434,2023-08-29,Mercedes GLC,West,6.0,59800.0,358800.0,260490.2,98309.8
1064,2024-07-05,Mercedes E-Class,South,4.0,62900.0,251600.0,179393.25,72206.75
278,2023-06-09,Mercedes C-Class,East,7.0,53100.0,371700.0,274491.66,97208.34
1663,2025-04-05,Mercedes GLC,South,8.0,53600.0,428800.0,302597.01,126202.99
478,2023-09-17,Mercedes A-Class,South,3.0,38000.0,114000.0,85962.59,28037.41
127,2023-03-11,Mercedes GLC,North,8.0,58000.0,464000.0,325244.17,138755.83
1256,2024-10-06,Mercedes E-Class,East,6.0,72900.0,437400.0,315006.14,122393.86
460,2023-09-07,Mercedes GLS,South,1.0,93600.0,93600.0,66489.78,27110.22
713,2024-01-04,Mercedes GLC,North,3.0,57700.0,173100.0,124143.07,48956.93
305,2023-06-23,Mercedes A-Class,West,4.0,412000.0,164800.0,122152.93,42647.07
1843,2025-07-02,Mercedes E-Class,East,3.0,69200.0,207600.0,149163.91,58436.09
225,2023-05-11,Mercedes A-Class,East,3.0,36100.0,108300.0,78482.59,29817.41
1001,2024-05-28,Mercedes A-Class,North,2.0,40200.0,80400.0,57948.35,22451.65
1019,2024-06-11,Mercedes GLE,North,5.0,62300.0,311500.0,225462.84,86037.16
442,2023-09-01,Mercedes G-Class,East,1.0,144500.0,144500.0,93038.82,51461.18
1548,2025-02-15,Mercedes GLC,East,6.0,51900.0,311400.0,226013.98,85386.02
282,2023-06-11,Mercedes C-Class,North,5.0,45900.0,229500.0,169927.33,59572.67
266,2023-06-03,Mercedes E-Class,North,6.0,60300.0,361800.0,250575.04,111224.96
1966,2025-09-03,Mercedes A-Class,North,7.0,39900.0,279300.0,202997.84,76302.16
1519,2025-02-03,Mercedes C-Class,North,3.0,52600.0,157800.0,112908.22,44891.78
74,2023-02-08,Mercedes GLE,East,2.0,72000.0,144000.0,102235.41,41764.59
57,2023-01-29,Mercedes GLS,West,4.0,86900.0,347600.0,247550.72,100049.28
353,2023-07-23,Mercedes C-Class,South,6.0,54900.0,329400.0,240259.91,89140.09
839,2024-03-08,Mercedes A-Class,South,5.0,40100.0,200500.0,145322.27,55177.73
1499,2025-01-25,Mercedes C-Class,South,3.0,55700.0,167100.0,122101.18,44998.82
159,2023-03-31,Mercedes E-Class,North,6.0,69800.0,418800.0,301226.85,117573.15
25,2023-01-14,Mercedes E-Class,East,2.0,72100.0,144200.0,103095.29,41104.71
2050,2025-10-07,Mercedes E-Class,North,4.0,63600.0,254400.0,179709.7,74690.3
677,2023-12-21,Mercedes GLC,North,7.0,54700.0,382900.0,275529.36,107370.64
984,2024-05-21,Mercedes C-Class,South,8.0,48300.0,386400.0,279731.61,106668.39
617,2023-11-17,Mercedes E-Class,South,3.0,67600.0,202800.0,147807.7,54992.3
1222,2024-09-18,Mercedes GLS,North,5.0,82000.0,410000.0,290639.83,119360.17
298,2023-06-19,Mercedes GLC,South,8.0,59600.0,476800.0,352291.88,124508.12
2034,2025-09-30,Mercedes E-Class,East,5.0,62800.0,314000.0,219004.03,94995.97
1896,2025-07-28,Mercedes C-Class,North,7.0,48000.0,336000.0,239419.76,96580.24
1282,2024-10-17,Mercedes GLS,East,6.0,98300.0,589800.0,409809.67,179990.33
218,2023-05-08,Mercedes GLC,East,7.0,53200.0,372400.0,264567.72,107832.28
1505,2025-01-28,Mercedes A-Class,East,4.0,34600.0,138400.0,101973.45,36426.55
760,2024-01-26,Mercedes A-Class,East,3.0,41600.0,124800.0,93916.55,30883.45
1464,2025-01-08,Mercedes E-Class,West,3.0,70400.0,211200.0,153864.62,57335.38
1745,2025-05-18,Mercedes GLC,West,8.0,56100.0,448800.0,323096.6,125703.4
950,2024-05-03,Mercedes C-Class,,5.0,47900.0,239500.0,171298.81,68201.19
1547,2025-02-15,Mercedes C-Class,West,7.0,48100.0,336700.0,250301.58,86398.42
1625,2025-03-21,Mercedes E-Class,East,5.0,73100.0,365500.0,263585.7,101914.3
1157,2024-08-16,Mercedes GLC,North,6.0,55500.0,333000.0,241948.75,91051.25
861,2024-03-20,Mercedes E-Class,West,3.0,74300.0,222900.0,154870.72,68029.28
542,2023-10-14,Mercedes A-Class,South,5.0,41800.0,209000.0,156368.27,52631.73
1285,2024-10-18,Mercedes A-Class,East,4.0,41300.0,165200.0,122664.28,42535.72
619,2023-11-18,Mercedes GLS,East,1.0,86500.0,86500.0,60879.49,25620.51
260,2023-05-29,Mercedes E-Class,South,3.0,60100.0,180300.0,125128.06,55171.94
1080,2024-07-13,Mercedes E-Class,East,1.0,61000.0,61000.0,44044.89,16955.11
82,2023-02-12,Mercedes E-Class,South,3.0,61700.0,185100.0,127819.34,57280.66
583,2023-11-02,Mercedes GLC,West,10.0,52800.0,528000.0,383576.63,144423.37
2092,2025-11-06,Mercedes A-Class,North,6.0,40000.0,240000.0,174110.48,65889.52
2171,2025-12-17,Mercedes GLC,East,9.0,58700.0,528300.0,376497.7,151802.3
1741,2025-05-18,Mercedes A-Class,South,8.0,37900.0,303200.0,223665.11,79534.89
869,2024-03-25,Mercedes GLC,North,8.0,56200.0,449600.0,318839.2,130760.8
81,2023-02-12,Mercedes GLC,North,7.0,59600.0,417200.0,299718.1,117481.9
838,2024-03-08,Mercedes S-Class,North,3.0,121600.0,364800.0,248822.67,115977.33
229,2023-05-13,Mercedes GLS,West,1.0,92900.0,92900.0,65906.99,26993.01
381,2023-08-04,Mercedes GLC,North,4.0,58400.0,233600.0,166138.22,67461.78
165,2023-04-04,Mercedes E-Class,East,3.0,60100.0,180300.0,131456.9,48843.1
1574,2025-02-27,Mercedes A-Class,West,2.0,39100.0,78200.0,58788.24,19411.76
894,2024-04-06,Mercedes A-Class,South,5.0,39200.0,196000.0,144503.08,51496.92
186,2023-04-17,Mercedes C-Class,South,6.0,54500.0,327000.0,240448.45,86551.55
94,2023-02-19,Mercedes A-Class,West,6.0,35800.0,214800.0,157967.21,56832.79
1486,2025-01-18,Mercedes GLE,North,4.0,68800.0,275200.0,190167.76,85032.24
934,2024-04-25,Mercedes C-Class,South,1.0,48500.0,48500.0,35127.72,13372.28
1565,2025-02-24,Mercedes C-Class,South,1.0,54600.0,54600.0,38940.74,15659.26
1016,2024-06-08,Mercedes GLC,West,5.0,52000.0,260000.0,183239.34,76760.66
323,2023-07-04,Mercedes GLC,East,7.0,52800.0,369600.0,262209.63,107390.37
765,2024-01-29,Mercedes A-Class,North,8.0,39400.0,315200.0,228161.97,87038.03
1168,2024-08-21,Mercedes C-Class,East,8.0,52800.0,422400.0,315934.28,106465.72
1087,2024-07-16,Mercedes GLS,North,1.0,94600.0,94600.0,67723.5,26876.5
662,2023-12-10,Mercedes GLE,West,7.0,71700.0,501900.0,361925.95,139974.05
1960,2025-09-01,Mercedes C-Class,North,6.0,55300.0,331800.0,244525.44,87274.56
2111,2025-11-15,Mercedes A-Class,South,5.0,36400.0,182000.0,136146.88,45853.12
1167,2024-08-21,Mercedes C-Class,North,6.0,52300.0,313800.0,228951.27,84848.73
923,2024-04-18,Mercedes E-Class,East,4.0,63300.0,253200.0,179033.39,74166.61
1807,2025-06-19,Mercedes G-Class,North,1.0,149300.0,149300.0,98477.6,50822.4
925,2024-04-19,Mercedes E-Class,South,4.0,69200.0,276800.0,198244.37,78555.63
769,2024-02-01,Mercedes E-Class,North,6.0,61700.0,370200.0,268935.26,101264.74
511,2023-10-03,Mercedes E-Class,South,6.0,61800.0,370800.0,268598.74,102201.26
1142,2024-08-08,Mercedes GLS,West,1.0,89200.0,89200.0,60850.62,28349.38
537,2023-10-14,Mercedes GLS,West,4.0,97800.0,391200.0,275821.33,115378.67
1082,2024-07-15,Mercedes C-Class,West,5.0,46000.0,230000.0,166616.01,63383.99
879,2024-03-30,Mercedes GLC,North,5.0,48000.0,240000.0,175679.16,64320.84
1371,2024-11-24,Mercedes S-Class,South,3.0,132600.0,397800.0,267158.36,130641.64
2032,2025-09-29,Mercedes C-Class,North,4.0,50800.0,203200.0,149466.67,53733.33
143,2023-03-24,Mercedes E-Class,West,6.0,71300.0,427800.0,295530.74,132269.26
472,2023-09-15,Mercedes G-Class,West,2.0,143200.0,286400.0,190085.18,96314.82
1483,2025-01-15,Mercedes A-Class,North,7.0,37100.0,259700.0,195891.56,63808.44
2149,2025-12-06,Mercedes A-Class,West,7.0,36400.0,254800.0,185573.21,69226.79
1437,2024-12-28,Mercedes A-Class,East,6.0,39000.0,234000.0,173171.71,60828.29
1398,2024-12-11,Mercedes E-Class,North,4.0,66300.0,265200.0,190813.62,74386.38
470,2023-09-14,Mercedes GLS,West,1.0,96800.0,96800.0,67454.66,29345.34
1594,2025-03-07,Mercedes G-Class,North,1.0,142200.0,142200.0,94045.05,48154.95
424,2023-08-26,Mercedes GLC,West,8.0,48000.0,384000.0,277928.26,106071.74
1904,2025-08-01,Mercedes A-Class,North,6.0,36500.0,219000.0,159597.6,59402.4
1284,2024-10-17,Mercedes GLE,South,7.0,65200.0,456400.0,315770.23,140629.77
1433,2024-12-27,Mercedes S-Class,North,1.0,123500.0,123500.0,83502.64,39997.36
1195,2024-09-05,Mercedes GLC,South,5.0,51200.0,256000.0,184649.63,71350.37
2085,2025-11-03,Mercedes A-Class,West,7.0,36300.0,254100.0,190195.16,63904.84
1610,2025-03-12,Mercedes A-Class,East,3.0,35600.0,106800.0,79483.51,27316.49
438,2023-08-30,Mercedes GLE,West,3.0,73100.0,219300.0,152692.8,66607.2
1131,2024-08-03,Mercedes A-Class,North,1.0,40300.0,40300.0,29919.93,10380.07
191,2023-04-19,Mercedes E-Class,East,6.0,74400.0,446400.0,317332.44,129067.56
160,2023-04-01,Mercedes GLC,North,8.0,48700.0,389600.0,277577.02,112022.98
119,2023-03-07,Mercedes GLS,West,2.0,96100.0,192200.0,132438.79,59761.21
764,2024-01-27,Mercedes GLE,South,5.0,65400.0,327000.0,226817.55,100182.45
2122,2025-11-21,Mercedes C-Class,South,9.0,54100.0,486900.0,357730.27,129169.73
1498,2025-01-24,Mercedes GLE,East,1.0,73100.0,73100.0,52342.25,20757.75
261,2023-05-30,Mercedes GLE,West,6.0,62300.0,373800.0,258517.49,115282.51
1434,2024-12-27,Mercedes E-Class,South,3.0,74400.0,223200.0,156480.2,66719.8
675,2023-12-19,Mercedes C-Class,East,8.0,48000.0,384000.0,284098.13,99901.87
1826,2025-06-27,Mercedes E-Class,North,4.0,71100.0,284400.0,203557.62,80842.38
6,2023-01-04,Mercedes G-Class,West,1.0,143400.0,143400.0,96214.19,47185.81
1300,2024-10-25,Mercedes C-Class,South,8.0,53400.0,427200.0,305257.24,121942.76
1881,2025-07-20,Mercedes A-Class,South,2.0,36300.0,72600.0,54294.9,18305.1
881,2024-03-31,Mercedes GLS,South,1.0,93700.0,93700.0,66108.4,27591.6
586,2023-11-04,Mercedes C-Class,East,5.0,48700.0,243500.0,176292.25,67207.75
1755,2025-05-24,Mercedes E-Class,East,4.0,73200.0,292800.0,203985.67,88814.33
1108,2024-07-25,Mercedes S-Class,North,2.0,136000.0,272000.0,180613.6,91386.4
1141,2024-08-08,Mercedes C-Class,South,9.0,47600.0,428400.0,309919.08,118480.92
1833,2025-06-28,Mercedes GLC,East,8.0,57400.0,459200.0,334210.3,124989.7
2147,2025-12-06,Mercedes GLE,South,5.0,72500.0,362500.0,251357.59,111142.41
615,2023-11-16,Mercedes C-Class,South,4.0,51500.0,206000.0,149374.54,56625.46
1518,2025-02-03,Mercedes GLC,East,3.0,53300.0,159900.0,115240.42,44659.58
224,2023-05-11,Mercedes A-Class,East,5.0,41200.0,206000.0,151673.74,54326.26
988,2024-05-23,Mercedes C-Class,North,6.0,55700.0,334200.0,242579.0,91621.0
477,2023-09-16,Mercedes GLC,North,9.0,54100.0,486900.0,353127.95,133772.05
375,2023-08-01,Mercedes GLS,West,6.0,80800.0,484800.0,332634.69,152165.31
746,2024-01-20,Mercedes GLE,South,5.0,68900.0,344500.0,243750.02,100749.98
763,2024-01-26,Mercedes S-Class,East,1.0,133800.0,133800.0,92413.6,41386.4
322,2023-07-02,Mercedes A-Class,North,4.0,36700.0,146800.0,111227.47,35572.53
384,2023-08-06,Mercedes A-Class,West,5.0,38300.0,191500.0,144147.84,47352.16
1199,2024-09-08,Mercedes C-Class,West,5.0,48000.0,240000.0,177100.49,62899.51
1959,2025-09-01,Mercedes GLE,West,2.0,73100.0,146200.0,102083.62,44116.38
1301,2024-10-25,Mercedes GLE,East,2.0,71000.0,142000.0,98297.28,43702.72
1558,2025-02-21,Mercedes A-Class,East,5.0,37800.0,189000.0,137298.85,51701.15
1369,2024-11-24,Mercedes GLS,West,7.0,96100.0,672700.0,470037.86,202662.14
580,2023-11-01,Mercedes GLS,North,1.0,96300.0,96300.0,69086.75,27213.25
2114,2025-11-17,Mercedes C-Class,South,7.0,46600.0,326200.0,237310.14,88889.86
1660,2025-04-05,Mercedes C-Class,South,7.0,49000.0,343000.0,249025.98,93974.02
28,2023-01-15,Mercedes E-Class,West,3.0,70700.0,212100.0,148421.02,63678.98
787,2024-02-11,Mercedes GLS,East,4.0,81600.0,326400.0,230672.92,95727.08
69,2023-02-03,Mercedes E-Class,South,6.0,61000.0,366000.0,263128.43,102871.57
234,2023-05-14,Mercedes GLS,West,4.0,82400.0,329600.0,226628.23,102971.77
518,2023-10-08,Mercedes GLE,East,6.0,72100.0,432600.0,314126.5,118473.5
328,2023-07-06,Mercedes GLC,East,7.0,58400.0,408800.0,292379.53,116420.47
835,2024-03-07,Mercedes E-Class,East,5.0,70100.0,350500.0,247792.42,102707.58
465,2023-09-12,Mercedes E-Class,South,6.0,67000.0,402000.0,282269.79,119730.21
1971,2025-09-04,Mercedes C-Class,West,3.0,50100.0,150300.0,108629.98,41670.02
785,2024-02-10,Mercedes GLC,North,4.0,48300.0,193200.0,142621.75,50578.25
1093,2024-07-19,Mercedes C-Class,North,6.0,51400.0,308400.0,223846.69,84553.31
1994,2025-09-15,Mercedes A-Class,South,6.0,38500.0,231000.0,170798.61,60201.39
1475,2025-01-12,Mercedes GLC,South,1.0,49700.0,49700.0,35829.96,13870.04
1991,2025-09-15,Mercedes C-Class,West,3.0,46400.0,139200.0,99942.73,39257.27
1787,2025-06-10,Mercedes A-Class,South,5.0,35600.0,178000.0,134016.66,43983.34
607,2023-11-12,Mercedes S-Class,West,3.0,122200.0,366600.0,242126.14,124473.86
1527,2025-02-06,Mercedes GLC,South,7.0,53600.0,375200.0,277250.31,97949.69
54,2023-01-26,Mercedes A-Class,West,4.0,35300.0,141200.0,102391.12,38808.88
101,2023-02-23,Mercedes A-Class,West,4.0,36900.0,147600.0,109650.73,37949.27
393,2023-08-08,Mercedes A-Class,West,6.0,36700.0,220200.0,162784.77,57415.23
2076,2025-10-28,Mercedes C-Class,North,5.0,45200.0,226000.0,167154.27,58845.73
781,2024-02-09,Mercedes GLC,North,6.0,53300.0,319800.0,229286.14,90513.86
958,2024-05-08,Mercedes GLC,South,5.0,50600.0,253000.0,180671.3,72328.7
1127,2024-08-02,Mercedes GLE,North,4.0,67200.0,268800.0,191097.45,77702.55
2060,2025-10-15,Mercedes E-Class,South,6.0,69600.0,417600.0,302442.22,115157.78
1961,2025-09-01,Mercedes E-Class,East,3.0,73900.0,221700.0,153084.45,68615.55
637,2023-11-29,Mercedes C-Class,North,5.0,53000.0,265000.0,195021.82,69978.18
1526,2025-02-06,Mercedes E-Class,South,4.0,70500.0,282000.0,195854.2,86145.8
898,2024-04-07,Mercedes A-Class,West,4.0,40900.0,163600.0,124121.81,39478.19
1770,2025-06-01,Mercedes C-Class,East,5.0,45400.0,227000.0,163341.12,63658.88
1328,2024-11-06,Mercedes E-Class,South,3.0,61400.0,184200.0,132096.3,52103.7
1360,2024-11-20,Mercedes C-Class,West,5.0,46100.0,230500.0,166826.27,63673.73
1584,2025-03-04,Mercedes C-Class,East,8.0,47000.0,376000.0,273664.46,102335.54
507,2023-09-30,Mercedes A-Class,West,5.0,36200.0,181000.0,132122.82,48877.18
333,2023-07-10,Mercedes C-Class,North,0.0,48700.0,292200.0,218977.91,73222.09
1196,2024-09-06,Mercedes GLC,North,5.0,58100.0,290500.0,208117.22,82382.78
284,2023-06-12,Mercedes GLC,West,6.0,49900.0,299400.0,213069.28,86330.72
1716,2025-05-04,Mercedes C-Class,East,3.0,45100.0,135300.0,101150.21,34149.79
1349,2024-11-14,Mercedes GLC,North,7.0,54200.0,379400.0,274685.06,104714.94
1980,2025-09-10,Mercedes GLC,West,9.0,57700.0,519300.0,380939.0,138361.0
1922,2025-08-11,Mercedes GLE,East,7.0,71100.0,497700.0,345262.78,152437.22
187,2023-04-17,Mercedes GLC,East,3.0,58200.0,174600.0,124475.83,50124.17
454,2023-09-06,Mercedes GLC,East,9.0,53500.0,481500.0,352485.28,129014.72
774,2024-02-05,Mercedes GLC,West,2.0,56800.0,113600.0,80204.17,33395.83
499,2023-09-28,Mercedes GLS,West,3.0,85000.0,255000.0,179799.32,75200.68
990,2024-05-24,Mercedes GLE,North,3.0,69700.0,209100.0,149830.28,59269.72
1674,2025-04-09,Mercedes A-Class,North,4.0,34700.0,138800.0,104787.2,34012.8
768,2024-01-31,Mercedes A-Class,South,1.0,37600.0,37600.0,27405.17,10194.83
571,2023-10-29,Mercedes GLC,South,6.0,57600.0,345600.0,246601.97,98998.03
678,2023-12-22,Mercedes GLE,West,4.0,67400.0,269600.0,187326.12,82273.88
324,2023-07-04,Mercedes GLS,North,2.0,86300.0,172600.0,123594.05,49005.95
2187,2025-12-26,Mercedes GLE,South,4.0,75900.0,303600.0,221282.36,82317.64
999,2024-05-27,Mercedes GLC,North,9.0,56300.0,506700.0,370295.7,136404.3
2109,2025-11-14,Mercedes A-Class,North,6.0,40100.0,240600.0,181879.86,58720.14
2132,2025-11-28,Mercedes A-Class,North,9.0,38500.0,346500.0,259011.03,87488.97
1611,2025-03-13,Mercedes G-Class,East,1.0,144500.0,144500.0,96577.06,47922.94
1343,2024-11-12,Mercedes E-Class,East,4.0,72600.0,290400.0,210229.04,80170.96
64,2023-02-01,Mercedes C-Class,North,2.0,45500.0,91000.0,65033.44,25966.56
2151,2025-12-08,Mercedes GLC,North,8.0,58800.0,470400.0,331788.53,138611.47
1174,2024-08-26,Mercedes C-Class,South,5.0,46400.0,232000.0,173523.92,58476.08
917,2024-04-13,Mercedes GLC,East,6.0,59200.0,355200.0,255345.92,99854.08
592,2023-11-06,Mercedes GLE,East,6.0,75700.0,454200.0,315290.05,138909.95
1695,2025-04-22,Mercedes GLE,North,8.0,76700.0,613600.0,447743.58,165856.42
505,2023-09-30,Mercedes GLC,North,5.0,58500.0,292500.0,216150.47,76349.53
670,2023-12-16,Mercedes GLE,North,7.0,62700.0,438900.0,309036.42,129863.58
354,2023-07-23,Mercedes GLE,South,2.0,64500.0,129000.0,89644.59,39355.41
1946,2025-08-27,Mercedes A-Class,South,6.0,35900.0,215400.0,156331.73,59068.27
312,2023-06-28,Mercedes GLE,West,3.0,65800.0,197400.0,136228.63,61171.37
888,2024-04-03,Mercedes C-Class,South,6.0,50100.0,300600.0,220866.52,79733.48
2077,2025-10-28,Mercedes GLC,West,8.0,55000.0,440000.0,325395.5,114604.5
1593,2025-03-07,Mercedes E-Class,North,6.0,63600.0,381600.0,275275.66,106324.34
2163,2025-12-12,Mercedes C-Class,East,7.0,52600.0,368200.0,265374.04,102825.96
1915,2025-08-07,Mercedes GLS,West,4.0,93900.0,375600.0,266684.56,108915.44
2164,2025-12-12,Mercedes GLC,West,8.0,51900.0,415200.0,300093.76,115106.24
1927,2025-08-15,Mercedes GLE,South,2.0,62500.0,125000.0,89374.31,35625.69
120,2023-03-07,Mercedes C-Class,North,6.0,51600.0,309600.0,224724.9,84875.1
1012,2024-06-06,Mercedes GLE,East,5.0,71700.0,358500.0,256574.72,101925.28
352,2023-07-21,Mercedes GLS,East,5.0,91500.0,457500.0,317700.83,139799.17
406,2023-08-14,Mercedes C-Class,North,7.0,50000.0,350000.0,259901.19,90098.81
2037,2025-10-01,Mercedes GLC,West,5.0,55400.0,277000.0,198941.23,78058.77
53,2023-01-26,Mercedes E-Class,North,3.0,68900.0,206700.0,143181.46,63518.54
382,2023-08-06,Mercedes E-Class,South,6.0,60700.0,364200.0,253689.42,110510.58
1378,2024-11-30,Mercedes C-Class,West,5.0,55400.0,277000.0,198194.22,78805.78
1270,2024-10-12,Mercedes G-Class,West,2.0,157600.0,315200.0,208441.87,106758.13
1154,2024-08-14,Mercedes E-Class,East,4.0,63100.0,252400.0,182534.24,69865.76
539,2023-10-14,Mercedes C-Class,East,5.0,52900.0,264500.0,191263.62,73236.38
1121,2024-07-30,Mercedes A-Class,East,3.0,36100.0,108300.0,79597.47,28702.53
664,2023-12-13,Mercedes A-Class,South,5.0,38600.0,193000.0,144652.57,48347.43
513,2023-10-05,Mercedes C-Class,South,4.0,53600.0,214400.0,156720.28,57679.72
1619,2025-03-17,Mercedes A-Class,South,9.0,41300.0,371700.0,281903.44,89796.56
850,2024-03-14,Mercedes GLC,South,6.0,56000.0,336000.0,236442.41,99557.59
749,2024-01-21,Mercedes E-Class,West,1.0,72100.0,72100.0,50374.88,21725.12
982,2024-05-20,Mercedes G-Class,North,1.0,167800.0,167800.0,113550.12,54249.88
1122,2024-07-31,Mercedes E-Class,East,6.0,62600.0,375600.0,270492.36,105107.64
558,2023-10-23,Mercedes A-Class,North,8.0,36400.0,291200.0,214572.74,76627.26
1876,2025-07-17,Mercedes GLE,East,3.0,68100.0,204300.0,147465.09,56834.91
1126,2024-08-02,Mercedes S-Class,South,1.0,115600.0,115600.0,78686.0,36914.0
1124,2024-08-01,Mercedes GLS,South,3.0,86000.0,258000.0,185639.89,72360.11
1119,2024-07-29,Mercedes E-Class,East,7.0,70300.0,492100.0,357336.48,134763.52
1882,2025-07-20,Mercedes C-Class,West,5.0,55200.0,276000.0,200454.77,75545.23
395,2023-08-09,Mercedes S-Class,East,5.0,139900.0,699500.0,471601.71,227898.29
1027,2024-06-13,Mercedes C-Class,North,6.0,47700.0,286200.0,214500.66,71699.34
443,2023-09-01,Mercedes E-Class,West,4.0,69000.0,276000.0,194951.16,81048.84
1652,2025-04-03,Mercedes GLE,South,2.0,63300.0,126600.0,88759.1,37840.9
1661,2025-04-05,Mercedes GLC,North,10.0,49700.0,497000.0,360000.07,136999.93
1236,2024-09-27,Mercedes GLC,West,8.0,57300.0,458400.0,335954.73,122445.27
1798,2025-06-14,Mercedes G-Class,South,5.0,174800.0,874000.0,570794.37,303205.63
1182,2024-08-28,Mercedes A-Class,South,4.0,35300.0,141200.0,103246.1,37953.9
1496,2025-01-23,Mercedes E-Class,North,2.0,66600.0,133200.0,97004.12,36195.88
1470,2025-01-10,Mercedes C-Class,West,5.0,53200.0,266000.0,195126.01,70873.99
89,2023-02-15,Mercedes GLE,South,3.0,64900.0,194700.0,140158.82,54541.18
1467,2025-01-09,Mercedes GLC,South,4.0,56500.0,226000.0,163236.47,62763.53
2194,2025-12-28,Mercedes A-Class,North,5.0,35900.0,179500.0,129520.67,49979.33
593,2023-11-07,Mercedes GLE,South,7.0,76000.0,532000.0,379631.12,152368.88
510,2023-10-02,Mercedes E-Class,West,3.0,67000.0,201000.0,142727.42,58272.58
1773,2025-06-02,Mercedes S-Class,East,4.0,138600.0,554400.0,369387.93,185012.07
893,2024-04-06,Mercedes GLE,West,1.0,67100.0,67100.0,48709.05,18390.95
1829,2025-06-28,Mercedes GLC,East,6.0,55300.0,331800.0,235365.69,96434.31
1517,2025-02-02,Mercedes G-Class,East,1.0,166700.0,166700.0,111452.81,55247.19
235,2023-05-15,Mercedes GLC,East,7.0,50300.0,352100.0,251972.37,100127.63
1553,2025-02-20,Mercedes GLS,North,3.0,91400.0,274200.0,192760.54,81439.46
1166,2024-08-20,Mercedes GLS,North,5.0,93300.0,466500.0,334055.7,132444.3
2007,2025-09-20,Mercedes E-Class,East,7.0,71800.0,502600.0,347717.64,154882.36
672,2023-12-17,Mercedes E-Class,East,5.0,69900.0,349500.0,251229.45,98270.55
753,2024-01-24,Mercedes GLC,South,3.0,59600.0,178800.0,131947.33,46852.67
642,2023-11-30,Mercedes GLC,North,6.0,54500.0,327000.0,233890.85,93109.15
129,2023-03-14,Mercedes GLC,South,9.0,55700.0,501300.0,360564.95,140735.05
1902,2025-07-30,Mercedes GLS,North,2.0,88200.0,176400.0,126159.9,50240.1
661,2023-12-09,Mercedes A-Class,East,6.0,41500.0,249000.0,181834.73,67165.27
1500,2025-01-25,Mercedes GLS,North,3.0,94500.0,283500.0,200863.07,82636.93
532,2023-10-13,Mercedes GLS,West,3.0,85900.0,257700.0,176721.8,80978.2
232,2023-05-14,Mercedes S-Class,South,4.0,125000.0,500000.0,331072.18,168927.82
1495,2025-01-22,Mercedes GLC,North,2.0,54200.0,108400.0,77945.84,30454.16
1253,2024-10-04,Mercedes GLS,East,1.0,99100.0,99100.0,70350.19,28749.81
2095,2025-11-06,Mercedes C-Class,East,8.0,55400.0,443200.0,317228.96,125971.04
1510,2025-01-31,Mercedes GLC,West,7.0,51100.0,357700.0,254597.28,103102.72
1202,2024-09-09,Mercedes S-Class,North,1.0,131700.0,131700.0,90896.97,40803.03
359,2023-07-26,Mercedes C-Class,North,5.0,49700.0,248500.0,178942.49,69557.51
450,2023-09-04,Mercedes G-Class,East,5.0,150300.0,751500.0,496696.48,254803.52
738,2024-01-15,Mercedes GLE,South,2.0,76100.0,152200.0,108793.76,43406.24
1969,2025-09-04,Mercedes A-Class,North,2.0,40100.0,80200.0,60663.55,19536.45
1644,2025-03-31,Mercedes GLC,East,8.0,57800.0,462400.0,333854.59,128545.41
92,2023-02-18,Mercedes C-Class,North,6.0,51800.0,310800.0,221375.16,89424.84
1866,2025-07-13,Mercedes GLC,North,7.0,58700.0,410900.0,293060.94,117839.06
955,2024-05-07,Mercedes GLC,East,6.0,56300.0,337800.0,245187.44,92612.56
1224,2024-09-20,Mercedes GLE,South,5.0,65400.0,327000.0,234161.27,92838.73
1691,2025-04-21,Mercedes GLC,North,9.0,55200.0,496800.0,363550.61,133249.39
2012,2025-09-21,Mercedes C-Class,North,4.0,53000.0,212000.0,153136.17,58863.83
606,2023-11-12,Mercedes E-Class,North,5.0,70500.0,352500.0,246505.71,105994.29
1920,2025-08-08,Mercedes C-Class,South,7.0,48100.0,336700.0,250819.17,85880.83
371,2023-07-31,Mercedes E-Class,South,4.0,60400.0,241600.0,172483.5,69116.5
370,2023-07-31,Mercedes A-Class,North,7.0,40500.0,283500.0,205076.29,78423.71
1503,2025-01-27,Mercedes A-Class,South,1.0,38400.0,38400.0,27710.51,10689.49
215,2023-05-04,Mercedes E-Class,North,1.0,74000.0,74000.0,52487.27,21512.73
822,2024-02-27,Mercedes E-Class,East,1.0,72300.0,72300.0,50525.09,21774.91
1815,2025-06-21,Mercedes GLS,East,4.0,80900.0,323600.0,230638.42,92961.58
899,2024-04-08,Mercedes C-Class,South,5.0,54200.0,271000.0,198526.43,72473.57
91,2023-02-17,Mercedes GLS,North,6.0,98500.0,591000.0,417177.6,173822.4
10,2023-01-06,Mercedes GLC,South,2.0,58400.0,116800.0,85717.97,31082.03
1999,2025-09-18,Mercedes GLC,East,5.0,49400.0,247000.0,173104.79,73895.21
2094,2025-11-06,Mercedes E-Class,West,7.0,72700.0,508900.0,359826.69,149073.31
853,2024-03-16,Mercedes GLE,East,6.0,68900.0,413400.0,298928.2,114471.8
1670,2025-04-07,Mercedes E-Class,West,7.0,63700.0,445900.0,313069.77,132830.23
2070,2025-10-21,Mercedes A-Class,South,2.0,35200.0,70400.0,51645.77,18754.23
1028,2024-06-14,Mercedes G-Class,East,1.0,145800.0,145800.0,94052.26,51747.74
331,2023-07-10,Mercedes GLC,West,4.0,51500.0,206000.0,149671.03,56328.97
940,2024-04-27,Mercedes C-Class,North,5.0,48300.0,241500.0,179766.97,61733.03
1315,2024-10-30,Mercedes E-Class,North,3.0,65600.0,196800.0,136947.22,59852.78
1696,2025-04-22,Mercedes A-Class,North,7.0,34800.0,243600.0,177529.99,66070.01
310,2023-06-27,Mercedes GLE,West,3.0,76300.0,228900.0,159222.96,69677.04
1353,2024-11-16,Mercedes C-Class,South,6.0,45900.0,275400.0,203657.69,71742.31
1523,2025-02-05,Mercedes E-Class,North,5.0,71800.0,359000.0,254082.6,104917.4
61,2023-01-31,Mercedes A-Class,West,4.0,41400.0,165600.0,125526.11,40073.89
1376,2024-11-29,Mercedes C-Class,South,6.0,46700.0,280200.0,202434.83,77765.17
140,2023-03-22,Mercedes GLC,South,5.0,56800.0,284000.0,203983.64,80016.36
1948,2025-08-27,Mercedes GLS,West,1.0,84200.0,84200.0,57265.0,26935.0
1507,2025-01-28,Mercedes S-Class,East,4.0,132700.0,530800.0,355617.14,175182.86
1730,2025-05-12,Mercedes C-Class,North,5.0,50800.0,254000.0,187915.96,66084.04
1976,2025-09-09,Mercedes GLE,South,7.0,67600.0,473200.0,331684.0,141516.0
2193,2025-12-28,Mercedes C-Class,West,7.0,54300.0,380100.0,273426.27,106673.73
723,2024-01-10,Mercedes E-Class,South,5.0,63800.0,319000.0,225306.85,93693.15
58,2023-01-30,Mercedes C-Class,North,3.0,49100.0,147300.0,106391.64,40908.36
2117,2025-11-18,Mercedes GLS,West,5.0,97200.0,486000.0,345263.89,140736.11
1812,2025-06-20,Mercedes A-Class,East,3.0,40800.0,122400.0,92731.2,29668.8
645,2023-12-02,Mercedes E-Class,East,6.0,70800.0,424800.0,300748.18,124051.82
1041,2024-06-21,Mercedes GLC,West,3.0,57700.0,173100.0,123530.7,49569.3
1597,2025-03-08,Mercedes C-Class,West,7.0,47000.0,329000.0,243969.92,85030.08
1339,2024-11-10,Mercedes G-Class,North,1.0,170400.0,170400.0,115014.48,55385.52
1890,2025-07-26,Mercedes GLC,East,7.0,49700.0,347900.0,244654.57,103245.43
935,2024-04-26,Mercedes A-Class,West,8.0,39400.0,315200.0,229776.27,85423.73
332,2023-07-10,Mercedes A-Class,West,5.0,37200.0,186000.0,140447.24,45552.76
805,2024-02-17,Mercedes C-Class,North,2.0,53600.0,107200.0,77576.57,29623.43
336,2023-07-11,Mercedes GLE,North,3.0,77200.0,231600.0,161949.27,69650.73
197,2023-04-25,Mercedes C-Class,North,5.0,51000.0,255000.0,183778.06,71221.94
1616,2025-03-16,Mercedes G-Class,North,1.0,169000.0,169000.0,113577.0,55423.0
1605,2025-03-11,Mercedes GLC,South,3.0,48800.0,146400.0,104742.96,41657.04
985,2024-05-21,Mercedes S-Class,West,2.0,117700.0,235400.0,157608.39,77791.61
293,2023-06-17,Mercedes E-Class,North,2.0,66300.0,132600.0,96451.68,36148.32
1252,2024-10-04,Mercedes GLC,West,4.0,52500.0,210000.0,152730.49,57269.51
1719,2025-05-06,Mercedes A-Class,North,6.0,38400.0,230400.0,168215.28,62184.72
665,2023-12-13,Mercedes E-Class,West,7.0,65500.0,458500.0,328405.89,130094.11
992,2024-05-24,Mercedes GLS,North,2.0,87400.0,174800.0,123187.52,51612.48
2023,2025-09-25,Mercedes GLC,West,11.0,59600.0,655600.0,460674.55,194925.45
1913,2025-08-06,Mercedes GLS,North,5.0,86500.0,432500.0,299429.02,133070.98
752,2024-01-23,Mercedes A-Class,East,4.0,39600.0,158400.0,118501.37,39898.63
1156,2024-08-16,Mercedes C-Class,West,3.0,45500.0,136500.0,100703.17,35796.83
2065,2025-10-18,Mercedes GLC,North,7.0,58000.0,406000.0,289078.7,116921.3
878,2024-03-29,Mercedes GLC,North,6.0,56500.0,339000.0,238289.38,100710.62
2064,2025-10-18,Mercedes GLC,North,6.0,50800.0,304800.0,216091.27,88708.73
1873,2025-07-16,Mercedes A-Class,East,7.0,36800.0,257600.0,189124.01,68475.99
2046,2025-10-03,Mercedes C-Class,East,9.0,54500.0,490500.0,356396.05,134103.95
448,2023-09-04,Mercedes E-Class,North,10.0,62000.0,620000.0,450841.64,169158.36
1344,2024-11-13,Mercedes A-Class,South,7.0,36600.0,256200.0,188682.54,67517.46
801,2024-02-16,Mercedes E-Class,South,5.0,67200.0,336000.0,234227.44,101772.56
2069,2025-10-20,Mercedes GLE,North,4.0,75700.0,302800.0,217893.18,84906.82
1163,2024-08-19,Mercedes GLE,West,5.0,65600.0,328000.0,227672.02,100327.98
1964,2025-09-02,Mercedes S-Class,East,1.0,134700.0,134700.0,90685.76,44014.24
553,2023-10-20,Mercedes A-Class,West,8.0,34500.0,276000.0,204938.74,71061.26
1509,2025-01-30,Mercedes C-Class,East,5.0,50700.0,253500.0,189478.09,64021.91
938,2024-04-27,Mercedes GLS,East,1.0,91100.0,91100.0,65068.39,26031.61
1749,2025-05-19,Mercedes GLS,West,1.0,88100.0,88100.0,62442.17,25657.83
956,2024-05-07,Mercedes GLS,South,3.0,81700.0,245100.0,174051.18,71048.82
275,2023-06-07,Mercedes GLC,North,5.0,55800.0,279000.0,200131.28,78868.72
1397,2024-12-10,Mercedes S-Class,North,2.0,130900.0,261800.0,180049.92,81750.08
668,2023-12-15,Mercedes C-Class,West,5.0,51400.0,257000.0,186702.24,70297.76
767,2024-01-29,Mercedes GLC,East,4.0,52900.0,211600.0,155296.67,56303.33
106,2023-02-26,Mercedes GLC,South,8.0,59000.0,472000.0,332069.54,139930.46
1046,2024-06-24,Mercedes G-Class,South,1.0,165300.0,165300.0,107938.49,57361.51
491,2023-09-23,Mercedes GLC,West,7.0,55300.0,387100.0,286447.73,100652.27
280,2023-06-10,Mercedes GLE,North,3.0,72800.0,218400.0,157372.44,61027.56
212,2023-05-03,Mercedes GLE,West,4.0,71400.0,285600.0,203479.56,82120.44
474,2023-09-16,Mercedes A-Class,South,5.0,39100.0,195500.0,140855.92,54644.08
2019,2025-09-23,Mercedes E-Class,North,6.0,69100.0,414600.0,294351.69,120248.31
1504,2025-01-27,Mercedes A-Class,North,3.0,39400.0,118200.0,87248.28,30951.72
1675,2025-04-12,Mercedes C-Class,North,6.0,55700.0,334200.0,240446.7,93753.3
1473,2025-01-11,Mercedes S-Class,South,1.0,120800.0,120800.0,83076.93,37723.07
1468,2025-01-09,Mercedes E-Class,West,4.0,66800.0,267200.0,185934.36,81265.64
11,2023-01-07,Mercedes C-Class,North,5.0,55500.0,277500.0,202581.51,74918.49
171,2023-04-07,Mercedes GLS,South,1.0,98500.0,98500.0,70824.74,27675.26
2088,2025-11-04,Mercedes GLS,West,2.0,82200.0,164400.0,115589.56,48810.44
2130,2025-11-26,Mercedes GLC,West,7.0,53500.0,374500.0,262964.11,111535.89
1699,2025-04-24,Mercedes C-Class,North,5.0,54600.0,273000.0,197930.81,75069.19
1450,2025-01-03,Mercedes C-Class,East,5.0,53000.0,265000.0,195640.24,69359.76
1753,2025-05-23,Mercedes GLE,North,6.0,76000.0,456000.0,329016.12,126983.88
1336,2024-11-09,Mercedes A-Class,West,6.0,36700.0,220200.0,166626.91,53573.09
600,2023-11-10,Mercedes A-Class,North,8.0,36400.0,291200.0,212290.28,78909.72
1071,2024-07-09,Mercedes E-Class,North,4.0,69100.0,276400.0,200628.48,75771.52
951,2024-05-03,Mercedes GLE,North,6.0,63800.0,382800.0,267070.62,115729.38
977,2024-05-18,Mercedes A-Class,East,5.0,39200.0,196000.0,145031.31,50968.69
1426,2024-12-23,Mercedes A-Class,South,6.0,35900.0,215400.0,158677.15,56722.85
1113,2024-07-26,Mercedes C-Class,North,7.0,55400.0,387800.0,280629.41,107170.59
1692,2025-04-21,Mercedes GLC,North,6.0,52700.0,316200.0,233856.4,82343.6
1274,2024-10-14,Mercedes E-Class,North,4.0,69300.0,277200.0,197556.47,79643.53
1147,2024-08-12,Mercedes GLS,North,1.0,81500.0,81500.0,58457.7,23042.3
1283,2024-10-17,Mercedes GLS,East,4.0,86200.0,344800.0,248212.54,96587.46
658,2023-12-08,Mercedes A-Class,South,6.0,34400.0,206400.0,152314.37,54085.63
343,2023-07-17,Mercedes A-Class,West,4.0,35600.0,142400.0,107141.81,35258.19
1782,2025-06-07,Mercedes GLS,West,3.0,98700.0,296100.0,203724.48,92375.52
2125,2025-11-24,Mercedes C-Class,West,7.0,55500.0,388500.0,285149.02,103350.98
788,2024-02-11,Mercedes C-Class,North,3.0,52600.0,157800.0,117353.49,40446.51
747,2024-01-20,Mercedes GLC,West,7.0,55500.0,388500.0,284646.02,103853.98
1864,2025-07-12,Mercedes A-Class,South,8.0,39000.0,312000.0,230687.92,81312.08
200,2023-04-27,Mercedes GLC,South,5.0,54600.0,273000.0,200838.55,72161.45
1329,2024-11-06,Mercedes GLC,North,7.0,51600.0,361200.0,263284.21,97915.79
2140,2025-12-02,Mercedes S-Class,West,2.0,139100.0,278200.0,183869.07,94330.93
1617,2025-03-17,Mercedes G-Class,East,1.0,160700.0,160700.0,105603.12,55096.88
1352,2024-11-15,Mercedes GLC,North,7.0,57200.0,400400.0,290789.55,109610.45
1368,2024-11-23,Mercedes A-Class,North,4.0,34200.0,136800.0,98535.35,38264.65
1484,2025-01-17,Mercedes GLS,East,4.0,97600.0,390400.0,267180.26,123219.74
1136,2024-08-05,Mercedes E-Class,South,6.0,61700.0,370200.0,260243.87,109956.13
944,2024-04-29,Mercedes G-Class,North,1.0,160700.0,160700.0,108030.32,52669.68
1632,2025-03-25,Mercedes GLE,North,5.0,65600.0,328000.0,229386.45,98613.55
1297,2024-10-24,Mercedes E-Class,West,4.0,69100.0,276400.0,199181.67,77218.33
837,2024-03-07,Mercedes GLE,North,2.0,66100.0,132200.0,93691.14,38508.86
1003,2024-05-29,Mercedes E-Class,South,5.0,74600.0,373000.0,268123.17,104876.83
55,2023-01-26,Mercedes E-Class,North,7.0,64500.0,451500.0,320262.92,131237.08
2180,2025-12-22,Mercedes C-Class,East,8.0,45900.0,367200.0,269603.84,97596.16
39,2023-01-21,Mercedes S-Class,South,1.0,132900.0,132900.0,90464.23,42435.77
476,2023-09-16,Mercedes E-Class,North,5.0,72800.0,364000.0,265259.68,98740.32
1766,2025-05-30,Mercedes C-Class,South,8.0,48100.0,384800.0,284929.99,99870.01
2013,2025-09-21,Mercedes GLC,North,9.0,50900.0,458100.0,329739.94,128360.06
220,2023-05-08,Mercedes A-Class,South,6.0,36500.0,219000.0,165148.56,53851.44
192,2023-04-21,Mercedes C-Class,East,5.0,50800.0,254000.0,184639.47,69360.53
345,2023-07-18,Mercedes A-Class,East,3.0,34700.0,104100.0,78994.02,25105.98
65,2023-02-02,Mercedes S-Class,East,3.0,115200.0,345600.0,235721.92,109878.08
780,2024-02-09,Mercedes GLE,North,2.0,73600.0,147200.0,102322.93,44877.07
238,2023-05-16,Mercedes C-Class,North,4.0,49200.0,196800.0,140538.19,56261.81
1225,2024-09-21,Mercedes A-Class,East,4.0,40600.0,162400.0,117560.01,44839.99
1775,2025-06-02,Mercedes C-Class,South,6.0,49600.0,297600.0,214675.4,82924.6
182,2023-04-16,Mercedes E-Class,West,6.0,64000.0,384000.0,275307.6,108692.4
1564,2025-02-24,Mercedes GLC,North,5.0,56500.0,282500.0,198826.66,83673.34
880,2024-03-30,Mercedes GLE,North,1.0,66800.0,66800.0,47522.63,19277.37
1494,2025-01-22,Mercedes GLS,North,5.0,97600.0,488000.0,346541.64,141458.36
834,2024-03-06,Mercedes GLC,East,5.0,56200.0,281000.0,206909.32,74090.68
1133,2024-08-04,Mercedes GLC,North,7.0,53300.0,373100.0,263716.15,109383.85
46,2023-01-24,Mercedes GLE,South,3.0,66200.0,198600.0,139072.89,59527.11
1856,2025-07-10,Mercedes G-Class,East,1.0,156300.0,156300.0,105215.24,51084.76
1370,2024-11-24,Mercedes GLC,East,10.0,59200.0,592000.0,438008.32,153991.68
895,2024-04-06,Mercedes S-Class,South,2.0,119600.0,239200.0,159731.44,79468.56
1965,2025-09-03,Mercedes A-Class,North,4.0,35100.0,140400.0,105839.91,34560.09
130,2023-03-14,Mercedes GLE,West,6.0,67500.0,405000.0,280596.36,124403.64
2113,2025-11-17,Mercedes GLC,West,6.0,55100.0,330600.0,239554.17,91045.83
543,2023-10-15,Mercedes GLE,North,5.0,69600.0,348000.0,245459.36,102540.64
545,2023-10-16,Mercedes C-Class,East,9.0,53500.0,481500.0,351808.95,129691.05
2056,2025-10-11,Mercedes C-Class,North,9.0,46500.0,418500.0,299725.94,118774.06
759,2024-01-26,Mercedes GLC,South,4.0,56600.0,226400.0,159455.93,66944.07
1879,2025-07-19,Mercedes GLC,West,7.0,54600.0,382200.0,280221.67,101978.33
1462,2025-01-08,Mercedes E-Class,North,2.0,61000.0,122000.0,89003.06,32996.94
1453,2025-01-05,Mercedes GLC,East,3.0,51700.0,155100.0,111461.09,43638.91
588,2023-11-05,Mercedes S-Class,North,1.0,120800.0,120800.0,80038.35,40761.65
1449,2025-01-03,Mercedes A-Class,West,5.0,40800.0,204000.0,154779.93,49220.07
1835,2025-06-29,Mercedes GLC,South,8.0,49800.0,398400.0,287361.78,111038.22
1255,2024-10-05,Mercedes C-Class,South,6.0,46200.0,277200.0,204643.42,72556.58
51,2023-01-26,Mercedes A-Class,East,4.0,39600.0,158400.0,118343.36,40056.64
1700,2025-04-24,Mercedes C-Class,West,7.0,45600.0,319200.0,229404.93,89795.07
1859,2025-07-10,Mercedes GLC,South,4.0,56000.0,224000.0,158134.88,65865.12
608,2023-11-12,Mercedes A-Class,West,4.0,40700.0,162800.0,122117.98,40682.02
2039,2025-10-02,Mercedes C-Class,East,9.0,47200.0,424800.0,303914.3,120885.7
1630,2025-03-24,Mercedes E-Class,East,4.0,71300.0,285200.0,201502.11,83697.89
563,2023-10-25,Mercedes GLC,North,6.0,55900.0,335400.0,235689.79,99710.21
1911,2025-08-05,Mercedes E-Class,West,4.0,63000.0,252000.0,177922.43,74077.57
1627,2025-03-21,Mercedes E-Class,East,8.0,62700.0,501600.0,358404.88,143195.12
1197,2024-09-07,Mercedes A-Class,West,4.0,35800.0,143200.0,107744.65,35455.35
1736,2025-05-14,Mercedes E-Class,West,5.0,68900.0,344500.0,243007.09,101492.91
90,2023-02-16,Mercedes C-Class,North,4.0,55500.0,222000.0,163264.9,58735.1
1134,2024-08-04,Mercedes GLC,North,8.0,50200.0,401600.0,283823.49,117776.51
1312,2024-10-29,Mercedes GLC,North,8.0,54800.0,438400.0,321419.76,116980.24
1631,2025-03-25,Mercedes GLC,North,9.0,53700.0,483300.0,355609.77,127690.23
1161,2024-08-18,Mercedes GLE,East,2.0,62600.0,125200.0,90016.87,35183.13
1145,2024-08-12,Mercedes E-Class,North,2.0,66300.0,132600.0,92792.16,39807.84
793,2024-02-13,Mercedes GLC,North,9.0,56800.0,511200.0,373316.02,137883.98
2093,2025-11-06,Mercedes C-Class,South,9.0,53600.0,482400.0,356258.97,126141.03
112,2023-03-01,Mercedes C-Class,South,7.0,54200.0,379400.0,283370.52,96029.48
2129,2025-11-26,Mercedes GLC,East,6.0,48200.0,289200.0,208797.69,80402.31
1671,2025-04-08,Mercedes E-Class,East,7.0,71600.0,501200.0,363489.78,137710.22
1618,2025-03-17,Mercedes C-Class,West,5.0,46100.0,230500.0,171638.19,58861.81
1545,2025-02-14,Mercedes C-Class,South,3.0,48900.0,146700.0,108785.27,37914.73
777,2024-02-07,Mercedes A-Class,North,4.0,39400.0,157600.0,118316.52,39283.48
1649,2025-04-02,Mercedes A-Class,South,6.0,41900.0,251400.0,188642.44,62757.56
1634,2025-03-26,Mercedes A-Class,West,5.0,41400.0,207000.0,151518.01,55481.99
659,2023-12-09,Mercedes GLC,West,8.0,59700.0,477600.0,349093.48,128506.52
1459,2025-01-07,Mercedes GLE,West,5.0,74700.0,373500.0,267005.33,106494.67
1967,2025-09-03,Mercedes E-Class,West,6.0,73000.0,438000.0,303366.03,134633.97
1602,2025-03-09,Mercedes A-Class,East,6.0,39800.0,238800.0,181410.86,57389.14
1809,2025-06-20,Mercedes GLE,North,5.0,62900.0,314500.0,217456.15,97043.85
1576,2025-03-01,Mercedes GLE,West,5.0,77800.0,389000.0,270776.76,118223.24
2104,2025-11-12,Mercedes GLS,North,3.0,85300.0,255900.0,178653.72,77246.28
31,2023-01-16,Mercedes GLC,North,6.0,54900.0,329400.0,237190.78,92209.22
41,2023-01-21,Mercedes A-Class,North,4.0,35800.0,143200.0,107647.34,35552.66
1392,2024-12-05,Mercedes A-Class,North,6.0,41200.0,247200.0,178581.27,68618.73
1074,2024-07-10,Mercedes GLC,West,7.0,51400.0,359800.0,262552.2,97247.8
1230,2024-09-24,Mercedes GLE,East,6.0,71000.0,426000.0,297218.95,128781.05
1184,2024-08-30,Mercedes A-Class,South,2.0,35600.0,71200.0,52334.13,18865.87
1784,2025-06-08,Mercedes G-Class,East,1.0,156800.0,156800.0,103042.39,53757.61
993,2024-05-24,Mercedes C-Class,North,6.0,55300.0,331800.0,248058.39,83741.61
1643,2025-03-30,Mercedes C-Class,West,8.0,45900.0,367200.0,272089.52,95110.48
980,2024-05-19,Mercedes E-Class,South,8.0,74400.0,595200.0,419330.26,175869.74
18,2023-01-11,Mercedes S-Class,West,2.0,125400.0,250800.0,165971.66,84828.34
1409,2024-12-18,Mercedes GLC,West,7.0,55100.0,385700.0,280738.8,104961.2
1982,2025-09-11,Mercedes S-Class,East,5.0,123300.0,616500.0,429253.66,187246.34
1825,2025-06-27,Mercedes A-Class,East,6.0,40300.0,241800.0,180172.88,61627.12
809,2024-02-21,Mercedes A-Class,North,6.0,36600.0,219600.0,161371.54,58228.46
591,2023-11-05,Mercedes A-Class,South,8.0,36100.0,288800.0,210510.83,78289.17
575,2023-10-30,Mercedes GLE,North,4.0,68200.0,272800.0,193452.65,79347.35
1765,2025-05-29,Mercedes A-Class,South,8.0,37200.0,297600.0,225763.26,71836.74
228,2023-05-12,Mercedes GLC,East,5.0,53400.0,267000.0,196399.32,70600.68
643,2023-11-30,Mercedes E-Class,South,7.0,71300.0,499100.0,356454.19,142645.81
792,2024-02-13,Mercedes E-Class,East,4.0,61500.0,246000.0,179354.25,66645.75
1739,2025-05-17,Mercedes GLE,East,2.0,70100.0,140200.0,96840.24,43359.76
2177,2025-12-21,Mercedes GLC,North,5.0,53100.0,265500.0,195816.04,69683.96
2142,2025-12-03,Mercedes GLE,West,6.0,66800.0,400800.0,286866.04,113933.96
1697,2025-04-23,Mercedes GLE,South,7.0,74800.0,523600.0,366871.98,156728.02
885,2024-04-01,Mercedes A-Class,South,2.0,34700.0,69400.0,52711.22,16688.78
1193,2024-09-03,Mercedes GLC,East,4.0,57900.0,231600.0,163543.66,68056.34
721,2024-01-08,Mercedes GLC,South,7.0,53400.0,373800.0,271704.18,102095.82
1768,2025-05-31,Mercedes A-Class,South,6.0,36800.0,220800.0,166342.86,54457.14
1287,2024-10-20,Mercedes A-Class,North,6.0,40100.0,240600.0,181278.05,59321.95
1820,2025-06-23,Mercedes C-Class,West,7.0,46300.0,324100.0,231289.97,92810.03
410,2023-08-17,Mercedes GLC,West,7.0,48900.0,342300.0,250217.09,92082.91
452,2023-09-05,Mercedes GLE,South,3.0,77600.0,232800.0,168420.81,64379.19
2057,2025-10-13,Mercedes GLC,North,10.0,54200.0,542000.0,393098.67,148901.33
285,2023-06-12,Mercedes GLE,West,3.0,75400.0,226200.0,157811.99,68388.01
887,2024-04-03,Mercedes GLE,East,4.0,77600.0,310400.0,220670.85,89729.15
2153,2025-12-09,Mercedes C-Class,East,10.0,47700.0,477000.0,344840.69,132159.31
612,2023-11-14,Mercedes E-Class,South,6.0,68200.0,409200.0,284951.5,124248.5
184,2023-04-17,Mercedes GLC,West,6.0,60000.0,360000.0,257039.43,102960.57
1319,2024-10-31,Mercedes GLE,East,6.0,64500.0,387000.0,272221.02,114778.98
118,2023-03-07,Mercedes A-Class,North,6.0,38600.0,231600.0,171623.21,59976.79
1595,2025-03-07,Mercedes A-Class,East,9.0,36400.0,327600.0,245973.12,81626.88
385,2023-08-06,Mercedes GLC,North,9.0,56000.0,504000.0,370348.82,133651.18
1123,2024-07-31,Mercedes G-Class,North,1.0,152500.0,152500.0,101355.75,51144.25
554,2023-10-20,Mercedes C-Class,North,7.0,46600.0,326200.0,239295.42,86904.58
959,2024-05-08,Mercedes A-Class,East,7.0,35900.0,251300.0,187971.49,63328.51
88,2023-02-15,Mercedes A-Class,North,4.0,41000.0,164000.0,122309.05,41690.95
1686,2025-04-18,Mercedes GLS,South,5.0,98000.0,490000.0,346571.09,143428.91
703,2024-01-02,Mercedes E-Class,North,1.0,68400.0,68400.0,49292.55,19107.45
426,2023-08-26,Mercedes GLE,South,1.0,63100.0,63100.0,44132.9,18967.1
1262,2024-10-10,Mercedes GLC,North,8.0,51600.0,412800.0,304126.3,108673.7
1095,2024-07-20,Mercedes C-Class,South,7.0,,319900.0,233337.55,86562.45
742,2024-01-17,Mercedes G-Class,East,1.0,156400.0,156400.0,104672.67,51727.33
38,2023-01-19,Mercedes A-Class,East,5.0,41000.0,205000.0,154083.3,50916.7
1024,2024-06-12,Mercedes G-Class,South,1.0,166800.0,166800.0,107600.83,59199.17
577,2023-10-31,Mercedes S-Class,South,4.0,116600.0,466400.0,312954.7,153445.3
2118,2025-11-18,Mercedes C-Class,South,7.0,50900.0,356300.0,264285.15,92014.85
1672,2025-04-08,Mercedes C-Class,North,7.0,54400.0,380800.0,275757.08,105042.92
1447,2025-01-02,Mercedes GLC,West,8.0,51700.0,413600.0,291958.74,121641.26
451,2023-09-05,Mercedes GLE,West,1.0,74700.0,74700.0,53234.01,21465.99
2051,2025-10-07,Mercedes E-Class,East,6.0,67800.0,406800.0,282468.65,124331.35
1535,2025-02-09,Mercedes A-Class,West,6.0,402000.0,241200.0,173814.8,67385.2
810,2024-02-21,Mercedes C-Class,South,4.0,55700.0,222800.0,159572.72,63227.28
1757,2025-05-24,Mercedes A-Class,West,6.0,39400.0,236400.0,173570.4,62829.6
741,2024-01-17,Mercedes GLC,North,8.0,57000.0,456000.0,327207.52,128792.48
756,2024-01-25,Mercedes A-Class,North,7.0,37300.0,261100.0,193779.15,67320.85
1781,2025-06-06,Mercedes S-Class,West,1.0,120000.0,120000.0,83982.9,36017.1
1567,2025-02-25,Mercedes GLC,East,6.0,56700.0,340200.0,251410.4,88789.6
1221,2024-09-18,Mercedes C-Class,South,3.0,49400.0,148200.0,108908.7,39291.3
1827,2025-06-27,Mercedes GLC,West,7.0,52700.0,368900.0,271894.71,97005.29
941,2024-04-27,Mercedes A-Class,West,7.0,38900.0,272300.0,203509.04,68790.96
2154,2025-12-09,Mercedes S-Class,West,2.0,137500.0,275000.0,181861.25,93138.75
2078,2025-10-28,Mercedes A-Class,South,7.0,40300.0,282100.0,204995.7,77104.3
189,2023-04-18,Mercedes C-Class,North,4.0,54100.0,216400.0,159566.14,56833.86
473,2023-09-15,Mercedes G-Class,West,1.0,162200.0,162200.0,104044.72,58155.28
1524,2025-02-05,Mercedes GLS,North,5.0,92100.0,460500.0,319055.75,141444.25
1170,2024-08-23,Mercedes E-Class,West,5.0,60800.0,304000.0,217908.16,86091.84
995,2024-05-26,Mercedes C-Class,North,9.0,54200.0,487800.0,353284.81,134515.19
1463,2025-01-08,Mercedes C-Class,South,7.0,48200.0,337400.0,245962.67,91437.33
1912,2025-08-06,Mercedes C-Class,South,4.0,53500.0,214000.0,154892.92,59107.08
1238,2024-09-28,Mercedes GLS,East,2.0,91000.0,182000.0,130983.63,51016.37
1992,2025-09-15,Mercedes GLC,North,6.0,50700.0,304200.0,213947.44,90252.56
1090,2024-07-19,Mercedes C-Class,North,4.0,51100.0,204400.0,147097.33,57302.67
816,2024-02-25,Mercedes GLE,West,4.0,71400.0,285600.0,197398.26,88201.74
926,2024-04-21,Mercedes C-Class,North,6.0,54500.0,327000.0,237142.05,89857.95
614,2023-11-15,Mercedes A-Class,South,7.0,39300.0,275100.0,201014.14,74085.86
1614,2025-03-15,Mercedes GLC,West,4.0,48500.0,194000.0,138236.22,55763.78
1194,2024-09-05,Mercedes GLS,East,2.0,98600.0,197200.0,134913.09,62286.91
436,2023-08-29,Mercedes GLC,North,4.0,53200.0,212800.0,154719.93,58080.07
1279,2024-10-15,Mercedes A-Class,South,5.0,39300.0,196500.0,142486.53,54013.47
754,2024-01-24,Mercedes GLS,South,4.0,92500.0,370000.0,257932.63,112067.37
535,2023-10-14,Mercedes C-Class,South,7.0,46300.0,324100.0,230910.48,93189.52
557,2023-10-21,Mercedes C-Class,South,9.0,50900.0,458100.0,343489.96,114610.04
2136,2025-11-30,Mercedes GLE,West,5.0,72600.0,363000.0,259048.07,103951.93
1926,2025-08-15,Mercedes GLE,East,3.0,71600.0,214800.0,156486.65,58313.35
1645,2025-03-31,Mercedes GLC,North,8.0,54500.0,436000.0,314350.41,121649.59
1474,2025-01-12,Mercedes GLC,West,4.0,49200.0,196800.0,145457.58,51342.42
1563,2025-02-23,Mercedes GLE,East,4.0,67300.0,269200.0,188733.29,80466.71
166,2023-04-04,Mercedes C-Class,East,6.0,55700.0,334200.0,247118.35,87081.65
964,2024-05-11,Mercedes A-Class,West,6.0,38600.0,231600.0,170208.5,61391.5
603,2023-11-11,Mercedes C-Class,East,8.0,46800.0,374400.0,267574.95,106825.05
1824,2025-06-26,Mercedes GLS,West,5.0,96600.0,483000.0,340952.26,142047.74
1813,2025-06-21,Mercedes E-Class,South,4.0,60500.0,242000.0,175785.2,66214.8
104,2023-02-24,Mercedes A-Class,North,3.0,41800.0,125400.0,92207.29,33192.71
351,2023-07-20,Mercedes GLC,South,5.0,58700.0,293500.0,216253.08,77246.92
856,2024-03-17,Mercedes GLE,South,4.0,69900.0,279600.0,200799.11,78800.89
833,2024-03-05,Mercedes GLE,North,5.0,75900.0,379500.0,271888.25,107611.75
1544,2025-02-13,Mercedes C-Class,West,4.0,53500.0,214000.0,159943.39,54056.61
2162,2025-12-12,Mercedes E-Class,North,7.0,66500.0,465500.0,333737.62,131762.38
1237,2024-09-27,Mercedes GLS,East,2.0,98100.0,196200.0,138152.37,58047.63
361,2023-07-27,Mercedes A-Class,West,6.0,34200.0,205200.0,153304.53,51895.47
281,2023-06-10,Mercedes GLE,East,5.0,74500.0,372500.0,270133.91,102366.09
330,2023-07-08,Mercedes C-Class,South,4.0,48800.0,195200.0,144410.48,50789.52
121,2023-03-08,Mercedes GLC,West,2.0,50200.0,100400.0,71557.96,28842.04
2133,2025-11-28,Mercedes GLC,East,6.0,57300.0,343800.0,252651.95,91148.05
1598,2025-03-08,Mercedes A-Class,East,4.0,38400.0,153600.0,115896.96,37703.04
14,2023-01-08,Mercedes S-Class,South,1.0,131000.0,131000.0,87576.85,43423.15
1623,2025-03-20,Mercedes C-Class,East,7.0,46700.0,326900.0,236919.34,89980.66
1756,2025-05-24,Mercedes GLE,East,4.0,71700.0,286800.0,209306.92,77493.08
1018,2024-06-11,Mercedes GLC,East,5.0,52100.0,260500.0,189431.28,71068.72
1158,2024-08-16,Mercedes GLE,North,3.0,69900.0,209700.0,149306.66,60393.34
2041,2025-10-02,Mercedes GLS,South,5.0,95900.0,479500.0,333995.63,145504.37
604,2023-11-11,Mercedes GLC,North,7.0,51800.0,362600.0,267802.11,94797.89
1173,2024-08-25,Mercedes A-Class,North,4.0,36700.0,146800.0,106383.08,40416.92
1938,2025-08-22,Mercedes E-Class,South,5.0,71400.0,357000.0,257782.49,99217.51
1575,2025-02-28,Mercedes E-Class,North,2.0,62000.0,124000.0,85642.15,38357.85
1975,2025-09-08,Mercedes GLC,North,9.0,50600.0,455400.0,333861.97,121538.03
497,2023-09-27,Mercedes A-Class,West,5.0,34100.0,170500.0,124968.12,45531.88
1821,2025-06-24,Mercedes GLC,West,7.0,57100.0,399700.0,294621.63,105078.37
257,2023-05-26,Mercedes GLS,South,3.0,89400.0,268200.0,189678.53,78521.47
1456,2025-01-06,Mercedes GLC,North,6.0,56400.0,338400.0,249257.34,89142.66
1471,2025-01-10,Mercedes GLC,West,6.0,57500.0,345000.0,255004.14,89995.86
30,2023-01-16,Mercedes E-Class,East,5.0,67700.0,338500.0,242533.29,95966.71
567,2023-10-27,Mercedes C-Class,East,5.0,53100.0,265500.0,190828.86,74671.14
32,2023-01-16,Mercedes GLE,West,2.0,77000.0,154000.0,111078.33,42921.67
1924,2025-08-14,Mercedes GLC,North,3.0,50000.0,150000.0,107677.72,42322.28
1752,2025-05-22,Mercedes C-Class,South,5.0,51400.0,257000.0,185613.11,71386.89
2131,2025-11-27,Mercedes C-Class,East,5.0,48100.0,240500.0,171078.32,69421.68
1065,2024-07-06,Mercedes E-Class,South,3.0,70500.0,211500.0,147687.46,63812.54
17,2023-01-09,Mercedes E-Class,North,2.0,69400.0,138800.0,97153.47,41646.53
918,2024-04-15,Mercedes GLC,South,0.0,51000.0,306000.0,218437.0,87563.0
684,2023-12-24,Mercedes E-Class,East,6.0,74700.0,448200.0,314360.47,133839.53
1191,2024-09-03,Mercedes A-Class,North,6.0,36900.0,221400.0,164229.45,57170.55
1407,2024-12-15,Mercedes A-Class,West,3.0,40500.0,121500.0,90518.24,30981.76
692,2023-12-29,Mercedes A-Class,South,5.0,41100.0,205500.0,153766.34,51733.66
536,2023-10-14,Mercedes E-Class,East,3.0,70800.0,212400.0,152124.28,60275.72
1011,2024-06-05,Mercedes E-Class,South,4.0,68400.0,273600.0,195269.84,78330.16
1218,2024-09-17,Mercedes GLS,South,4.0,96400.0,385600.0,272388.35,113211.65
2081,2025-11-01,Mercedes A-Class,West,6.0,35600.0,213600.0,158377.22,55222.78
1680,2025-04-15,Mercedes S-Class,South,3.0,129200.0,387600.0,266395.33,121204.67
2199,2025-12-29,Mercedes C-Class,North,6.0,51200.0,307200.0,221806.24,85393.76
1521,2025-02-03,Mercedes C-Class,West,5.0,50900.0,254500.0,182407.16,72092.84
169,2023-04-05,Mercedes A-Class,South,4.0,34800.0,139200.0,104490.09,34709.91
2091,2025-11-05,Mercedes E-Class,West,4.0,61000.0,244000.0,173760.06,70239.94
1005,2024-05-30,Mercedes S-Class,West,4.0,127400.0,509600.0,352096.72,157503.28
1609,2025-03-12,Mercedes C-Class,South,6.0,53900.0,323400.0,235114.38,88285.62
194,2023-04-22,Mercedes GLC,South,5.0,48800.0,244000.0,175940.42,68059.58
564,2023-10-26,Mercedes C-Class,South,4.0,47700.0,190800.0,136842.19,53957.81
1701,2025-04-25,Mercedes GLC,North,10.0,59600.0,596000.0,430485.72,165514.28
776,2024-02-07,Mercedes GLE,East,2.0,74400.0,148800.0,108411.45,40388.55
1347,2024-11-13,Mercedes GLC,West,6.0,58900.0,353400.0,258220.08,95179.92
674,2023-12-18,Mercedes G-Class,North,3.0,148800.0,446400.0,296960.88,149439.12
667,2023-12-14,Mercedes GLC,North,7.0,56700.0,396900.0,292142.53,104757.47
144,2023-03-24,Mercedes A-Class,South,1.0,35100.0,35100.0,26045.55,9054.45
656,2023-12-08,Mercedes A-Class,West,5.0,36900.0,184500.0,137075.47,47424.53
409,2023-08-16,Mercedes A-Class,North,5.0,35800.0,179000.0,130785.84,48214.16
387,2023-08-07,Mercedes E-Class,North,5.0,71700.0,358500.0,257344.37,101155.63
1059,2024-07-02,Mercedes A-Class,South,2.0,34500.0,69000.0,52200.26,16799.74
1245,2024-10-02,Mercedes GLC,East,6.0,53100.0,318600.0,231496.13,87103.87
1424,2024-12-22,Mercedes GLE,North,4.0,77500.0,310000.0,221131.17,88868.83
845,2024-03-10,Mercedes GLC,North,9.0,55000.0,495000.0,357801.6,137198.4
696,2023-12-30,Mercedes C-Class,South,8.0,52800.0,422400.0,314756.67,107643.33
1816,2025-06-21,Mercedes G-Class,East,2.0,149100.0,298200.0,191261.77,106938.23
1183,2024-08-28,Mercedes A-Class,North,5.0,36700.0,183500.0,135016.37,48483.63
701,2024-01-01,Mercedes A-Class,North,3.0,36100.0,108300.0,78419.26,29880.74
1380,2024-11-30,Mercedes GLS,West,3.0,97500.0,292500.0,210009.01,82490.99
761,2024-01-26,Mercedes C-Class,West,5.0,45900.0,229500.0,166817.85,62682.15
751,2024-01-23,Mercedes C-Class,North,4.0,54400.0,217600.0,156647.38,60952.62
873,2024-03-27,Mercedes C-Class,South,7.0,49900.0,349300.0,256963.42,92336.58
1761,2025-05-27,Mercedes GLC,East,10.0,57400.0,574000.0,419202.31,154797.69
1665,2025-04-06,Mercedes GLE,North,5.0,68600.0,343000.0,237917.09,105082.91
1190,2024-09-03,Mercedes GLS,East,5.0,86600.0,433000.0,295959.01,137040.99
1942,2025-08-25,Mercedes S-Class,North,1.0,130800.0,130800.0,89907.08,40892.92
700,2024-01-01,Mercedes C-Class,South,9.0,55500.0,499500.0,372275.04,127224.96
629,2023-11-26,Mercedes C-Class,North,3.0,46500.0,139500.0,99864.51,39635.49
2097,2025-11-07,Mercedes GLE,South,9.0,69100.0,621900.0,433899.94,188000.06
585,2023-11-03,Mercedes C-Class,West,8.0,50200.0,401600.0,287296.15,114303.85
2119,2025-11-20,Mercedes C-Class,North,9.0,50100.0,450900.0,321763.13,129136.87
2167,2025-12-14,Mercedes GLC,West,8.0,48500.0,388000.0,283848.21,104151.79
857,2024-03-18,Mercedes G-Class,East,1.0,160700.0,160700.0,105560.71,55139.29
2084,2025-11-03,Mercedes GLC,South,7.0,59100.0,413700.0,303980.7,109719.3
921,2024-04-17,Mercedes A-Class,West,4.0,36400.0,145600.0,109053.88,36546.12
190,2023-04-19,Mercedes E-Class,East,2.0,73600.0,147200.0,104718.28,42481.72
1514,2025-02-02,Mercedes C-Class,East,6.0,54000.0,324000.0,242511.54,81488.46
1487,2025-01-19,Mercedes GLC,West,5.0,52700.0,263500.0,193845.75,69654.25
2090,2025-11-05,Mercedes C-Class,North,7.0,48600.0,340200.0,251141.78,89058.22
821,2024-02-27,Mercedes A-Class,North,5.0,39200.0,196000.0,147024.06,48975.94
1305,2024-10-27,Mercedes GLS,South,5.0,97300.0,486500.0,348092.44,138407.56
972,2024-05-16,Mercedes A-Class,East,4.0,41100.0,164400.0,120196.87,44203.13
1296,2024-10-24,Mercedes GLC,South,8.0,49400.0,395200.0,289680.45,105519.55
2035,2025-10-01,Mercedes GLC,West,9.0,55900.0,503100.0,365962.47,137137.53
1243,2024-10-01,Mercedes C-Class,North,7.0,51500.0,360500.0,260351.84,100148.16
1395,2024-12-08,Mercedes G-Class,East,2.0,142900.0,285800.0,186387.7,99412.3
1628,2025-03-22,Mercedes GLE,West,3.0,65400.0,196200.0,140672.79,55527.21
544,2023-10-15,Mercedes GLE,South,6.0,77000.0,462000.0,336736.66,125263.34
830,2024-03-03,Mercedes A-Class,East,3.0,35800.0,107400.0,79439.33,27960.67
449,2023-09-04,Mercedes S-Class,West,3.0,135200.0,405600.0,272752.46,132847.54
2049,2025-10-06,Mercedes C-Class,East,5.0,49000.0,245000.0,176646.78,68353.22
969,2024-05-14,Mercedes GLC,South,4.0,54600.0,218400.0,161387.92,57012.08
1810,2025-06-20,Mercedes E-Class,East,7.0,70300.0,492100.0,347755.7,144344.3
928,2024-04-21,Mercedes GLC,North,7.0,56500.0,395500.0,277229.47,118270.53
719,2024-01-08,Mercedes A-Class,West,5.0,37900.0,189500.0,139129.57,50370.43
2027,2025-09-27,Mercedes C-Class,West,7.0,45300.0,317100.0,227665.1,89434.9
698,2023-12-31,Mercedes C-Class,East,8.0,49400.0,395200.0,291588.62,103611.38
202,2023-04-28,Mercedes E-Class,West,9.0,60800.0,547200.0,388003.95,159196.05
456,2023-09-06,Mercedes S-Class,South,3.0,139900.0,419700.0,278286.85,141413.15
1266,2024-10-11,Mercedes GLC,West,6.0,51300.0,307800.0,215764.33,92035.67
2157,2025-12-10,Mercedes S-Class,East,4.0,123000.0,492000.0,332913.27,159086.73
1153,2024-08-14,Mercedes E-Class,South,3.0,73900.0,221700.0,156953.14,64746.86
117,2023-03-07,Mercedes E-Class,East,5.0,60400.0,302000.0,211021.15,90978.85
851,2024-03-14,Mercedes GLE,West,4.0,76200.0,304800.0,220283.35,84516.65
732,2024-01-12,Mercedes C-Class,East,5.0,47400.0,237000.0,168425.37,68574.63
219,2023-05-08,Mercedes S-Class,East,6.0,120900.0,725400.0,505003.86,220396.14
866,2024-03-24,Mercedes A-Class,North,4.0,34200.0,136800.0,101856.55,34943.45
107,2023-02-26,Mercedes GLE,East,5.0,73400.0,367000.0,260435.09,106564.91
1804,2025-06-17,Mercedes A-Class,North,7.0,35400.0,247800.0,184910.43,62889.57
1944,2025-08-26,Mercedes E-Class,East,5.0,70700.0,353500.0,249051.98,104448.02
1841,2025-07-02,Mercedes GLC,West,5.0,58800.0,294000.0,214545.39,79454.61
206,2023-05-01,Mercedes GLC,West,7.0,54300.0,380100.0,278506.81,101593.19
2179,2025-12-22,Mercedes A-Class,South,7.0,39900.0,279300.0,207276.64,72023.36
1852,2025-07-08,Mercedes GLC,East,8.0,56200.0,449600.0,332461.79,117138.21
1583,2025-03-03,Mercedes C-Class,East,4.0,48500.0,194000.0,139271.05,54728.95
300,2023-06-21,Mercedes E-Class,South,6.0,61400.0,368400.0,256690.15,111709.85
1306,2024-10-27,Mercedes GLE,East,7.0,69300.0,485100.0,341538.36,143561.64
1698,2025-04-23,Mercedes E-Class,East,6.0,63600.0,381600.0,272405.5,109194.5
1021,2024-06-12,Mercedes GLS,South,1.0,81400.0,81400.0,57556.03,23843.97
1049,2024-06-25,Mercedes E-Class,South,2.0,72700.0,145400.0,102907.19,42492.81
2028,2025-09-27,Mercedes C-Class,North,4.0,51000.0,204000.0,147394.21,56605.79
998,2024-05-26,Mercedes S-Class,South,1.0,119200.0,119200.0,83210.4,35989.6
1137,2024-08-06,Mercedes A-Class,East,6.0,40200.0,241200.0,180325.71,60874.29
1036,2024-06-18,Mercedes G-Class,South,2.0,152500.0,305000.0,197134.99,107865.01
562,2023-10-25,Mercedes A-Class,North,5.0,37800.0,189000.0,138068.98,50931.02
1869,2025-07-14,Mercedes C-Class,West,8.0,45500.0,364000.0,267477.83,96522.17
1359,2024-11-19,Mercedes GLE,South,4.0,70100.0,280400.0,199192.95,81207.05
1678,2025-04-13,Mercedes GLE,North,5.0,65300.0,326500.0,228873.48,97626.52
301,2023-06-22,Mercedes C-Class,North,7.0,49600.0,347200.0,259632.79,87567.21
1870,2025-07-15,Mercedes GLC,South,7.0,51800.0,362600.0,258175.03,104424.97
671,2023-12-17,Mercedes E-Class,East,6.0,68000.0,408000.0,285515.31,122484.69
584,2023-11-03,Mercedes A-Class,North,5.0,38400.0,192000.0,139093.92,52906.08
1229,2024-09-23,Mercedes S-Class,South,2.0,126100.0,252200.0,170259.17,81940.83
1373,2024-11-26,Mercedes GLS,East,3.0,93000.0,279000.0,195492.1,83507.9
216,2023-05-05,Mercedes GLC,North,6.0,51800.0,310800.0,217919.36,92880.64
2124,2025-11-24,Mercedes GLS,North,5.0,96000.0,480000.0,339408.67,140591.33
458,2023-09-06,Mercedes A-Class,North,2.0,40900.0,81800.0,60401.94,21398.06
1295,2024-10-23,Mercedes A-Class,North,6.0,40900.0,245400.0,177551.97,67848.03
1817,2025-06-21,Mercedes A-Class,North,5.0,36900.0,184500.0,137821.83,46678.17
1454,2025-01-05,Mercedes A-Class,East,6.0,34900.0,209400.0,153131.78,56268.22
1993,2025-09-15,Mercedes A-Class,North,7.0,35700.0,249900.0,180668.4,69231.6
685,2023-12-24,Mercedes E-Class,South,3.0,69800.0,209400.0,147327.9,62072.1
708,2024-01-03,Mercedes GLC,West,7.0,49300.0,345100.0,242899.52,102200.48
2135,2025-11-28,Mercedes E-Class,East,1.0,63200.0,63200.0,45726.84,17473.16
2137,2025-11-30,Mercedes GLE,South,8.0,70300.0,562400.0,410274.02,152125.98
1072,2024-07-09,Mercedes C-Class,North,8.0,47600.0,380800.0,270783.78,110016.22
1323,2024-11-03,Mercedes A-Class,East,4.0,40500.0,162000.0,121427.26,40572.74
800,2024-02-16,Mercedes C-Class,South,5.0,46500.0,232500.0,170091.49,62408.51
1149,2024-08-13,Mercedes C-Class,South,8.0,53500.0,428000.0,304690.1,123309.9
1937,2025-08-21,Mercedes A-Class,South,6.0,36300.0,217800.0,157982.84,59817.16
568,2023-10-28,Mercedes C-Class,South,7.0,53500.0,374500.0,267392.89,107107.11
2185,2025-12-26,Mercedes GLC,South,7.0,50800.0,355600.0,252655.58,102944.42
504,2023-09-29,Mercedes S-Class,West,1.0,122800.0,122800.0,82911.17,39888.83
968,2024-05-14,Mercedes C-Class,East,5.0,55500.0,277500.0,207191.85,70308.15
1278,2024-10-15,Mercedes GLS,East,4.0,91500.0,366000.0,252348.28,113651.72
981,2024-05-20,Mercedes C-Class,East,5.0,47700.0,238500.0,178183.16,60316.84
1742,2025-05-18,Mercedes GLC,North,8.0,50500.0,404000.0,294123.52,109876.48
1128,2024-08-03,Mercedes E-Class,North,5.0,74200.0,371000.0,262985.78,108014.22
193,2023-04-22,Mercedes E-Class,North,7.0,60200.0,421400.0,298676.33,122723.67
1635,2025-03-26,Mercedes GLC,West,5.0,59000.0,295000.0,214117.81,80882.19
447,2023-09-04,Mercedes GLC,West,5.0,58400.0,292000.0,207048.06,84951.94
297,2023-06-19,Mercedes GLC,North,4.0,49500.0,198000.0,143679.96,54320.04
317,2023-07-01,Mercedes G-Class,West,1.0,140200.0,140200.0,90708.8,49491.2
705,2024-01-02,Mercedes C-Class,East,1.0,54400.0,54400.0,40206.81,14193.19
772,2024-02-04,Mercedes C-Class,South,3.0,48500.0,145500.0,104058.79,41441.21
903,2024-04-08,Mercedes C-Class,South,8.0,55600.0,444800.0,320722.47,124077.53
1015,2024-06-08,Mercedes A-Class,East,1.0,39200.0,39200.0,28638.15,10561.85
528,2023-10-12,Mercedes A-Class,North,8.0,41100.0,328800.0,236738.42,92061.58
489,2023-09-22,Mercedes GLE,South,2.0,6360.0,127200.0,88100.18,39099.82
48,2023-01-24,Mercedes GLC,East,7.0,53800.0,376600.0,275239.76,101360.24
1952,2025-08-29,Mercedes GLC,North,7.0,48800.0,341600.0,240439.46,101160.54
902,2024-04-08,Mercedes GLE,East,4.0,75500.0,302000.0,217453.34,84546.66
2015,2025-09-22,Mercedes GLC,West,6.0,51400.0,308400.0,218391.05,90008.95
1586,2025-03-04,Mercedes GLC,East,5.0,57700.0,288500.0,211727.44,76772.56
680,2023-12-23,Mercedes E-Class,South,4.0,69200.0,276800.0,190996.49,85803.51
616,2023-11-17,Mercedes GLS,North,7.0,90700.0,634900.0,435195.54,199704.46
1043,2024-06-22,Mercedes E-Class,West,6.0,69800.0,418800.0,292330.96,126469.04
1412,2024-12-19,Mercedes GLS,East,2.0,97200.0,194400.0,136983.19,57416.81
222,2023-05-10,Mercedes C-Class,South,7.0,46800.0,327600.0,236212.2,91387.8
1331,2024-11-07,Mercedes A-Class,North,7.0,38500.0,269500.0,200226.41,69273.59
2075,2025-10-27,Mercedes GLC,East,3.0,51700.0,155100.0,114437.1,40662.9
994,2024-05-24,Mercedes GLE,East,5.0,77700.0,388500.0,281052.39,107447.61
2022,2025-09-25,Mercedes C-Class,West,5.0,53500.0,267500.0,199086.49,68413.51
350,2023-07-20,Mercedes GLC,South,3.0,57700.0,173100.0,121862.79,51237.21
1151,2024-08-14,Mercedes E-Class,North,1.0,61100.0,61100.0,42842.64,18257.36
551,2023-10-19,Mercedes C-Class,West,6.0,52600.0,315600.0,236461.53,79138.47
418,2023-08-22,Mercedes E-Class,East,6.0,65200.0,391200.0,282661.38,108538.62
1729,2025-05-11,Mercedes GLE,North,4.0,72600.0,290400.0,207411.05,82988.95
1042,2024-06-22,Mercedes C-Class,North,8.0,53200.0,425600.0,309469.66,116130.34
45,2023-01-22,Mercedes A-Class,West,6.0,39900.0,239400.0,181029.83,58370.17
1894,2025-07-27,Mercedes GLC,North,8.0,55900.0,447200.0,318995.25,128204.75
589,2023-11-05,Mercedes E-Class,South,6.0,62100.0,372600.0,260079.22,112520.78
356,2023-07-25,Mercedes E-Class,West,5.0,73900.0,369500.0,263271.47,106228.53
811,2024-02-21,Mercedes GLS,West,2.0,96900.0,193800.0,133028.85,60771.15
1341,2024-11-11,Mercedes GLE,East,7.0,64100.0,448700.0,315926.06,132773.94
1007,2024-05-30,Mercedes GLE,North,3.0,72200.0,216600.0,151630.82,64969.18
1977,2025-09-09,Mercedes A-Class,North,3.0,37600.0,112800.0,85525.87,27274.13
794,2024-02-13,Mercedes C-Class,North,7.0,48300.0,338100.0,241208.63,96891.37
179,2023-04-12,Mercedes E-Class,North,8.0,63500.0,508000.0,363821.49,144178.51
1983,2025-09-11,Mercedes GLC,South,8.0,48900.0,391200.0,276261.13,114938.87
846,2024-03-11,Mercedes E-Class,East,2.0,69800.0,139600.0,98886.23,40713.77
1482,2025-01-14,Mercedes C-Class,West,6.0,54900.0,329400.0,241097.16,88302.84
2082,2025-11-01,Mercedes GLE,North,8.0,69300.0,554400.0,403246.25,151153.75
1079,2024-07-13,Mercedes GLE,North,5.0,74100.0,370500.0,260922.36,109577.64
1227,2024-09-23,Mercedes E-Class,East,2.0,70800.0,141600.0,101928.24,39671.76
582,2023-11-02,Mercedes GLS,East,3.0,99000.0,297000.0,211220.77,85779.23
252,2023-05-24,Mercedes GLC,South,11.0,54500.0,599500.0,439265.08,160234.92
195,2023-04-22,Mercedes A-Class,East,5.0,39500.0,197500.0,146566.55,50933.45
1796,2025-06-13,Mercedes GLC,East,8.0,57700.0,461600.0,327247.64,134352.36
2068,2025-10-20,Mercedes A-Class,North,8.0,40800.0,326400.0,243427.91,82972.09
1847,2025-07-04,Mercedes GLC,West,8.0,51800.0,414400.0,306335.6,108064.4
33,2023-01-17,Mercedes GLS,East,1.0,84900.0,84900.0,58479.83,26420.17
946,2024-04-29,Mercedes GLE,West,7.0,63700.0,445900.0,314521.51,131378.49
687,2023-12-25,Mercedes A-Class,West,4.0,39000.0,156000.0,118387.09,37612.91
1988,2025-09-14,Mercedes GLS,South,7.0,97700.0,683900.0,477085.87,206814.13
560,2023-10-24,Mercedes A-Class,North,6.0,39100.0,234600.0,172957.45,61642.55
1990,2025-09-14,Mercedes GLS,South,7.0,81400.0,569800.0,397695.59,172104.41
1004,2024-05-29,Mercedes S-Class,West,1.0,124800.0,124800.0,84154.66,40645.34
605,2023-11-12,Mercedes C-Class,North,6.0,52900.0,317400.0,237931.94,79468.06
309,2023-06-25,Mercedes C-Class,South,9.0,46200.0,415800.0,310631.37,105168.63
1417,2024-12-20,Mercedes A-Class,East,5.0,41700.0,208500.0,152429.91,56070.09
336,2023-07-11,Mercedes GLE,North,3.0,77200.0,231600.0,161949.27,69650.73
1639,2025-03-29,Mercedes E-Class,East,4.0,74500.0,298000.0,206882.86,91117.14
766,2024-01-29,Mercedes GLE,South,1.0,74300.0,74300.0,53602.43,20697.57
1423,2024-12-22,Mercedes GLC,West,4.0,55300.0,221200.0,160702.84,60497.16
185,2023-04-17,Mercedes E-Class,East,4.0,62400.0,249600.0,181854.27,67745.73
407,2023-08-15,Mercedes C-Class,West,5.0,45500.0,227500.0,167785.09,59714.91
912,2024-04-11,Mercedes E-Class,West,7.0,61500.0,430500.0,298273.62,132226.38
1050,2024-06-26,Mercedes A-Class,West,8.0,36700.0,293600.0,219527.12,74072.88
1232,2024-09-25,Mercedes E-Class,West,7.0,62800.0,439600.0,306871.15,132728.85
1846,2025-07-03,Mercedes GLC,North,7.0,54900.0,384300.0,270324.84,113975.16
859,2024-03-19,Mercedes GLC,West,6.0,55100.0,330600.0,242488.34,88111.66
1277,2024-10-15,Mercedes GLC,East,3.0,50900.0,152700.0,107638.36,45061.64
666,2023-12-14,Mercedes C-Class,South,6.0,52200.0,313200.0,230130.1,83069.9
364,2023-07-28,Mercedes A-Class,South,5.0,39900.0,199500.0,146542.41,52957.59
495,2023-09-24,Mercedes GLE,East,3.0,75600.0,226800.0,159389.59,67410.41
1710,2025-05-01,Mercedes GLC,East,4.0,48700.0,194800.0,142849.89,51950.11
1393,2024-12-06,Mercedes E-Class,North,7.0,70500.0,493500.0,351197.57,142302.43
416,2023-08-21,Mercedes A-Class,South,4.0,39200.0,156800.0,118359.74,38440.26
1917,2025-08-08,Mercedes GLE,North,6.0,70100.0,420600.0,300904.13,119695.87
1543,2025-02-12,Mercedes G-Class,East,1.0,165700.0,165700.0,110661.9,55038.1
9,2023-01-05,Mercedes S-Class,West,2.0,136500.0,273000.0,190860.3,82139.7
2183,2025-12-24,Mercedes A-Class,North,5.0,36300.0,181500.0,135149.05,46350.95
428,2023-08-27,Mercedes GLC,West,3.0,57800.0,173400.0,127784.77,45615.23
1970,2025-09-04,Mercedes A-Class,West,5.0,36400.0,182000.0,135386.19,46613.81
1493,2025-01-21,Mercedes C-Class,East,3.0,53600.0,160800.0,116050.54,44749.46
1394,2024-12-06,Mercedes S-Class,East,1.0,139800.0,139800.0,95526.61,44273.39
1308,2024-10-28,Mercedes C-Class,East,8.0,47000.0,376000.0,277688.04,98311.96
1751,2025-05-22,Mercedes GLC,South,7.0,54300.0,380100.0,268743.07,111356.93
1506,2025-01-28,Mercedes GLE,South,1.0,70900.0,70900.0,50559.22,20340.78
797,2024-02-14,Mercedes GLE,South,1.0,65100.0,65100.0,46197.83,18902.17
1589,2025-03-06,Mercedes C-Class,North,11.0,48700.0,535700.0,386018.24,149681.76
2123,2025-11-23,Mercedes GLS,West,4.0,97300.0,389200.0,267130.88,122069.12
295,2023-06-17,Mercedes GLS,West,1.0,90500.0,90500.0,64860.43,25639.57
1666,2025-04-06,Mercedes C-Class,East,6.0,46000.0,276000.0,198402.03,77597.97
211,2023-05-02,Mercedes GLE,West,3.0,71100.0,213300.0,151718.42,61581.58
1886,2025-07-22,Mercedes A-Class,West,5.0,39800.0,199000.0,148027.1,50972.9
1805,2025-06-19,Mercedes A-Class,North,3.0,37300.0,111900.0,82646.84,29253.16
1367,2024-11-22,Mercedes C-Class,South,4.0,52200.0,208800.0,156044.76,52755.24
265,2023-06-02,Mercedes G-Class,South,1.0,172100.0,172100.0,111499.3,60600.7
654,2023-12-07,Mercedes GLE,North,3.0,71600.0,214800.0,150069.05,64730.95
1062,2024-07-04,Mercedes GLE,West,6.0,74000.0,444000.0,311831.86,132168.14
1355,2024-11-17,Mercedes E-Class,West,7.0,66900.0,468300.0,324176.41,144123.59
1577,2025-03-01,Mercedes A-Class,North,6.0,37500.0,225000.0,165776.88,59223.12
1234,2024-09-26,Mercedes GLS,South,4.0,84100.0,336400.0,240575.53,95824.47
488,2023-09-22,Mercedes E-Class,East,4.0,66500.0,266000.0,193229.98,72770.02
5,2023-01-03,Mercedes GLS,East,1.0,93000.0,93000.0,65593.58,27406.42
1845,2025-07-03,Mercedes S-Class,East,5.0,124200.0,621000.0,414216.92,206783.08
1294,2024-10-23,Mercedes A-Class,West,5.0,36900.0,184500.0,135993.65,48506.35
683,2023-12-23,Mercedes GLE,East,3.0,68000.0,204000.0,148089.53,55910.47
1554,2025-02-20,Mercedes C-Class,West,7.0,54100.0,378700.0,272648.28,106051.72
1748,2025-05-19,Mercedes C-Class,North,10.0,51600.0,516000.0,377384.14,138615.86
1025,2024-06-12,Mercedes A-Class,West,6.0,35600.0,213600.0,157679.43,55920.57
15,2023-01-08,Mercedes GLE,North,4.0,71000.0,284000.0,205203.7,78796.3
572,2023-10-30,Mercedes GLC,East,,50800.0,355600.0,257488.52,98111.48
1945,2025-08-26,Mercedes GLE,North,6.0,65400.0,392400.0,281568.4,110831.6
1363,2024-11-21,Mercedes A-Class,North,7.0,37400.0,261800.0,194908.11,66891.89
366,2023-07-28,Mercedes E-Class,South,7.0,70200.0,491400.0,358495.65,132904.35
1831,2025-06-28,Mercedes A-Class,East,9.0,39900.0,359100.0,264521.82,94578.18
1476,2025-01-12,Mercedes G-Class,East,3.0,148400.0,445200.0,297422.08,147777.92
1428,2024-12-23,Mercedes GLC,North,7.0,51600.0,361200.0,257661.86,103538.14
520,2023-10-09,Mercedes GLE,North,1.0,62100.0,62100.0,43859.76,18240.24
1834,2025-06-28,Mercedes GLC,East,10.0,59400.0,594000.0,426813.17,167186.83
1811,2025-06-20,Mercedes C-Class,South,9.0,51400.0,462600.0,329571.28,133028.72
598,2023-11-09,Mercedes G-Class,East,1.0,159800.0,159800.0,108628.23,51171.77
162,2023-04-02,Mercedes GLS,East,2.0,92000.0,184000.0,128386.46,55613.54
1382,2024-12-03,Mercedes GLS,North,3.0,93000.0,279000.0,200700.33,78299.67
100,2023-02-23,Mercedes GLS,East,1.0,92200.0,92200.0,62802.78,29397.22
113,2023-03-01,Mercedes C-Class,North,6.0,47800.0,286800.0,212846.19,73953.81
1029,2024-06-15,Mercedes E-Class,South,4.0,62800.0,251200.0,182959.28,68240.72
42,2023-01-21,Mercedes GLE,North,2.0,68700.0,137400.0,99758.31,37641.69
1076,2024-07-12,Mercedes E-Class,East,4.0,65000.0,260000.0,182177.71,77822.29
1387,2024-12-05,Mercedes A-Class,South,6.0,41000.0,246000.0,182748.71,63251.29
1497,2025-01-23,Mercedes GLC,North,6.0,54100.0,324600.0,229196.89,95403.11
1685,2025-04-18,Mercedes A-Class,East,5.0,34900.0,174500.0,132132.91,42367.09
4,2023-01-03,Mercedes GLC,North,5.0,58800.0,294000.0,211939.24,82060.76
1581,2025-03-03,Mercedes GLS,East,8.0,97800.0,782400.0,557533.82,224866.18
153,2023-03-27,Mercedes GLC,West,8.0,57100.0,456800.0,327824.65,128975.35
1092,2024-07-19,Mercedes G-Class,North,1.0,167300.0,167300.0,109435.13,57864.87
147,2023-03-25,Mercedes C-Class,North,9.0,47700.0,429300.0,305255.64,124044.36
1115,2024-07-27,Mercedes GLS,North,2.0,99600.0,199200.0,142661.3,56538.7
1480,2025-01-13,Mercedes A-Class,East,5.0,41300.0,206500.0,155272.28,51227.72
1219,2024-09-17,Mercedes C-Class,West,4.0,52800.0,211200.0,155944.74,55255.26
1268,2024-10-12,Mercedes GLC,West,13.0,52000.0,676000.0,479739.11,196260.89
1987,2025-09-13,Mercedes GLC,South,9.0,59500.0,535500.0,386125.66,149374.34
105,2023-02-25,Mercedes GLC,East,2.0,50700.0,101400.0,72477.2,28922.8
858,2024-03-18,Mercedes GLC,North,5.0,53600.0,268000.0,191249.63,76750.37
550,2023-10-19,Mercedes E-Class,West,6.0,61100.0,366600.0,263936.72,102663.28
566,2023-10-27,Mercedes GLC,West,6.0,51500.0,309000.0,220581.05,88418.95
1794,2025-06-13,Mercedes GLE,South,8.0,75500.0,604000.0,422638.53,181361.47
1778,2025-06-03,Mercedes GLS,East,2.0,93400.0,186800.0,127215.59,59584.41
644,2023-12-01,Mercedes E-Class,North,8.0,66000.0,528000.0,366078.33,161921.67
649,2023-12-05,Mercedes GLS,South,2.0,89200.0,178400.0,122539.88,55860.12
255,2023-05-25,Mercedes G-Class,West,2.0,167400.0,334800.0,227095.84,107704.16
961,2024-05-10,Mercedes C-Class,South,9.0,50600.0,455400.0,337237.25,118162.75
1488,2025-01-20,Mercedes A-Class,North,6.0,36900.0,221400.0,167816.48,53583.52
1541,2025-02-11,Mercedes E-Class,South,6.0,61200.0,367200.0,253718.08,113481.92
868,2024-03-24,Mercedes C-Class,East,11.0,47700.0,524700.0,377276.78,147423.22
1903,2025-07-31,Mercedes GLC,South,7.0,51900.0,363300.0,259452.77,103847.23
725,2024-01-10,Mercedes E-Class,East,3.0,66600.0,199800.0,140154.26,59645.74
1573,2025-02-26,Mercedes E-Class,North,1.0,74100.0,74100.0,51199.65,22900.35
21,2023-01-12,Mercedes A-Class,West,5.0,36900.0,184500.0,134239.0,50261.0
1422,2024-12-22,Mercedes C-Class,North,3.0,51200.0,153600.0,113419.0,40181.0
727,2024-01-11,Mercedes E-Class,East,5.0,65600.0,328000.0,228138.56,99861.44
445,2023-09-03,Mercedes GLE,North,4.0,77100.0,308400.0,219823.52,88576.48
989,2024-05-23,Mercedes G-Class,West,6.0,149600.0,897600.0,590722.97,306877.03
397,2023-08-11,Mercedes G-Class,North,5.0,160900.0,804500.0,526004.21,278495.79
1776,2025-06-03,Mercedes A-Class,West,4.0,41800.0,167200.0,126059.55,41140.45
1769,2025-06-01,Mercedes GLC,South,3.0,57400.0,172200.0,124290.7,47909.3
1216,2024-09-15,Mercedes G-Class,North,3.0,141000.0,423000.0,284502.59,138497.41
1542,2025-02-12,Mercedes GLC,West,4.0,52500.0,210000.0,151530.12,58469.88
534,2023-10-14,Mercedes GLE,West,5.0,70100.0,350500.0,245900.47,104599.53
2186,2025-12-26,Mercedes GLE,East,5.0,73200.0,366000.0,258476.1,107523.9
1808,2025-06-20,Mercedes GLC,South,7.0,56700.0,396900.0,291194.94,105705.06
1871,2025-07-15,Mercedes S-Class,North,2.0,126200.0,252400.0,170593.03,81806.97
1277,2024-10-15,Mercedes GLC,East,3.0,50900.0,152700.0,107638.36,45061.64
47,2023-01-24,Mercedes E-Class,East,3.0,69500.0,208500.0,148238.36,60261.64
1636,2025-03-26,Mercedes GLE,West,4.0,66600.0,266400.0,186602.54,79797.46
862,2024-03-21,Mercedes GLS,East,2.0,84000.0,168000.0,116560.37,51439.63
2053,2025-10-09,Mercedes GLC,North,8.0,55600.0,444800.0,325106.9,119693.1
2191,2025-12-28,Mercedes E-Class,West,4.0,65700.0,262800.0,189314.83,73485.17
1621,2025-03-19,Mercedes GLS,South,1.0,80300.0,80300.0,56327.47,23972.53
403,2023-08-12,Mercedes E-Class,West,3.0,61300.0,183900.0,132273.96,51626.04
1114,2024-07-27,Mercedes A-Class,East,4.0,35800.0,143200.0,103890.23,39309.77
128,2023-03-11,Mercedes G-Class,North,2.0,169200.0,338400.0,216734.54,121665.46
804,2024-02-17,Mercedes GLS,East,3.0,85900.0,257700.0,178677.33,79022.67
276,2023-06-08,Mercedes GLC,West,4.0,57800.0,231200.0,167776.21,63423.79
1501,2025-01-26,Mercedes GLC,North,6.0,50800.0,304800.0,221511.4,83288.6
288,2023-06-14,Mercedes GLC,East,3.0,54200.0,162600.0,115048.11,47551.89
519,2023-10-08,Mercedes GLC,East,6.0,50400.0,302400.0,221747.3,80652.7
501,2023-09-29,Mercedes GLC,North,6.0,49000.0,294000.0,210868.32,83131.68
595,2023-11-07,Mercedes S-Class,North,3.0,120100.0,360300.0,242517.49,117782.51
694,2023-12-30,Mercedes GLS,South,3.0,98400.0,295200.0,210705.31,84494.69
796,2024-02-14,Mercedes GLE,South,2.0,71500.0,143000.0,101791.0,41209.0
316,2023-07-01,Mercedes G-Class,North,4.0,168800.0,675200.0,450224.02,224975.98
1693,2025-04-21,Mercedes A-Class,West,4.0,36400.0,145600.0,108319.81,37280.19
1408,2024-12-15,Mercedes C-Class,West,5.0,54800.0,274000.0,205433.62,68566.38
360,2023-07-27,Mercedes A-Class,West,5.0,38100.0,190500.0,141273.05,49226.95
348,2023-07-18,Mercedes E-Class,West,4.0,65900.0,263600.0,184934.9,78665.1
1951,2025-08-28,Mercedes G-Class,North,2.0,173500.0,347000.0,226928.94,120071.06
1560,2025-02-22,Mercedes S-Class,North,1.0,115600.0,115600.0,79229.76,36370.24
12,2023-01-08,Mercedes A-Class,West,6.0,40000.0,240000.0,179703.3,60296.7
1099,2024-07-22,Mercedes C-Class,North,7.0,52800.0,369600.0,269661.54,99938.46
1217,2024-09-15,Mercedes A-Class,South,6.0,34800.0,208800.0,156073.48,52726.52
891,2024-04-04,Mercedes GLE,North,7.0,74200.0,519400.0,358797.23,160602.77
177,2023-04-10,Mercedes E-Class,East,6.0,63700.0,382200.0,271969.85,110230.15
1963,2025-09-02,Mercedes E-Class,South,5.0,64900.0,324500.0,226910.32,97589.68
71,2023-02-06,Mercedes GLC,West,7.0,59400.0,415800.0,306277.27,109522.73
1107,2024-07-24,Mercedes C-Class,West,7.0,53000.0,371000.0,264583.36,106416.64
175,2023-04-08,Mercedes GLC,South,9.0,50200.0,451800.0,322072.67,129727.33
679,2023-12-22,Mercedes S-Class,West,2.0,131000.0,262000.0,173414.74,88585.26
1713,2025-05-01,Mercedes A-Class,North,8.0,40900.0,327200.0,247759.91,79440.09
1799,2025-06-15,Mercedes E-Class,North,1.0,74900.0,74900.0,53251.11,21648.89
440,2023-08-31,Mercedes GLE,North,3.0,65400.0,196200.0,142755.82,53444.18
484,2023-09-21,Mercedes S-Class,South,4.0,117300.0,469200.0,311971.6,157228.4
274,2023-06-07,Mercedes C-Class,West,5.0,46200.0,231000.0,166559.71,64440.29
1897,2025-07-28,Mercedes C-Class,South,5.0,47400.0,237000.0,174184.66,62815.34
1209,2024-09-12,Mercedes E-Class,North,5.0,60500.0,302500.0,216595.11,85904.89
1996,2025-09-16,Mercedes E-Class,South,8.0,67700.0,541600.0,375468.19,166131.81
87,2023-02-14,Mercedes E-Class,South,2.0,62100.0,124200.0,89522.89,34677.11
1045,2024-06-24,Mercedes GLC,East,7.0,54100.0,378700.0,268893.98,109806.02
1211,2024-09-14,Mercedes C-Class,North,7.0,53000.0,371000.0,271775.4,99224.6
1832,2025-06-28,Mercedes GLE,North,4.0,63400.0,253600.0,180396.27,73203.73
1432,2024-12-26,Mercedes GLC,West,7.0,48900.0,342300.0,239866.61,102433.39
1058,2024-07-01,Mercedes E-Class,East,4.0,64800.0,259200.0,182441.92,76758.08
556,2023-10-20,Mercedes C-Class,North,3.0,47500.0,142500.0,101643.48,40856.52
1203,2024-09-10,Mercedes A-Class,West,5.0,39200.0,196000.0,141411.74,54588.26
905,2024-04-10,Mercedes GLE,East,6.0,68700.0,412200.0,293863.95,118336.05
1200,2024-09-09,Mercedes GLS,East,2.0,84100.0,168200.0,117011.7,51188.3
1673,2025-04-09,Mercedes C-Class,South,9.0,54600.0,491400.0,358461.02,132938.98
1162,2024-08-19,Mercedes A-Class,East,6.0,41200.0,247200.0,179918.64,67281.36
559,2023-10-24,Mercedes GLS,North,5.0,83600.0,418000.0,296145.43,121854.57
770,2024-02-01,Mercedes E-Class,South,2.0,69900.0,139800.0,99625.43,40174.57
152,2023-03-26,Mercedes GLC,North,1.0,56000.0,56000.0,40921.55,15078.45
1405,2024-12-14,Mercedes GLC,North,8.0,55300.0,442400.0,311934.36,130465.64
526,2023-10-11,Mercedes G-Class,West,3.0,170600.0,511800.0,328620.22,183179.78
24,2023-01-14,Mercedes GLC,West,5.0,52400.0,262000.0,184607.18,77392.82
625,2023-11-23,Mercedes C-Class,West,5.0,52700.0,263500.0,190671.24,72828.76
1606,2025-03-11,Mercedes C-Class,East,7.0,46900.0,328300.0,241909.72,86390.28
1246,2024-10-02,Mercedes S-Class,South,2.0,136100.0,272200.0,182265.52,89934.48
411,2023-08-17,Mercedes GLC,South,8.0,49200.0,393600.0,289090.92,104509.08
72,2023-02-06,Mercedes GLE,South,6.0,62100.0,372600.0,258832.97,113767.03
2108,2025-11-13,Mercedes GLS,West,4.0,91100.0,364400.0,248342.04,116057.96
1302,2024-10-26,Mercedes S-Class,East,2.0,136100.0,272200.0,184141.59,88058.41
289,2023-06-14,Mercedes A-Class,East,6.0,38800.0,232800.0,174433.76,58366.24
913,2024-04-11,Mercedes C-Class,West,9.0,45200.0,406800.0,302030.5,104769.5
467,2023-09-12,Mercedes GLE,West,5.0,74100.0,370500.0,257383.77,113116.23
840,2024-03-08,Mercedes A-Class,North,7.0,36400.0,254800.0,185289.29,69510.71
1516,2025-02-02,Mercedes A-Class,North,1.0,36100.0,36100.0,26724.83,9375.17
1327,2024-11-05,Mercedes GLC,South,9.0,53400.0,480600.0,347589.73,133010.27
417,2023-08-22,Mercedes C-Class,West,7.0,48800.0,341600.0,250640.59,90959.41
37,2023-01-19,Mercedes E-Class,West,3.0,61700.0,185100.0,130280.84,54819.16
2141,2025-12-02,Mercedes E-Class,North,4.0,61800.0,247200.0,175326.4,71873.6
367,2023-07-29,Mercedes G-Class,North,3.0,149900.0,449700.0,287955.58,161744.42
95,2023-02-20,Mercedes GLC,East,5.0,52800.0,264000.0,190746.9,73253.1
431,2023-08-29,Mercedes S-Class,West,2.0,133700.0,267400.0,183924.42,83475.58
2175,2025-12-20,Mercedes A-Class,West,5.0,36900.0,184500.0,134018.03,50481.97
691,2023-12-29,Mercedes GLE,East,6.0,77200.0,463200.0,331242.63,131957.37
1806,2025-06-19,Mercedes G-Class,North,2.0,154900.0,309800.0,204117.17,105682.83
1683,2025-04-18,Mercedes GLE,East,6.0,75200.0,451200.0,312659.05,138540.95
1002,2024-05-28,Mercedes E-Class,South,6.0,71700.0,430200.0,298977.06,131222.94
1615,2025-03-16,Mercedes C-Class,East,4.0,52700.0,210800.0,150036.18,60763.82
67,2023-02-03,Mercedes GLE,West,5.0,70300.0,351500.0,246757.7,104742.3
655,2023-12-07,Mercedes E-Class,North,6.0,73800.0,442800.0,321235.38,121564.62
422,2023-08-26,Mercedes C-Class,West,7.0,50000.0,350000.0,257023.65,92976.35
1239,2024-09-28,Mercedes GLC,West,7.0,56300.0,394100.0,285938.65,108161.35
1389,2024-12-05,Mercedes C-Class,North,4.0,49800.0,199200.0,146889.87,52310.13
820,2024-02-26,Mercedes GLC,North,4.0,52600.0,210400.0,152837.95,57562.05
321,2023-07-02,Mercedes E-Class,East,4.0,61600.0,246400.0,175659.66,70740.34
1088,2024-07-17,Mercedes E-Class,North,5.0,63700.0,318500.0,229201.11,89298.89
896,2024-04-06,Mercedes E-Class,North,8.0,67200.0,537600.0,391372.07,146227.93
2010,2025-09-21,Mercedes A-Class,North,8.0,35700.0,285600.0,212155.6,73444.4
932,2024-04-25,Mercedes A-Class,South,4.0,37800.0,151200.0,111006.82,40193.18
1140,2024-08-07,Mercedes C-Class,,7.0,47400.0,331800.0,238908.61,92891.39
802,2024-02-16,Mercedes E-Class,North,4.0,72600.0,290400.0,211039.85,79360.15
198,2023-04-26,Mercedes E-Class,East,6.0,70600.0,423600.0,293659.1,129940.9
697,2023-12-31,Mercedes GLE,West,4.0,70100.0,280400.0,201263.4,79136.6
2198,2025-12-29,Mercedes S-Class,East,3.0,133000.0,399000.0,275873.91,123126.09
1888,2025-07-25,Mercedes A-Class,West,3.0,41700.0,125100.0,93853.84,31246.16
139,2023-03-22,Mercedes A-Class,West,6.0,40800.0,244800.0,179783.22,65016.78
1973,2025-09-05,Mercedes C-Class,South,9.0,48300.0,434700.0,313860.51,120839.49
124,2023-03-08,Mercedes S-Class,,4.0,131400.0,525600.0,360545.03,165054.97
1290,2024-10-21,Mercedes C-Class,West,7.0,53100.0,371700.0,275107.35,96592.65
731,2024-01-12,Mercedes C-Class,South,6.0,54000.0,324000.0,240689.06,83310.94
653,2023-12-07,Mercedes GLC,South,8.0,55400.0,443200.0,313471.47,129728.53
374,2023-08-01,Mercedes A-Class,North,1.0,34700.0,34700.0,25006.8,9693.2
1299,2024-10-24,Mercedes C-Class,North,6.0,46900.0,281400.0,204320.48,77079.52
1848,2025-07-04,Mercedes C-Class,South,5.0,54800.0,274000.0,201463.57,72536.43
920,2024-04-16,Mercedes A-Class,East,6.0,39500.0,237000.0,172144.95,64855.05
1823,2025-06-25,Mercedes E-Class,West,6.0,62800.0,376800.0,262972.04,113827.96
1479,2025-01-13,Mercedes C-Class,West,3.0,45400.0,136200.0,99386.98,36813.02
49,2023-01-25,Mercedes GLC,South,2.0,51400.0,102800.0,75555.13,27244.87
1793,2025-06-12,Mercedes S-Class,North,3.0,138900.0,416700.0,280832.11,135867.89
601,2023-11-10,Mercedes A-Class,North,7.0,34200.0,239400.0,179143.75,60256.25
790,2024-02-12,Mercedes GLC,North,4.0,56600.0,226400.0,162548.04,63851.96
1601,2025-03-09,Mercedes C-Class,West,8.0,53900.0,431200.0,318983.8,112216.2
141,2023-03-23,Mercedes A-Class,South,3.0,41200.0,123600.0,90030.62,33569.38
1585,2025-03-04,Mercedes C-Class,North,5.0,47100.0,235500.0,173640.97,61859.03
43,2023-01-22,Mercedes GLS,South,2.0,85000.0,170000.0,120158.01,49841.99
174,2023-04-08,Mercedes C-Class,South,6.0,51100.0,306600.0,228935.79,77664.21
1132,2024-08-04,Mercedes S-Class,East,6.0,136100.0,816600.0,547141.77,269458.23
253,2023-05-24,Mercedes C-Class,East,8.0,45100.0,360800.0,268681.45,92118.55
930,2024-04-22,Mercedes GLS,East,1.0,98500.0,98500.0,67125.3,31374.7
1075,2024-07-12,Mercedes G-Class,East,1.0,169100.0,169100.0,111483.22,57616.78
1258,2024-10-08,Mercedes GLC,East,3.0,54700.0,164100.0,114992.87,49107.13
269,2023-06-04,Mercedes GLS,West,6.0,80200.0,481200.0,343964.83,137235.17
1427,2024-12-23,Mercedes A-Class,West,3.0,36600.0,109800.0,80874.04,28925.96
1410,2024-12-18,Mercedes GLC,North,8.0,55600.0,444800.0,311611.39,133188.61
549,2023-10-18,Mercedes G-Class,West,1.0,152500.0,152500.0,97788.52,54711.48
398,2023-08-11,Mercedes GLC,South,2.0,50100.0,100200.0,72571.36,27628.64
1298,2024-10-24,Mercedes S-Class,West,2.0,121400.0,242800.0,167830.46,74969.54
2089,2025-11-05,Mercedes GLS,West,3.0,84400.0,253200.0,179977.92,73222.08
1979,2025-09-09,Mercedes A-Class,North,4.0,41500.0,166000.0,123457.12,42542.88
498,2023-09-27,Mercedes GLE,West,5.0,63300.0,316500.0,228944.26,87555.74
1914,2025-08-06,Mercedes GLS,North,4.0,81800.0,327200.0,223627.03,103572.97
1186,2024-09-01,Mercedes C-Class,West,7.0,53500.0,374500.0,276454.42,98045.58
1259,2024-10-08,Mercedes C-Class,North,7.0,49600.0,347200.0,249278.83,97921.17
1083,2024-07-15,Mercedes GLS,West,2.0,83800.0,167600.0,118513.17,49086.83
1795,2025-06-13,Mercedes C-Class,West,8.0,53700.0,429600.0,308009.5,121590.5
415,2023-08-20,Mercedes C-Class,West,4.0,45400.0,181600.0,135736.83,45863.17
483,2023-09-20,Mercedes GLC,South,6.0,52400.0,314400.0,225702.46,88697.54
1588,2025-03-05,Mercedes GLE,West,6.0,77200.0,463200.0,337967.23,125232.77
1379,2024-11-30,Mercedes GLE,East,9.0,69200.0,622800.0,433000.39,189799.61
693,2023-12-29,Mercedes GLE,North,4.0,68000.0,272000.0,189355.59,82644.41
1390,2024-12-05,Mercedes GLE,South,3.0,62100.0,186300.0,130631.93,55668.07
525,2023-10-11,Mercedes E-Class,South,6.0,67600.0,405600.0,281642.95,123957.05
303,2023-06-23,Mercedes GLE,South,2.0,72800.0,145600.0,102287.99,43312.01
59,2023-01-30,Mercedes GLE,North,3.0,77200.0,231600.0,162966.24,68633.76
736,2024-01-14,Mercedes C-Class,East,4.0,49500.0,198000.0,147054.31,50945.69
340,2023-07-15,Mercedes GLC,South,6.0,55100.0,330600.0,235392.4,95207.6
1603,2025-03-09,Mercedes S-Class,West,4.0,132200.0,528800.0,354933.58,173866.42
1063,2024-07-05,Mercedes E-Class,West,5.0,68600.0,343000.0,243790.18,99209.82
609,2023-11-12,Mercedes C-Class,South,7.0,54300.0,380100.0,283808.46,96291.54
1404,2024-12-14,Mercedes GLS,East,2.0,86200.0,172400.0,120562.26,51837.74
1515,2025-02-02,Mercedes C-Class,South,7.0,49900.0,349300.0,261632.21,87667.79
636,2023-11-28,Mercedes GLE,North,1.0,68900.0,68900.0,47778.07,21121.93
1947,2025-08-27,Mercedes A-Class,West,7.0,38400.0,268800.0,201761.24,67038.76
2134,2025-11-28,Mercedes E-Class,South,5.0,63900.0,319500.0,232727.7,86772.3
1724,2025-05-08,Mercedes E-Class,West,9.0,63400.0,570600.0,399380.36,171219.64
720,2024-01-08,Mercedes C-Class,East,6.0,50900.0,305400.0,225179.74,80220.26
874,2024-03-27,Mercedes S-Class,West,1.0,133000.0,133000.0,91347.6,41652.4
1690,2025-04-21,Mercedes E-Class,North,6.0,60700.0,364200.0,262146.86,102053.14
1552,2025-02-18,Mercedes E-Class,North,5.0,60700.0,303500.0,219992.65,83507.35
648,2023-12-05,Mercedes A-Class,East,3.0,34400.0,103200.0,77421.6,25778.4
1421,2024-12-22,Mercedes GLC,North,3.0,50000.0,150000.0,109321.88,40678.12
1098,2024-07-22,Mercedes GLE,South,3.0,72300.0,216900.0,157174.01,59725.99
251,2023-05-23,Mercedes GLC,East,6.0,49700.0,298200.0,213826.04,84373.96
628,2023-11-24,Mercedes C-Class,North,5.0,48600.0,243000.0,176674.31,66325.69
1596,2025-03-08,Mercedes GLE,East,5.0,67100.0,335500.0,235631.95,99868.05
263,2023-06-01,Mercedes GLC,East,4.0,56500.0,226000.0,162117.73,63882.27
1038,2024-06-20,Mercedes C-Class,North,4.0,52900.0,211600.0,151747.17,59852.83
400,2023-08-12,Mercedes A-Class,East,5.0,36000.0,180000.0,130969.5,49030.5
1647,2025-04-01,Mercedes GLS,West,4.0,91000.0,364000.0,252645.48,111354.52
1874,2025-07-17,Mercedes GLC,West,9.0,49600.0,446400.0,319897.82,126502.18
803,2024-02-16,Mercedes GLE,East,5.0,66500.0,332500.0,233321.36,99178.64
1853,2025-07-08,Mercedes E-Class,North,9.0,62600.0,563400.0,406965.47,156434.53
1051,2024-06-28,Mercedes GLE,North,4.0,74000.0,296000.0,204325.56,91674.44
908,2024-04-11,Mercedes E-Class,West,4.0,70800.0,283200.0,202533.6,80666.4
337,2023-07-14,Mercedes GLC,North,4.0,48000.0,192000.0,138061.88,53938.12
96,2023-02-20,Mercedes GLE,South,2.0,76000.0,152000.0,109672.65,42327.35
1333,2024-11-09,Mercedes E-Class,South,9.0,74100.0,666900.0,464924.48,201975.52
1104,2024-07-24,Mercedes E-Class,South,7.0,63700.0,445900.0,309694.47,136205.53
1704,2025-04-27,Mercedes S-Class,North,4.0,125600.0,502400.0,338583.59,163816.41
2036,2025-10-01,Mercedes GLS,South,5.0,94700.0,473500.0,331194.18,142305.82
1801,2025-06-16,Mercedes GLC,East,6.0,50200.0,301200.0,215415.24,85784.76
651,2023-12-06,Mercedes E-Class,West,5.0,71400.0,357000.0,248334.49,108665.51
1604,2025-03-10,Mercedes E-Class,North,7.0,74700.0,522900.0,371620.37,151279.63
1600,2025-03-09,Mercedes GLC,North,6.0,58800.0,352800.0,248157.58,104642.42
2016,2025-09-23,Mercedes GLE,West,3.0,64500.0,193500.0,137997.86,55502.14
1865,2025-07-13,Mercedes GLC,South,6.0,55700.0,334200.0,242961.87,91238.13
1210,2024-09-14,Mercedes A-Class,East,6.0,34700.0,208200.0,151970.93,56229.07
85,2023-02-14,Mercedes G-Class,North,2.0,160600.0,321200.0,213926.14,107273.86
148,2023-03-26,Mercedes E-Class,West,5.0,72400.0,362000.0,259068.25,102931.75
755,2024-01-24,Mercedes A-Class,North,6.0,40800.0,244800.0,179830.31,64969.69
1792,2025-06-12,Mercedes C-Class,East,7.0,46300.0,324100.0,241716.05,82383.95
744,2024-01-19,Mercedes G-Class,West,6.0,147400.0,884400.0,575189.62,309210.38
1000,2024-05-28,Mercedes GLE,West,5.0,64300.0,321500.0,222632.74,98867.26
1413,2024-12-19,Mercedes GLS,West,5.0,99400.0,497000.0,354269.91,142730.09
362,2023-07-27,Mercedes G-Class,East,2.0,153400.0,306800.0,207733.55,99066.45
1053,2024-06-28,Mercedes C-Class,West,7.0,51100.0,357700.0,265852.55,91847.45
1715,2025-05-03,Mercedes E-Class,East,5.0,69300.0,346500.0,239504.76,106995.24
2031,2025-09-29,Mercedes GLE,West,3.0,75800.0,227400.0,160967.8,66432.2
965,2024-05-11,Mercedes A-Class,West,6.0,37100.0,222600.0,165537.97,57062.03
1017,2024-06-10,Mercedes GLS,South,3.0,81800.0,245400.0,176489.58,68910.42
1431,2024-12-25,Mercedes E-Class,South,7.0,61000.0,427000.0,300422.72,126577.28
652,2023-12-06,Mercedes GLC,East,10.0,54900.0,549000.0,392854.88,156145.12
587,2023-11-04,Mercedes E-Class,East,4.0,73400.0,293600.0,210654.02,82945.98
1703,2025-04-26,Mercedes E-Class,South,8.0,69900.0,559200.0,406917.26,152282.74
1512,2025-02-01,Mercedes A-Class,North,1.0,37900.0,37900.0,28007.47,9892.53
1918,2025-08-08,Mercedes C-Class,West,8.0,50300.0,402400.0,300281.43,102118.57
1241,2024-10-01,Mercedes A-Class,South,5.0,36800.0,184000.0,136733.48,47266.52
632,2023-11-27,Mercedes GLE,South,5.0,72400.0,362000.0,255729.82,106270.18
740,2024-01-17,Mercedes A-Class,North,3.0,37800.0,113400.0,84205.26,29194.74
1180,2024-08-28,Mercedes C-Class,North,4.0,48400.0,193600.0,142122.7,51477.3
1638,2025-03-28,Mercedes E-Class,North,4.0,63900.0,255600.0,183499.03,72100.97
2018,2025-09-23,Mercedes C-Class,East,5.0,48500.0,242500.0,181225.3,61274.7
1322,2024-11-02,Mercedes C-Class,West,5.0,49600.0,248000.0,185351.47,62648.53
574,2023-10-30,Mercedes A-Class,East,5.0,36100.0,180500.0,133248.5,47251.5
1040,2024-06-21,Mercedes A-Class,North,7.0,36400.0,254800.0,189984.54,64815.46
233,2023-05-14,Mercedes GLE,East,4.0,71400.0,285600.0,207729.03,77870.97
379,2023-08-04,Mercedes GLS,North,1.0,85800.0,85800.0,58886.96,26913.04
1342,2024-11-11,Mercedes GLE,North,3.0,76400.0,229200.0,159448.33,69751.67
1452,2025-01-04,Mercedes GLC,West,7.0,54100.0,378700.0,278367.14,100332.86
570,2023-10-28,Mercedes G-Class,East,2.0,171800.0,343600.0,232001.91,111598.09
277,2023-06-09,Mercedes S-Class,South,4.0,129300.0,517200.0,342441.68,174758.32
68,2023-02-03,Mercedes GLS,South,2.0,80700.0,161400.0,110113.89,51286.11
2033,2025-09-29,Mercedes GLC,North,6.0,54000.0,324000.0,228090.86,95909.14
979,2024-05-18,Mercedes GLE,South,6.0,68100.0,408600.0,290912.4,117687.6
27,2023-01-15,Mercedes GLE,East,4.0,65100.0,260400.0,188737.05,71662.95
1139,2024-08-06,Mercedes GLC,East,6.0,48200.0,289200.0,202493.76,86706.24
663,2023-12-12,Mercedes C-Class,West,8.0,51300.0,410400.0,304184.42,106215.58
2102,2025-11-09,Mercedes GLC,South,9.0,53600.0,482400.0,340827.77,141572.23
204,2023-04-28,Mercedes E-Class,South,6.0,74200.0,445200.0,315005.21,130194.79
2073,2025-10-26,Mercedes GLE,South,5.0,75000.0,375000.0,263242.81,111757.19
546,2023-10-17,Mercedes C-Class,South,6.0,52600.0,315600.0,232512.12,83087.88
1185,2024-08-31,Mercedes S-Class,South,5.0,119100.0,595500.0,401349.76,194150.24
1374,2024-11-27,Mercedes E-Class,South,6.0,71800.0,430800.0,310509.85,120290.15
1240,2024-09-28,Mercedes GLC,North,6.0,51900.0,311400.0,220479.56,90920.44
1906,2025-08-02,Mercedes S-Class,North,1.0,130900.0,130900.0,91100.69,39799.31
1130,2024-08-03,Mercedes GLE,North,3.0,64300.0,192900.0,138234.85,54665.15
1790,2025-06-11,Mercedes GLC,North,5.0,55600.0,278000.0,200067.99,77932.01
1758,2025-05-25,Mercedes GLS,West,2.0,90300.0,180600.0,123434.59,57165.41
844,2024-03-10,Mercedes GLC,South,7.0,48100.0,336700.0,246332.35,90367.65
2143,2025-12-03,Mercedes GLS,West,1.0,84400.0,84400.0,58406.49,25993.51
1204,2024-09-10,Mercedes S-Class,East,3.0,127100.0,381300.0,256194.46,125105.54
909,2024-04-11,Mercedes GLS,East,5.0,82700.0,413500.0,294839.12,118660.88
1354,2024-11-17,Mercedes S-Class,West,3.0,134800.0,404400.0,280326.22,124073.78
594,2023-11-07,Mercedes GLE,South,4.0,71000.0,284000.0,201987.18,82012.82
1118,2024-07-29,Mercedes C-Class,West,8.0,55600.0,444800.0,326262.2,118537.8
943,2024-04-28,Mercedes GLS,,1.0,90100.0,90100.0,61859.63,28240.37
514,2023-10-05,Mercedes C-Class,East,6.0,49300.0,295800.0,215385.95,80414.05
29,2023-01-15,Mercedes GLC,North,6.0,55900.0,335400.0,244899.65,90500.35
2128,2025-11-25,Mercedes GLC,North,7.0,58000.0,406000.0,295341.71,110658.29
388,2023-08-07,Mercedes S-Class,North,4.0,119400.0,477600.0,320074.26,157525.74
1356,2024-11-18,Mercedes E-Class,West,6.0,69800.0,418800.0,303570.23,115229.77
1317,2024-10-31,Mercedes C-Class,East,6.0,50500.0,303000.0,217806.06,85193.94
243,2023-05-19,Mercedes GLE,North,3.0,76500.0,229500.0,166246.45,63253.55
1020,2024-06-11,Mercedes GLC,North,8.0,48200.0,385600.0,279269.4,106330.6
531,2023-10-13,Mercedes GLS,North,1.0,89600.0,89600.0,61512.71,28087.29
1819,2025-06-23,Mercedes G-Class,North,2.0,159300.0,318600.0,209354.44,109245.56
1759,2025-05-25,Mercedes GLS,South,2.0,95700.0,191400.0,137261.1,54138.9
84,2023-02-13,Mercedes GLS,South,2.0,88000.0,176000.0,122425.23,53574.77
1629,2025-03-24,Mercedes S-Class,North,4.0,134700.0,538800.0,374407.61,164392.39
475,2023-09-16,Mercedes GLE,North,4.0,72200.0,288800.0,207642.85,81157.15
986,2024-05-21,Mercedes GLS,West,1.0,93300.0,93300.0,66365.1,26934.9
547,2023-10-18,Mercedes C-Class,North,8.0,53500.0,428000.0,320324.77,107675.23
461,2023-09-07,Mercedes GLE,South,5.0,71600.0,358000.0,254604.4,103395.6
1120,2024-07-30,Mercedes S-Class,East,4.0,122400.0,489600.0,333900.59,155699.41
213,2023-05-03,Mercedes C-Class,South,5.0,55700.0,278500.0,199321.04,79178.96
1648,2025-04-02,Mercedes A-Class,West,8.0,37400.0,299200.0,220732.55,78467.45
429,2023-08-27,Mercedes E-Class,North,3.0,66600.0,199800.0,141666.48,58133.52
1830,2025-06-28,Mercedes GLC,East,7.0,53900.0,377300.0,275595.87,101704.13
16,2023-01-08,Mercedes A-Class,West,7.0,37500.0,262500.0,196198.81,66301.19
865,2024-03-23,Mercedes GLC,North,8.0,51700.0,413600.0,304996.89,108603.11
2169,2025-12-15,Mercedes GLC,North,9.0,59700.0,537300.0,397552.46,139747.54
2047,2025-10-04,Mercedes E-Class,West,2.0,61400.0,122800.0,88130.05,34669.95
172,2023-04-08,Mercedes C-Class,South,4.0,47600.0,190400.0,140050.26,50349.74
889,2024-04-04,Mercedes C-Class,East,5.0,54300.0,271500.0,194012.65,77487.35
1905,2025-08-01,Mercedes E-Class,North,5.0,69500.0,347500.0,244374.52,103125.48
1048,2024-06-25,Mercedes GLC,North,9.0,51700.0,465300.0,338241.47,127058.53
2009,2025-09-20,Mercedes A-Class,South,5.0,34300.0,171500.0,125422.0,46078.0
425,2023-08-26,Mercedes A-Class,North,7.0,34400.0,240800.0,177845.39,62954.61
1414,2024-12-19,Mercedes S-Class,South,4.0,117900.0,471600.0,320051.38,151548.62
1310,2024-10-29,Mercedes GLE,East,6.0,71400.0,428400.0,305322.01,123077.99
2138,2025-12-01,Mercedes C-Class,North,8.0,54600.0,436800.0,310682.66,126117.34
466,2023-09-12,Mercedes C-Class,East,5.0,48400.0,242000.0,177819.34,64180.66
157,2023-03-29,Mercedes GLC,North,4.0,55400.0,221600.0,157290.06,64309.94
168,2023-04-05,Mercedes C-Class,South,8.0,55500.0,444000.0,316464.13,127535.87
2184,2025-12-24,Mercedes C-Class,North,5.0,46200.0,231000.0,169076.93,61923.07
421,2023-08-25,Mercedes A-Class,South,2.0,37100.0,74200.0,55463.15,18736.85
730,2024-01-12,Mercedes GLC,East,4.0,58200.0,232800.0,164759.64,68040.36
826,2024-03-01,Mercedes E-Class,West,6.0,60700.0,364200.0,251832.95,112367.05
1513,2025-02-01,Mercedes GLE,North,5.0,71000.0,355000.0,254148.35,100851.65
271,2023-06-05,Mercedes C-Class,South,7.0,52000.0,364000.0,264656.88,99343.12
203,2023-04-28,Mercedes GLC,East,2.0,48900.0,97800.0,70953.95,26846.05
170,2023-04-06,Mercedes GLS,West,3.0,90800.0,272400.0,187081.49,85318.51
468,2023-09-13,Mercedes A-Class,West,4.0,37600.0,150400.0,110327.31,40072.69
1223,2024-09-19,Mercedes S-Class,North,2.0,129700.0,259400.0,174824.19,84575.81
916,2024-04-13,Mercedes G-Class,East,3.0,150700.0,452100.0,304858.65,147241.35
1361,2024-11-20,Mercedes GLE,East,3.0,76000.0,228000.0,158726.79,69273.21
77,2023-02-09,Mercedes E-Class,East,4.0,74800.0,299200.0,215805.97,83394.03
2161,2025-12-12,Mercedes C-Class,North,6.0,54300.0,325800.0,241777.23,84022.77
639,2023-11-30,Mercedes GLC,West,7.0,52400.0,366800.0,270502.6,96297.4
1851,2025-07-07,Mercedes E-Class,East,2.0,70500.0,141000.0,97407.35,43592.65
849,2024-03-14,Mercedes A-Class,East,7.0,41400.0,289800.0,216748.76,73051.24
1774,2025-06-02,Mercedes GLC,North,4.0,50600.0,202400.0,147471.88,54928.12
1100,2024-07-23,Mercedes E-Class,North,5.0,62900.0,314500.0,218056.56,96443.44
1858,2025-07-10,Mercedes GLE,West,6.0,72000.0,432000.0,302660.49,129339.51
2150,2025-12-07,Mercedes E-Class,South,3.0,66700.0,200100.0,138363.0,61737.0
1014,2024-06-07,Mercedes A-Class,West,2.0,34900.0,69800.0,52702.47,17097.53
93,2023-02-19,Mercedes C-Class,East,5.0,53500.0,267500.0,198715.95,68784.05
1165,2024-08-20,Mercedes G-Class,North,2.0,158500.0,317000.0,214752.5,102247.5
111,2023-03-01,Mercedes GLC,East,8.0,48600.0,388800.0,284541.62,104258.38
236,2023-05-15,Mercedes S-Class,South,1.0,129200.0,129200.0,89029.91,40170.09
2127,2025-11-25,Mercedes E-Class,North,8.0,71500.0,572000.0,413038.08,158961.92
1828,2025-06-27,Mercedes GLC,North,8.0,59900.0,479200.0,345028.12,134171.88
308,2023-06-24,Mercedes GLC,South,6.0,58600.0,351600.0,247088.87,104511.13
1403,2024-12-13,Mercedes GLE,East,1.0,67600.0,67600.0,48849.15,18750.85
870,2024-03-25,Mercedes A-Class,West,7.0,38600.0,270200.0,204651.71,65548.29
962,2024-05-11,Mercedes E-Class,South,5.0,67000.0,335000.0,239078.66,95921.34
1620,2025-03-18,Mercedes A-Class,South,5.0,39000.0,195000.0,143794.48,51205.52
974,2024-05-16,Mercedes GLS,North,4.0,95500.0,382000.0,265988.39,116011.61
1022,2024-06-12,Mercedes C-Class,North,3.0,55000.0,165000.0,119737.71,45262.29
1034,2024-06-17,Mercedes E-Class,North,4.0,71900.0,287600.0,203143.42,84456.58
2000,2025-09-18,Mercedes GLC,West,4.0,55300.0,221200.0,159877.54,61322.46
718,2024-01-07,Mercedes S-Class,North,5.0,126500.0,632500.0,438084.63,194415.37
2100,2025-11-08,Mercedes GLE,North,6.0,62000.0,372000.0,269457.29,102542.71
548,2023-10-18,Mercedes A-Class,North,5.0,36400.0,182000.0,137101.53,44898.47
2063,2025-10-17,Mercedes GLC,North,7.0,56100.0,392700.0,288828.77,103871.23
1056,2024-06-30,Mercedes C-Class,West,4.0,51700.0,206800.0,148738.11,58061.89
884,2024-04-01,Mercedes A-Class,North,7.0,38100.0,266700.0,195788.72,70911.28
1381,2024-12-02,Mercedes GLC,West,7.0,55600.0,389200.0,287691.04,101508.96
1448,2025-01-02,Mercedes GLC,South,4.0,53600.0,214400.0,153747.69,60652.31
1481,2025-01-14,Mercedes A-Class,North,5.0,36200.0,181000.0,132861.42,48138.58
365,2023-07-28,Mercedes G-Class,West,2.0,168800.0,337600.0,224570.52,113029.48
378,2023-08-03,Mercedes A-Class,West,3.0,38100.0,114300.0,85120.12,29179.88
1242,2024-10-01,Mercedes GLE,North,5.0,72200.0,361000.0,253228.03,107771.97
1950,2025-08-28,Mercedes G-Class,East,1.0,171900.0,171900.0,110074.2,61825.8
2008,2025-09-20,Mercedes GLC,South,8.0,53500.0,428000.0,302134.68,125865.32
813,2024-02-23,Mercedes GLE,South,2.0,70300.0,140600.0,102466.89,38133.11
1009,2024-06-02,Mercedes GLC,North,8.0,51300.0,410400.0,287779.48,122620.52
1862,2025-07-12,Mercedes S-Class,North,1.0,121100.0,121100.0,81761.82,39338.18
704,2024-01-02,Mercedes A-Class,South,5.0,39600.0,198000.0,149618.91,48381.09
102,2023-02-23,Mercedes A-Class,West,2.0,41300.0,82600.0,61964.8,20635.2
1579,2025-03-03,Mercedes GLE,South,7.0,76600.0,536200.0,385078.2,151121.8
1842,2025-07-02,Mercedes GLC,South,8.0,51500.0,412000.0,304227.95,107772.05
1733,2025-05-12,Mercedes C-Class,West,11.0,54800.0,602800.0,439272.52,163527.48
1986,2025-09-12,Mercedes E-Class,East,6.0,64400.0,386400.0,280477.23,105922.77
782,2024-02-10,Mercedes E-Class,West,5.0,66400.0,332000.0,236311.79,95688.21
221,2023-05-09,Mercedes C-Class,West,6.0,51400.0,308400.0,223476.42,84923.58
669,2023-12-15,Mercedes GLE,South,6.0,76800.0,460800.0,328706.21,132093.79
626,2023-11-23,Mercedes C-Class,West,5.0,55900.0,279500.0,206023.91,73476.09
1656,2025-04-03,Mercedes E-Class,North,5.0,68600.0,343000.0,241012.25,101987.75
933,2024-04-25,Mercedes GLE,East,2.0,72200.0,144400.0,100676.05,43723.95
2110,2025-11-14,Mercedes C-Class,North,8.0,53500.0,428000.0,307382.58,120617.42
2048,2025-10-05,Mercedes S-Class,West,4.0,128600.0,514400.0,343116.26,171283.74
70,2023-02-03,Mercedes A-Class,North,3.0,41200.0,123600.0,89916.68,33683.32
1885,2025-07-21,Mercedes GLE,North,3.0,74000.0,222000.0,156378.48,65621.52
1919,2025-08-08,Mercedes GLC,West,6.0,53000.0,318000.0,228414.09,89585.91
173,2023-04-08,Mercedes C-Class,East,6.0,49400.0,296400.0,220092.63,76307.37
433,2023-08-29,Mercedes E-Class,West,5.0,64100.0,320500.0,223164.1,97335.9
150,2023-03-26,Mercedes GLE,North,4.0,71300.0,285200.0,199757.41,85442.59
1261,2024-10-09,Mercedes GLC,South,6.0,48200.0,289200.0,209859.98,79340.02
482,2023-09-20,Mercedes C-Class,North,2.0,53200.0,106400.0,78630.39,27769.61
283,2023-06-11,Mercedes A-Class,South,6.0,36000.0,216000.0,155627.81,60372.19
1867,2025-07-14,Mercedes GLC,North,7.0,49100.0,343700.0,247473.04,96226.96
386,2023-08-06,Mercedes S-Class,North,2.0,138100.0,276200.0,189654.76,86545.24
50,2023-01-25,Mercedes S-Class,West,3.0,126800.0,380400.0,258864.44,121535.56
210,2023-05-02,Mercedes C-Class,South,8.0,55000.0,440000.0,321818.68,118181.32
341,2023-07-16,Mercedes GLE,West,2.0,68200.0,136400.0,96297.76,40102.24
1717,2025-05-05,Mercedes GLC,West,5.0,53800.0,269000.0,191632.39,77367.61
1637,2025-03-27,Mercedes C-Class,North,6.0,46000.0,276000.0,205369.9,70630.1
599,2023-11-09,Mercedes S-Class,East,5.0,119700.0,598500.0,398559.91,199940.09
1152,2024-08-14,Mercedes C-Class,North,6.0,46900.0,281400.0,204941.61,76458.39
126,2023-03-10,Mercedes GLE,South,6.0,65200.0,391200.0,281434.33,109765.67
2006,2025-09-19,Mercedes C-Class,South,4.0,54000.0,216000.0,159697.96,56302.04
339,2023-07-15,Mercedes G-Class,North,1.0,157700.0,157700.0,104947.56,52752.44
1091,2024-07-19,Mercedes GLC,South,6.0,54200.0,325200.0,239570.44,85629.56
1640,2025-03-29,Mercedes C-Class,South,7.0,51300.0,359100.0,259624.88,99475.12
1837,2025-06-30,Mercedes A-Class,North,4.0,34100.0,136400.0,103599.37,32800.63
522,2023-10-10,Mercedes GLE,South,5.0,75700.0,378500.0,271146.54,107353.46
1861,2025-07-11,Mercedes GLE,South,2.0,73200.0,146400.0,105474.31,40925.69
1783,2025-06-07,Mercedes GLC,East,3.0,51600.0,154800.0,109135.46,45664.54
1763,2025-05-29,Mercedes S-Class,West,2.0,129300.0,258600.0,178015.06,80584.94
1657,2025-04-04,Mercedes E-Class,West,3.0,67200.0,201600.0,140132.74,61467.26
1613,2025-03-15,Mercedes A-Class,East,6.0,41800.0,250800.0,181479.71,69320.29
390,2023-08-08,Mercedes GLS,North,3.0,94800.0,284400.0,195788.12,88611.88
1078,2024-07-13,Mercedes GLE,North,1.0,74500.0,74500.0,52747.64,21752.36
1254,2024-10-04,Mercedes G-Class,East,1.0,143700.0,143700.0,96717.54,46982.46
36,2023-01-18,Mercedes GLE,West,3.0,74300.0,222900.0,162688.85,60211.15
287,2023-06-13,Mercedes GLE,East,4.0,65400.0,261600.0,184658.68,76941.32
623,2023-11-20,Mercedes C-Class,North,8.0,47700.0,381600.0,281827.84,99772.16
315,2023-06-30,Mercedes GLE,East,6.0,72000.0,432000.0,311603.03,120396.97
1032,2024-06-16,Mercedes GLE,West,5.0,75400.0,377000.0,261536.28,115463.72
1562,2025-02-22,Mercedes E-Class,East,2.0,60600.0,121200.0,84150.6,37049.4
1740,2025-05-18,Mercedes G-Class,South,1.0,164200.0,164200.0,111651.89,52548.11
1138,2024-08-06,Mercedes C-Class,West,7.0,52100.0,364700.0,263292.2,101407.8
319,2023-07-02,Mercedes C-Class,South,5.0,47100.0,235500.0,169196.3,66303.7
775,2024-02-06,Mercedes GLE,South,4.0,67300.0,269200.0,189838.11,79361.89
1335,2024-11-09,Mercedes GLC,West,5.0,57700.0,288500.0,206288.02,82211.98
2170,2025-12-16,Mercedes GLC,North,4.0,50900.0,203600.0,146412.24,57187.76
1326,2024-11-05,Mercedes GLS,South,1.0,88800.0,88800.0,62696.48,26103.52
1429,2024-12-24,Mercedes C-Class,South,2.0,50700.0,101400.0,72033.44,29366.56
1997,2025-09-17,Mercedes E-Class,West,4.0,70900.0,283600.0,202544.6,81055.4
1744,2025-05-18,Mercedes GLC,North,4.0,56700.0,226800.0,164184.47,62615.53
1291,2024-10-21,Mercedes C-Class,North,6.0,53600.0,321600.0,235697.75,85902.25
1557,2025-02-21,Mercedes C-Class,West,7.0,46400.0,324800.0,243537.74,81262.26
716,2024-01-06,Mercedes GLE,North,5.0,74800.0,374000.0,259322.65,114677.35
1385,2024-12-04,Mercedes GLC,South,7.0,50600.0,354200.0,252121.85,102078.15
1546,2025-02-14,Mercedes C-Class,South,5.0,49400.0,247000.0,183286.46,63713.54
1111,2024-07-26,Mercedes GLC,West,1.0,53400.0,53400.0,38845.32,14554.68
183,2023-04-16,Mercedes S-Class,East,1.0,117800.0,117800.0,79470.57,38329.43
1887,2025-07-24,Mercedes GLC,East,9.0,48200.0,433800.0,320490.69,113309.31
62,2023-01-31,Mercedes E-Class,West,1.0,73100.0,73100.0,51169.77,21930.23
453,2023-09-05,Mercedes E-Class,South,1.0,67800.0,67800.0,49030.2,18769.8
2004,2025-09-19,Mercedes C-Class,South,5.0,52800.0,264000.0,188806.31,75193.69
1536,2025-02-09,Mercedes GLC,South,6.0,53300.0,319800.0,224320.27,95479.73
631,2023-11-27,Mercedes C-Class,South,7.0,50900.0,356300.0,252981.15,103318.85
1213,2024-09-15,Mercedes C-Class,North,8.0,45100.0,360800.0,261878.63,98921.37
163,2023-04-02,Mercedes E-Class,North,6.0,515200.0,386400.0,268257.92,118142.08
1267,2024-10-12,Mercedes GLC,West,9.0,54300.0,488700.0,357459.78,131240.22
1010,2024-06-05,Mercedes E-Class,North,4.0,73900.0,295600.0,206244.2,89355.8
1169,2024-08-22,Mercedes E-Class,North,4.0,64300.0,257200.0,187606.7,69593.3
729,2024-01-12,Mercedes GLS,North,3.0,84400.0,253200.0,174012.79,79187.21
1556,2025-02-20,Mercedes GLE,North,7.0,68800.0,481600.0,338087.66,143512.34
1396,2024-12-09,Mercedes GLS,West,4.0,94600.0,378400.0,272416.22,105983.78
876,2024-03-28,Mercedes A-Class,South,4.0,41000.0,164000.0,121776.82,42223.18
2099,2025-11-07,Mercedes GLC,South,7.0,49300.0,345100.0,252660.29,92439.71
358,2023-07-25,Mercedes S-Class,West,1.0,133400.0,133400.0,89612.05,43787.95
254,2023-05-25,Mercedes GLC,East,8.0,52600.0,420800.0,306186.71,114613.29
1400,2024-12-12,Mercedes S-Class,North,2.0,124800.0,249600.0,174485.45,75114.55
97,2023-02-21,Mercedes GLS,East,3.0,87600.0,262800.0,181510.48,81289.52
245,2023-05-21,Mercedes GLS,North,6.0,84700.0,508200.0,359488.47,148711.53
114,2023-03-01,Mercedes A-Class,West,9.0,35300.0,317700.0,240549.32,77150.68
527,2023-10-11,Mercedes A-Class,South,3.0,41000.0,123000.0,90382.47,32617.53
1779,2025-06-06,Mercedes S-Class,North,1.0,135500.0,135500.0,91570.89,43929.11
1461,2025-01-07,Mercedes S-Class,North,6.0,120600.0,723600.0,485878.98,237721.02
1451,2025-01-03,Mercedes GLS,West,4.0,87700.0,350800.0,252348.62,98451.38
1743,2025-05-18,Mercedes E-Class,South,3.0,68300.0,204900.0,145069.58,59830.42
745,2024-01-20,Mercedes C-Class,East,7.0,48500.0,339500.0,243111.19,96388.81
1110,2024-07-26,Mercedes GLS,East,1.0,80700.0,80700.0,56072.07,24627.93
137,2023-03-21,Mercedes GLE,North,2.0,75700.0,151400.0,105813.06,45586.94
1441,2024-12-31,Mercedes E-Class,North,7.0,66300.0,464100.0,328522.84,135577.16
13,2023-01-08,Mercedes GLC,North,6.0,53100.0,318600.0,226773.74,91826.26
392,2023-08-08,Mercedes C-Class,East,4.0,47000.0,188000.0,136148.26,51851.74
1875,2025-07-17,Mercedes C-Class,North,6.0,45500.0,273000.0,195750.69,77249.31
1877,2025-07-18,Mercedes GLE,East,4.0,63100.0,252400.0,182144.44,70255.56
1909,2025-08-03,Mercedes A-Class,East,6.0,37000.0,222000.0,166464.1,55535.9
1188,2024-09-03,Mercedes C-Class,West,5.0,54300.0,271500.0,198278.22,73221.78
1416,2024-12-20,Mercedes E-Class,North,5.0,70800.0,354000.0,250089.81,103910.19
2096,2025-11-07,Mercedes GLC,East,10.0,57400.0,574000.0,405787.01,168212.99
2054,2025-10-10,Mercedes A-Class,East,8.0,34100.0,272800.0,198260.78,74539.22
1311,2024-10-29,Mercedes A-Class,West,6.0,37300.0,223800.0,161535.57,62264.43
1786,2025-06-09,Mercedes E-Class,East,3.0,71000.0,213000.0,153133.13,59866.87
506,2023-09-30,Mercedes GLC,West,6.0,52000.0,312000.0,226329.21,85670.79
1289,2024-10-21,Mercedes GLS,North,2.0,90100.0,180200.0,125308.65,54891.35
1307,2024-10-28,Mercedes A-Class,South,7.0,40900.0,286300.0,211486.3,74813.7
493,2023-09-24,Mercedes GLS,North,6.0,90800.0,544800.0,626520.0,-81720.0
294,2023-06-17,Mercedes GLC,South,5.0,52500.0,262500.0,184045.97,78454.03
1863,2025-07-12,Mercedes S-Class,North,4.0,137100.0,548400.0,370640.61,177759.39
207,2023-05-01,Mercedes GLE,North,5.0,77700.0,388500.0,282225.46,106274.54
807,2024-02-20,Mercedes C-Class,East,8.0,53300.0,426400.0,319554.87,106845.13
1257,2024-10-07,Mercedes G-Class,South,1.0,172500.0,172500.0,114941.35,57558.65
2165,2025-12-12,Mercedes S-Class,West,3.0,121500.0,364500.0,250743.47,113756.53
714,2024-01-05,Mercedes C-Class,East,6.0,52100.0,312600.0,224168.39,88431.61
817,2024-02-26,Mercedes S-Class,South,1.0,120800.0,120800.0,80005.61,40794.39
1916,2025-08-07,Mercedes GLE,North,3.0,75800.0,227400.0,162847.47,64552.53
80,2023-02-11,Mercedes C-Class,East,4.0,53400.0,213600.0,158394.97,55205.03
883,2024-03-31,Mercedes C-Class,North,5.0,49200.0,246000.0,175693.23,70306.77
1936,2025-08-20,Mercedes E-Class,South,4.0,60700.0,242800.0,171289.39,71510.61
1026,2024-06-13,Mercedes E-Class,South,6.0,71200.0,427200.0,306539.08,120660.92
401,2023-08-12,Mercedes A-Class,North,6.0,35200.0,211200.0,155498.22,55701.78
2158,2025-12-11,Mercedes A-Class,South,8.0,41900.0,335200.0,242230.48,92969.52
1708,2025-04-30,Mercedes GLC,East,7.0,48200.0,337400.0,248582.48,88817.52
2126,2025-11-24,Mercedes GLC,South,7.0,52900.0,370300.0,268370.63,101929.37
158,2023-03-30,Mercedes GLC,North,9.0,48600.0,437400.0,312551.92,124848.08
1533,2025-02-08,Mercedes A-Class,East,1.0,35000.0,35000.0,25219.07,9780.93
1679,2025-04-14,Mercedes GLS,North,4.0,85800.0,343200.0,245118.46,98081.54
492,2023-09-23,Mercedes A-Class,West,4.0,35400.0,141600.0,102129.13,39470.87
1844,2025-07-02,Mercedes GLE,South,4.0,62200.0,248800.0,177525.16,71274.84
1288,2024-10-21,Mercedes C-Class,South,9.0,50100.0,450900.0,328113.79,122786.21
292,2023-06-16,Mercedes C-Class,South,7.0,54600.0,382200.0,281771.46,100428.54
2086,2025-11-04,Mercedes GLS,East,1.0,87700.0,87700.0,62228.14,25471.86
1364,2024-11-21,Mercedes E-Class,South,7.0,65100.0,455700.0,330701.98,124998.02
726,2024-01-11,Mercedes GLC,West,4.0,57200.0,228800.0,163112.5,65687.5
681,2023-12-23,Mercedes GLE,West,4.0,74700.0,298800.0,208574.12,90225.88
2002,2025-09-19,Mercedes C-Class,South,5.0,45600.0,228000.0,167438.03,60561.97
1402,2024-12-12,Mercedes GLS,West,1.0,97900.0,97900.0,70138.89,27761.11
402,2023-08-12,Mercedes GLC,West,10.0,58400.0,584000.0,412680.71,171319.29
1472,2025-01-11,Mercedes GLC,South,5.0,55600.0,278000.0,203815.23,74184.77
1330,2024-11-06,Mercedes A-Class,West,2.0,35000.0,70000.0,80500.0,-10500.0
1181,2024-08-28,Mercedes GLS,West,5.0,88400.0,442000.0,508299.99999999994,-66299.99999999994
1411,2024-12-18,Mercedes S-Class,West,3.0,126600.0,379800.0,256441.48,123358.52
180,2023-04-14,Mercedes GLC,North,4.0,51500.0,206000.0,146245.75,59754.25
922,2024-04-18,Mercedes G-Class,North,2.0,158600.0,317200.0,205411.87,111788.13
1689,2025-04-19,Mercedes GLC,West,11.0,52300.0,575300.0,410809.87,164490.13
1688,2025-04-19,Mercedes G-Class,North,3.0,150300.0,450900.0,305983.36,144916.64
79,2023-02-10,Mercedes GLC,South,5.0,55000.0,275000.0,203365.5,71634.5
1735,2025-05-13,Mercedes GLE,West,7.0,75000.0,525000.0,377334.07,147665.93
987,2024-05-21,Mercedes A-Class,East,5.0,34300.0,171500.0,126072.1,45427.9
1677,2025-04-13,Mercedes GLC,West,10.0,50300.0,503000.0,354050.25,148949.75
2155,2025-12-09,Mercedes E-Class,East,7.0,61500.0,430500.0,307868.56,122631.44
1459,2025-01-07,Mercedes GLE,West,5.0,74700.0,373500.0,267005.33,106494.67
1572,2025-02-26,Mercedes GLC,South,4.0,56200.0,224800.0,161782.45,63017.55
1117,2024-07-29,Mercedes C-Class,North,5.0,48000.0,240000.0,176196.69,63803.31
737,2024-01-15,Mercedes GLE,West,6.0,65100.0,390600.0,281053.96,109546.04
695,2023-12-30,Mercedes A-Class,West,6.0,38500.0,231000.0,172742.45,58257.55
320,2023-07-02,Mercedes GLC,North,5.0,59500.0,297500.0,210274.46,87225.54
1668,2025-04-07,Mercedes C-Class,North,6.0,46400.0,278400.0,206997.18,71402.82
1734,2025-05-13,Mercedes GLS,North,1.0,89500.0,89500.0,61529.86,27970.14
485,2023-09-21,Mercedes A-Class,West,7.0,35200.0,246400.0,180289.23,66110.77
1720,2025-05-06,Mercedes GLE,North,3.0,77600.0,232800.0,166394.97,66405.03
199,2023-04-27,Mercedes S-Class,East,3.0,139000.0,417000.0,285145.19,131854.81
1129,2024-08-03,Mercedes A-Class,West,6.0,35700.0,214200.0,155272.11,58927.89
2152,2025-12-09,Mercedes G-Class,South,5.0,157300.0,786500.0,518083.93,268416.07
818,2024-02-26,Mercedes E-Class,West,5.0,70400.0,352000.0,243938.03,108061.97
1549,2025-02-16,Mercedes A-Class,East,3.0,41200.0,123600.0,90942.57,32657.43
712,2024-01-04,Mercedes GLE,East,2.0,67000.0,134000.0,92516.7,41483.3
1893,2025-07-26,Mercedes GLE,South,5.0,72500.0,362500.0,263542.67,98957.33
621,2023-11-20,Mercedes GLS,South,2.0,88800.0,177600.0,127757.29,49842.71
2195,2025-12-28,Mercedes C-Class,North,9.0,51600.0,464400.0,339756.46,124643.54
1047,2024-06-25,Mercedes GLE,East,5.0,71800.0,359000.0,255724.12,103275.88
439,2023-08-31,Mercedes GLC,East,4.0,55900.0,223600.0,157533.7,66066.3
246,2023-05-21,Mercedes GLS,South,2.0,83600.0,167200.0,117827.37,49372.63
134,2023-03-17,Mercedes GLE,West,4.0,66700.0,266800.0,184559.5,82240.5
1143,2024-08-10,Mercedes A-Class,South,5.0,34600.0,173000.0,130540.61,42459.39
1907,2025-08-02,Mercedes GLS,West,2.0,92900.0,185800.0,126887.61,58912.39
815,2024-02-25,Mercedes C-Class,North,5.0,45800.0,229000.0,169598.84,59401.16
647,2023-12-05,Mercedes GLE,South,5.0,75400.0,377000.0,273996.69,103003.31
1771,2025-06-01,Mercedes C-Class,South,7.0,50600.0,354200.0,252235.13,101964.87
1566,2025-02-25,Mercedes GLS,East,1.0,89900.0,89900.0,62009.37,27890.63
863,2024-03-22,Mercedes GLE,South,4.0,64100.0,256400.0,177846.52,78553.48
900,2024-04-08,Mercedes C-Class,East,5.0,50200.0,251000.0,187167.62,63832.38
408,2023-08-16,Mercedes GLC,West,6.0,52100.0,312600.0,223441.99,89158.01
155,2023-03-27,Mercedes GLE,East,4.0,65000.0,260000.0,180327.55,79672.45
1030,2024-06-15,Mercedes GLC,East,6.0,50000.0,300000.0,210702.12,89297.88
279,2023-06-10,Mercedes GLE,East,3.0,70000.0,210000.0,153084.32,56915.68
1705,2025-04-27,Mercedes GLE,West,4.0,77400.0,309600.0,223799.91,85800.09
795,2024-02-13,Mercedes GLC,South,4.0,57600.0,230400.0,163804.84,66595.16
1340,2024-11-10,Mercedes C-Class,South,5.0,47300.0,236500.0,172865.1,63634.9
1884,2025-07-20,Mercedes GLS,North,3.0,91000.0,273000.0,186890.35,86109.65
116,2023-03-06,Mercedes GLE,West,3.0,63500.0,190500.0,131872.6,58627.4
1233,2024-09-25,Mercedes A-Class,North,8.0,38400.0,307200.0,222255.12,84944.88
1612,2025-03-14,Mercedes A-Class,North,6.0,34600.0,207600.0,153376.1,54223.9
597,2023-11-08,Mercedes A-Class,East,8.0,35300.0,282400.0,207955.74,74444.26
2024,2025-09-26,Mercedes GLS,West,3.0,84400.0,253200.0,175580.32,77619.68
1930,2025-08-17,Mercedes E-Class,East,3.0,70800.0,212400.0,150476.06,61923.94
1358,2024-11-18,Mercedes A-Class,North,0.0,34200.0,171000.0,123566.78,47433.22
209,2023-05-01,Mercedes GLE,South,5.0,69600.0,348000.0,243228.8,104771.2
1033,2024-06-17,Mercedes GLC,East,3.0,50100.0,150300.0,108775.24,41524.76
1247,2024-10-03,Mercedes C-Class,West,6.0,52000.0,312000.0,221578.82,90421.18
469,2023-09-14,Mercedes E-Class,East,4.0,69400.0,277600.0,198661.52,78938.48
540,2023-10-14,Mercedes GLC,North,10.0,56700.0,567000.0,401682.08,165317.92
1540,2025-02-11,Mercedes GLC,South,5.0,53700.0,268500.0,196133.36,72366.64
836,2024-03-07,Mercedes GLS,South,1.0,99900.0,99900.0,69665.68,30234.32
1941,2025-08-24,Mercedes A-Class,West,3.0,34300.0,102900.0,77240.15,25659.85
240,2023-05-17,Mercedes GLE,East,2.0,62900.0,125800.0,88867.01,36932.99
1578,2025-03-01,Mercedes GLS,South,4.0,85600.0,342400.0,241269.41,101130.59
689,2023-12-26,Mercedes E-Class,East,7.0,63900.0,447300.0,316932.65,130367.35
242,2023-05-18,Mercedes C-Class,East,8.0,51200.0,409600.0,303490.26,106109.74
264,2023-06-02,Mercedes C-Class,North,6.0,47100.0,282600.0,204909.85,77690.15
1939,2025-08-23,Mercedes GLC,West,7.0,58500.0,409500.0,298703.01,110796.99
1962,2025-09-02,Mercedes GLC,East,8.0,49400.0,395200.0,283825.98,111374.02
1345,2024-11-13,Mercedes A-Class,North,8.0,40400.0,323200.0,239417.93,83782.07
178,2023-04-11,Mercedes GLC,East,8.0,50300.0,402400.0,288755.06,113644.94
937,2024-04-26,Mercedes A-Class,North,4.0,34700.0,138800.0,100386.59,38413.41
307,2023-06-24,Mercedes S-Class,North,1.0,139400.0,139400.0,96410.3,42989.7
1013,2024-06-07,Mercedes A-Class,West,6.0,40200.0,241200.0,179676.0,61524.0
1226,2024-09-21,Mercedes A-Class,South,4.0,41600.0,166400.0,122876.11,43523.89
83,2023-02-13,Mercedes GLE,West,1.0,72300.0,72300.0,52504.92,19795.08
2039,2025-10-02,Mercedes C-Class,East,9.0,47200.0,424800.0,303914.3,120885.7
86,2023-02-14,Mercedes C-Class,West,4.0,53500.0,214000.0,160015.06,53984.94
1728,2025-05-11,Mercedes GLC,West,7.0,52400.0,366800.0,266780.13,100019.87
154,2023-03-27,Mercedes GLS,North,1.0,80100.0,80100.0,57502.12,22597.88
1179,2024-08-28,Mercedes GLE,South,7.0,70900.0,496300.0,346255.41,150044.59
1430,2024-12-25,Mercedes C-Class,North,8.0,54600.0,436800.0,326129.62,110670.38
1934,2025-08-19,Mercedes E-Class,South,4.0,73500.0,294000.0,205880.69,88119.31
523,2023-10-10,Mercedes GLE,North,7.0,66900.0,468300.0,336335.61,131964.39
1442,2025-01-01,Mercedes GLC,West,4.0,57500.0,230000.0,166779.96,63220.04
1750,2025-05-22,Mercedes C-Class,West,8.0,48700.0,389600.0,289642.6,99957.4
1406,2024-12-15,Mercedes C-Class,West,7.0,50000.0,350000.0,255788.93,94211.07
824,2024-02-29,Mercedes E-Class,North,4.0,72000.0,288000.0,210228.33,77771.67
2044,2025-10-03,Mercedes A-Class,West,7.0,41400.0,289800.0,216062.32,73737.68
620,2023-11-19,Mercedes GLC,South,8.0,53000.0,424000.0,299367.41,124632.59
1008,2024-06-01,Mercedes GLC,West,4.0,56300.0,225200.0,165626.95,59573.05
711,2024-01-03,Mercedes GLC,South,10.0,49800.0,498000.0,354811.86,143188.14
1818,2025-06-21,Mercedes E-Class,South,5.0,61000.0,305000.0,217243.61,87756.39
739,2024-01-17,Mercedes A-Class,West,6.0,37200.0,223200.0,162467.68,60732.32
1502,2025-01-26,Mercedes A-Class,East,4.0,36000.0,144000.0,108398.42,35601.58
1054,2024-06-28,Mercedes A-Class,South,4.0,34500.0,138000.0,103610.1,34389.9
1460,2025-01-07,Mercedes C-Class,North,5.0,45500.0,227500.0,161795.14,65704.86
967,2024-05-13,Mercedes G-Class,South,4.0,174700.0,698800.0,453545.16,245254.84
524,2023-10-10,Mercedes GLS,North,6.0,100000.0,600000.0,426057.2,173942.8
907,2024-04-10,Mercedes GLE,West,5.0,65800.0,329000.0,235495.02,93504.98
2156,2025-12-10,Mercedes C-Class,East,10.0,51600.0,516000.0,372474.53,143525.47
1723,2025-05-08,Mercedes GLC,East,6.0,55000.0,330000.0,239644.97,90355.03
286,2023-06-12,Mercedes E-Class,West,6.0,74600.0,447600.0,313283.69,134316.31
779,2024-02-08,Mercedes GLE,West,5.0,67700.0,338500.0,239784.22,98715.78
376,2023-08-01,Mercedes E-Class,East,5.0,75000.0,375000.0,267849.61,107150.39
842,2024-03-09,Mercedes G-Class,North,6.0,154000.0,924000.0,593429.64,330570.36
299,2023-06-20,Mercedes A-Class,North,6.0,39800.0,238800.0,180913.43,57886.57
827,2024-03-02,Mercedes A-Class,East,5.0,37800.0,189000.0,138522.36,50477.64
1273,2024-10-14,Mercedes GLS,South,5.0,85200.0,426000.0,304810.35,121189.65
306,2023-06-24,Mercedes GLC,South,5.0,51200.0,256000.0,185645.47,70354.53
1044,2024-06-23,Mercedes E-Class,South,2.0,68100.0,136200.0,96451.82,39748.18
44,2023-01-22,Mercedes GLS,South,3.0,92500.0,277500.0,193089.7,84410.3
2021,2025-09-24,Mercedes A-Class,East,7.0,36400.0,254800.0,192679.65,62120.35
1570,2025-02-25,Mercedes C-Class,West,7.0,53300.0,373100.0,274207.71,98892.29
1068,2024-07-08,Mercedes C-Class,East,6.0,48400.0,290400.0,209849.4,80550.6
1650,2025-04-02,Mercedes A-Class,West,6.0,39800.0,238800.0,177685.44,61114.56
1580,2025-03-03,Mercedes E-Class,East,7.0,72300.0,506100.0,357683.79,148416.21
2196,2025-12-29,Mercedes GLC,South,7.0,49500.0,346500.0,243180.85,103319.15
2120,2025-11-20,Mercedes C-Class,North,10.0,54500.0,545000.0,394675.22,150324.78
1957,2025-08-31,Mercedes GLE,North,4.0,77100.0,308400.0,214833.01,93566.99
1624,2025-03-21,Mercedes G-Class,South,1.0,149600.0,149600.0,100200.1,49399.9
657,2023-12-08,Mercedes GLC,East,10.0,54400.0,544000.0,397763.05,146236.95
1251,2024-10-04,Mercedes E-Class,South,8.0,70000.0,560000.0,397759.54,162240.46
699,2024-01-01,Mercedes E-Class,South,1.0,74900.0,74900.0,52858.6,22041.4
34,2023-01-18,Mercedes GLE,South,2.0,62200.0,124400.0,86884.7,37515.3
686,2023-12-25,Mercedes GLE,West,6.0,68700.0,412200.0,298228.43,113971.57
1,2023-01-01,Mercedes GLC,West,9.0,51000.0,459000.0,337908.81,121091.19
1160,2024-08-17,Mercedes GLC,East,5.0,57600.0,288000.0,212090.73,75909.27
1490,2025-01-20,Mercedes C-Class,East,7.0,50700.0,354900.0,263871.23,91028.77
2174,2025-12-19,Mercedes A-Class,East,7.0,34300.0,240100.0,181943.97,58156.03
1215,2024-09-15,Mercedes E-Class,East,4.0,73400.0,293600.0,209188.03,84411.97
1764,2025-05-29,Mercedes GLS,South,2.0,87800.0,175600.0,124358.06,51241.94
23,2023-01-14,Mercedes C-Class,West,7.0,47700.0,333900.0,247875.94,86024.06
244,2023-05-19,Mercedes C-Class,West,7.0,47700.0,333900.0,245287.22,88612.78
886,2024-04-01,Mercedes GLE,South,5.0,63100.0,315500.0,227679.82,87820.18
945,2024-04-29,Mercedes A-Class,North,7.0,37900.0,265300.0,199000.36,66299.64
1073,2024-07-10,Mercedes C-Class,East,4.0,46500.0,186000.0,133863.89,52136.11
2071,2025-10-22,Mercedes C-Class,North,9.0,53000.0,477000.0,345810.84,131189.16
1420,2024-12-22,Mercedes GLE,North,5.0,65500.0,327500.0,235873.06,91626.94
1357,2024-11-18,Mercedes GLE,East,3.0,73800.0,221400.0,153251.41,68148.59
1492,2025-01-21,Mercedes GLC,East,4.0,48400.0,193600.0,135813.23,57786.77
854,2024-03-16,Mercedes C-Class,North,4.0,52200.0,208800.0,149269.48,59530.52
1978,2025-09-09,Mercedes S-Class,North,2.0,121800.0,243600.0,162540.61,81059.39
1747,2025-05-19,Mercedes C-Class,North,4.0,45900.0,183600.0,134361.96,49238.04
983,2024-05-21,Mercedes GLC,North,6.0,58100.0,348600.0,250777.22,97822.78
2029,2025-09-28,Mercedes A-Class,North,2.0,40100.0,80200.0,59826.3,20373.7
2040,2025-10-02,Mercedes GLC,South,8.0,59600.0,476800.0,339105.88,137694.12
1399,2024-12-11,Mercedes A-Class,West,8.0,36300.0,290400.0,217051.08,73348.92
1895,2025-07-28,Mercedes GLE,West,4.0,72900.0,291600.0,211661.05,79938.95
1089,2024-07-17,Mercedes GLC,East,3.0,58400.0,175200.0,123763.69,51436.31
929,2024-04-22,Mercedes C-Class,North,8.0,48600.0,388800.0,276092.1,112707.9
860,2024-03-20,Mercedes A-Class,North,7.0,36700.0,256900.0,188169.76,68730.24
1694,2025-04-21,Mercedes E-Class,West,5.0,61900.0,309500.0,219589.16,89910.84
1228,2024-09-23,Mercedes E-Class,West,4.0,70600.0,282400.0,199531.07,82868.93
1849,2025-07-04,Mercedes GLE,South,9.0,67200.0,604800.0,433337.22,171462.78
1707,2025-04-29,Mercedes GLE,East,6.0,72400.0,434400.0,304748.2,129651.8
997,2024-05-26,Mercedes GLS,South,1.0,81700.0,81700.0,57266.49,24433.51
145,2023-03-24,Mercedes GLC,South,9.0,54200.0,487800.0,354096.18,133703.82
2168,2025-12-15,Mercedes GLE,West,5.0,72100.0,360500.0,256310.85,104189.15
1249,2024-10-03,Mercedes A-Class,North,5.0,41100.0,205500.0,148469.66,57030.34
1522,2025-02-03,Mercedes G-Class,North,7.0,143300.0,1003100.0,642488.7,360611.3
1684,2025-04-18,Mercedes C-Class,North,5.0,50600.0,253000.0,188380.05,64619.95
355,2023-07-24,Mercedes S-Class,North,1.0,130800.0,130800.0,89821.46,40978.54
414,2023-08-19,Mercedes E-Class,West,5.0,68000.0,340000.0,235793.13,104206.87
963,2024-05-11,Mercedes S-Class,East,4.0,126900.0,507600.0,349361.97,158238.03
231,2023-05-13,Mercedes GLC,East,6.0,52100.0,312600.0,222300.06,90299.94
1525,2025-02-05,Mercedes A-Class,East,5.0,34000.0,170000.0,126138.84,43861.16
241,2023-05-18,Mercedes S-Class,North,1.0,117500.0,117500.0,77707.81,39792.19
1651,2025-04-02,Mercedes GLC,North,5.0,50400.0,252000.0,177222.21,74777.79
1006,2024-05-30,Mercedes GLE,West,3.0,74100.0,222300.0,154956.72,67343.28
291,2023-06-16,Mercedes GLS,North,3.0,95700.0,287100.0,197150.81,89949.19
2,2023-01-01,Mercedes A-Class,West,3.0,34600.0,103800.0,75602.75,28197.25
1985,2025-09-12,Mercedes G-Class,North,3.0,142800.0,428400.0,277050.84,151349.16
329,2023-07-08,Mercedes GLC,South,7.0,48700.0,340900.0,244713.89,96186.11
2176,2025-12-20,Mercedes C-Class,West,5.0,49600.0,248000.0,178343.57,69656.43
927,2024-04-21,Mercedes GLE,East,3.0,62800.0,188400.0,133110.64,55289.36
1561,2025-02-22,Mercedes C-Class,North,4.0,53100.0,212400.0,154225.27,58174.73
262,2023-05-31,Mercedes E-Class,West,2.0,61200.0,122400.0,85211.07,37188.93
389,2023-08-07,Mercedes A-Class,South,5.0,39900.0,199500.0,148190.25,51309.75
843,2024-03-10,Mercedes GLS,North,3.0,92800.0,278400.0,198073.74,80326.26
641,2023-11-30,Mercedes GLC,South,7.0,49200.0,344400.0,243209.15,101190.85
1077,2024-07-13,Mercedes S-Class,South,1.0,125400.0,125400.0,85055.24,40344.76
435,2023-08-29,Mercedes E-Class,West,6.0,74600.0,447600.0,319837.15,127762.85
2043,2025-10-03,Mercedes GLC,North,7.0,51800.0,362600.0,258619.3,103980.7
2107,2025-11-13,Mercedes GLE,South,6.0,63900.0,383400.0,265226.71,118173.29
444,2023-09-02,Mercedes A-Class,West,1.0,36700.0,36700.0,26562.23,10137.77
960,2024-05-08,Mercedes C-Class,West,5.0,51200.0,256000.0,186618.65,69381.35
2098,2025-11-07,Mercedes A-Class,North,10.0,40000.0,400000.0,303357.71,96642.29
1337,2024-11-09,Mercedes A-Class,South,5.0,41200.0,206000.0,149640.98,56359.02
1511,2025-01-31,Mercedes GLC,East,9.0,54800.0,493200.0,348513.78,144686.22
396,2023-08-10,Mercedes E-Class,North,7.0,69800.0,488600.0,345279.46,143320.54
2178,2025-12-22,Mercedes A-Class,East,5.0,38100.0,190500.0,144063.13,46436.87
1037,2024-06-20,Mercedes GLC,East,8.0,55000.0,440000.0,309906.89,130093.11
831,2024-03-04,Mercedes G-Class,West,2.0,156800.0,313600.0,202524.81,111075.19
953,2024-05-05,Mercedes GLE,South,1.0,70800.0,70800.0,51048.26,19751.74
239,2023-05-17,Mercedes A-Class,North,5.0,38800.0,194000.0,142487.25,51512.75
957,2024-05-07,Mercedes C-Class,West,6.0,46900.0,281400.0,205153.64,76246.36
1654,2025-04-03,Mercedes E-Class,North,8.0,63800.0,510400.0,362697.78,147702.22
1321,2024-11-02,Mercedes C-Class,North,3.0,55100.0,165300.0,118826.68,46473.32
437,2023-08-30,Mercedes GLE,North,7.0,74300.0,520100.0,364527.28,155572.72
1559,2025-02-22,Mercedes C-Class,East,6.0,51800.0,310800.0,223662.0,87138.0
578,2023-10-31,Mercedes GLC,West,4.0,49600.0,198400.0,139535.08,58864.92
1150,2024-08-13,Mercedes GLC,South,7.0,56800.0,397600.0,289517.17,108082.83
919,2024-04-16,Mercedes E-Class,South,3.0,65800.0,197400.0,140768.91,56631.09
1788,2025-06-10,Mercedes A-Class,East,2.0,39200.0,78400.0,59395.06,19004.94
2105,2025-11-12,Mercedes C-Class,North,8.0,53100.0,424800.0,302508.92,122291.08
502,2023-09-29,Mercedes GLS,North,2.0,85000.0,170000.0,120778.02,49221.98
349,2023-07-19,Mercedes GLS,East,1.0,89100.0,89100.0,62246.67,26853.33
383,2023-08-06,Mercedes C-Class,West,4.0,52900.0,211600.0,152414.17,59185.83
